1.68,1.68,0.91,-0.00,0.64
1.68,1.68,0.91,-0.00,0.64
1.68,1.68,0.91,-0.00,1.06
5.70,5.70,13.53,6.93,14.92
10.94,10.94,24.36,14.34,21.60
11.81,11.81,23.74,11.81,21.42
11.83,11.83,23.77,11.34,21.16
12.02,12.02,23.92,10.98,21.09
12.18,12.18,24.08,10.66,21.00
12.28,12.28,24.22,10.35,20.86
12.33,12.33,24.38,10.08,20.70
12.32,12.32,24.52,9.84,20.56
12.28,12.28,24.65,9.64,20.44
12.23,12.23,24.77,9.46,20.32
12.16,12.16,24.90,9.30,20.20
12.08,12.08,25.02,9.17,20.06
11.97,11.97,25.14,9.06,19.93
11.86,11.86,25.25,8.97,19.82
11.74,11.74,25.35,8.92,19.70
11.62,11.62,25.44,8.89,19.60
11.56,11.56,25.51,8.89,19.48
11.58,11.58,25.57,8.91,19.36
11.70,11.70,25.61,8.96,19.23
11.88,11.88,25.63,9.01,19.07
12.04,12.04,25.63,9.06,18.91
12.12,12.12,25.60,9.08,18.73
12.00,12.00,25.42,8.90,18.45
11.82,11.82,24.93,7.62,18.09
11.33,11.33,24.55,10.27,17.85
11.37,11.37,20.93,14.78,17.68
14.51,14.51,21.80,17.12,17.31
15.36,15.36,20.14,17.89,17.17
13.84,13.84,24.33,21.37,21.35
12.71,12.71,16.80,24.11,27.40
11.32,11.32,14.87,17.85,35.99
21.39,21.39,30.44,29.70,63.15
14.29,14.29,25.30,31.69,82.17
9.88,9.88,22.20,28.20,81.31
14.44,14.44,26.72,36.09,80.02
18.77,18.77,26.87,40.65,78.97
19.47,19.47,27.01,29.98,78.70
14.05,14.05,31.08,24.68,77.48
15.08,15.08,33.37,33.06,76.40
13.04,13.04,27.89,30.34,75.64
10.36,10.36,27.38,28.96,74.18
13.85,13.85,26.27,36.03,72.17
19.46,19.46,28.19,36.46,67.31
17.25,17.25,26.25,31.50,68.72
16.19,16.19,28.10,32.02,70.91
18.75,18.75,30.81,28.19,67.44
19.81,19.81,35.57,34.73,68.17
22.56,22.56,36.92,36.00,69.66
22.86,22.86,39.36,38.04,68.67
21.01,21.01,36.14,35.09,67.71
18.79,18.79,28.58,33.98,65.80
13.60,13.60,25.43,30.46,67.90
24.37,24.37,31.05,31.79,67.68
26.60,26.60,34.75,26.04,71.46
19.43,19.43,28.93,27.08,73.41
17.97,17.97,26.57,28.30,72.21
18.21,18.21,27.16,31.00,71.44
21.46,21.46,28.25,28.81,71.32
23.29,23.29,31.66,29.66,70.65
29.45,29.45,29.78,30.77,70.66
28.89,28.89,27.67,28.51,70.94
28.01,28.01,21.26,30.18,71.10
22.73,22.73,14.50,30.01,69.56
29.15,29.15,24.96,29.75,71.22
32.60,32.60,26.06,30.66,77.25
27.80,27.80,22.99,29.07,81.23
24.82,24.82,25.70,29.56,80.06
25.51,25.51,26.46,37.33,78.67
25.02,25.02,28.91,34.18,77.66
24.86,24.86,30.05,35.79,76.71
23.84,23.84,31.55,35.40,75.16
23.00,23.00,30.12,36.20,74.42
20.34,20.34,23.64,32.89,72.23
21.15,21.15,21.21,34.19,71.47
29.42,29.42,29.65,34.35,70.84
29.81,29.81,27.62,35.41,73.89
27.90,27.90,25.34,32.81,70.69
27.46,27.46,24.81,38.31,70.58
27.63,27.63,31.58,39.12,70.90
27.37,27.37,35.54,35.45,70.03
27.52,27.52,35.37,32.95,69.71
27.49,27.49,34.15,34.95,69.36
26.99,26.99,35.87,39.06,69.59
20.88,20.88,30.31,37.89,68.99
19.70,19.70,26.78,34.85,69.03
23.66,23.66,27.84,32.73,70.23
18.04,18.04,25.08,28.54,71.95
22.18,22.18,26.18,32.02,69.51
24.38,24.38,29.61,35.11,69.83
24.05,24.05,32.05,37.59,69.47
25.19,25.19,36.47,32.78,69.65
24.46,24.46,35.54,37.65,68.51
19.26,19.26,32.56,39.97,67.12
18.85,18.85,29.06,32.45,68.38
13.71,13.71,18.54,19.12,68.50
23.70,23.70,21.80,26.20,68.98
30.11,30.11,25.67,35.80,81.04
25.15,25.15,18.66,33.74,81.73
21.88,21.88,17.27,34.24,80.78
24.02,24.02,19.82,39.88,78.84
23.93,23.93,23.66,40.38,77.95
29.42,29.42,25.86,34.20,77.03
33.26,33.26,27.03,37.52,74.99
30.01,30.01,28.95,40.14,74.28
26.26,26.26,21.66,35.32,73.11
25.16,25.16,20.98,35.72,71.83
29.35,29.35,27.40,32.40,71.27
26.77,26.77,24.63,31.40,71.52
26.16,26.16,24.14,30.82,67.63
26.40,26.40,25.37,37.03,66.24
26.06,26.06,32.88,37.94,66.00
27.79,27.79,35.65,35.49,67.80
29.34,29.34,39.17,38.17,65.07
31.14,31.14,38.24,37.06,65.83
30.81,30.81,37.77,38.35,66.07
27.09,27.09,33.51,34.40,64.79
26.48,26.48,28.46,35.02,66.26
27.13,27.13,31.17,38.68,68.21
21.27,21.27,27.76,34.62,69.04
25.23,25.23,29.88,36.76,68.30
27.54,27.54,30.57,34.19,67.26
27.56,27.56,35.52,37.37,66.67
27.14,27.14,37.10,35.07,66.64
27.74,27.74,36.22,36.53,66.51
26.25,26.25,36.11,36.92,63.66
24.23,24.23,31.19,36.46,65.09
17.35,17.35,25.42,36.72,63.98
25.99,25.99,25.57,34.54,62.43
31.17,31.17,30.41,38.63,78.36
22.84,22.84,21.06,32.90,81.36
22.39,22.39,18.66,29.97,79.77
27.38,27.38,23.01,37.56,78.33
29.54,29.54,22.97,40.20,76.98
31.28,31.28,28.15,33.66,75.85
33.39,33.39,30.71,34.97,74.31
31.48,31.48,27.62,32.45,73.75
23.61,23.61,22.50,34.40,73.18
19.19,19.19,18.49,34.64,67.20
28.19,28.19,35.20,34.69,68.24
25.69,25.69,36.00,34.37,74.59
21.16,21.16,30.77,30.74,71.79
25.60,25.60,23.87,35.68,72.50
27.74,27.74,22.63,33.25,70.44
28.38,28.38,26.83,37.01,72.25
30.86,30.86,32.15,38.15,71.87
32.78,32.78,33.56,38.16,70.59
32.94,32.94,31.04,37.55,70.74
27.46,27.46,31.05,37.35,70.56
23.78,23.78,29.39,36.78,70.83
23.75,23.75,25.85,36.70,72.16
26.28,26.28,29.76,28.54,70.97
20.85,20.85,25.37,34.08,71.17
24.81,24.81,23.45,32.85,70.63
28.25,28.25,28.11,33.89,70.56
28.65,28.65,33.45,34.44,70.37
27.83,27.83,34.78,32.90,70.31
26.30,26.30,29.26,34.06,69.20
24.97,24.97,23.45,36.37,70.18
18.44,18.44,17.93,29.96,69.03
23.28,23.28,19.11,25.18,68.62
31.26,31.26,27.41,38.21,76.91
25.06,25.06,20.44,31.15,81.42
21.32,21.32,17.55,33.07,80.63
23.07,23.07,19.27,38.77,78.45
23.84,23.84,21.11,38.21,77.80
24.17,24.17,23.70,35.29,76.89
29.33,29.33,24.77,35.24,74.43
29.66,29.66,27.12,36.52,73.64
25.75,25.75,23.75,33.30,71.62
21.75,21.75,21.91,35.29,68.11
24.75,24.75,24.80,36.26,64.42
24.73,24.73,26.71,35.08,70.63
25.33,25.33,24.13,29.82,70.23
27.57,27.57,24.65,35.21,66.09
28.99,28.99,25.98,31.56,66.91
29.26,29.26,37.11,32.22,65.91
29.70,29.70,38.32,37.41,65.92
31.78,31.78,38.62,34.50,67.69
29.43,29.43,34.59,36.96,65.82
25.97,25.97,29.72,33.41,65.12
20.08,20.08,26.96,33.61,65.25
27.05,27.05,29.14,30.89,67.34
22.62,22.62,27.03,31.29,67.70
21.84,21.84,24.68,29.34,69.88
25.91,25.91,26.13,34.26,68.61
27.18,27.18,31.32,35.46,67.29
27.96,27.96,35.93,32.84,65.26
27.04,27.04,35.35,26.94,66.06
25.48,25.48,33.67,30.55,67.05
22.85,22.85,32.99,31.80,67.16
17.76,17.76,23.58,33.15,66.26
13.14,13.14,15.40,32.05,64.32
14.92,14.92,13.97,33.40,69.76
17.87,17.87,17.77,30.58,78.24
19.81,19.81,22.51,28.74,79.18
24.71,24.71,28.94,31.62,77.10
28.13,28.13,33.69,36.68,75.71
27.40,27.40,34.47,29.93,74.84
27.86,27.86,33.84,37.52,74.18
30.47,30.47,33.01,34.19,72.60
29.37,29.37,36.35,30.71,71.21
27.20,27.20,26.63,30.49,69.66
27.18,27.18,25.13,31.20,71.97
30.48,30.48,28.51,30.40,68.18
28.92,28.92,27.71,31.48,68.45
29.06,29.06,29.29,32.91,68.55
30.46,30.46,30.35,32.09,67.59
28.88,28.88,32.49,31.28,67.53
27.16,27.16,35.43,31.42,65.81
28.05,28.05,35.36,29.02,66.51
27.26,27.26,31.34,33.32,65.16
19.52,19.52,31.43,32.23,64.89
15.22,15.22,27.04,35.72,65.81
26.82,26.82,32.19,31.61,67.24
23.21,23.21,31.33,35.22,74.60
19.69,19.69,25.93,26.07,75.58
18.28,18.28,23.30,33.92,74.22
18.62,18.62,28.28,38.63,73.75
20.81,20.81,29.47,36.99,71.98
22.41,22.41,29.75,36.17,71.95
24.24,24.24,27.23,31.91,70.88
25.73,25.73,24.23,35.00,66.51
20.71,20.71,17.75,32.09,66.37
15.61,15.61,12.20,29.21,64.46
21.48,21.48,17.67,30.05,73.86
21.67,21.67,16.56,32.90,81.86
19.41,19.41,21.05,31.54,81.18
22.17,22.17,21.22,33.25,79.73
23.94,23.94,25.87,40.08,78.04
27.54,27.54,30.87,32.09,76.86
31.42,31.42,33.19,34.59,76.47
33.01,33.01,29.89,38.41,75.37
29.39,29.39,33.44,36.26,74.11
22.08,22.08,29.06,29.34,71.95
23.43,23.43,22.15,34.71,72.98
27.93,27.93,29.66,32.42,70.52
25.59,25.59,26.26,28.98,69.20
27.25,27.25,22.71,36.92,70.71
29.66,29.66,24.24,38.07,69.39
33.55,33.55,29.81,34.56,69.40
32.23,32.23,32.30,34.49,69.23
32.95,32.95,35.09,33.64,69.38
29.19,29.19,32.51,34.73,68.78
27.52,27.52,26.96,35.95,67.07
22.52,22.52,21.30,34.94,68.23
30.04,30.04,30.33,33.97,68.82
33.98,33.98,32.98,37.36,68.69
31.85,31.85,28.14,31.26,68.92
31.85,31.85,26.11,30.52,67.87
30.97,30.97,28.54,36.20,68.63
32.03,32.03,35.42,34.72,67.83
32.46,32.46,33.60,35.04,66.09
32.00,32.00,36.41,30.07,66.24
32.30,32.30,27.16,30.22,65.11
28.99,28.99,23.45,30.22,65.61
20.88,20.88,14.33,31.70,66.57
24.83,24.83,16.87,35.06,70.64
26.36,26.36,15.46,34.26,82.08
26.96,26.96,14.45,29.64,81.47
31.51,31.51,22.74,33.85,79.79
35.67,35.67,25.59,40.53,77.93
36.36,36.36,32.61,32.81,76.73
35.17,35.17,32.55,33.60,75.62
31.29,31.29,34.00,37.00,74.48
29.82,29.82,34.17,39.18,73.51
27.30,27.30,28.04,33.34,72.26
24.18,24.18,23.46,32.73,66.49
31.61,31.61,38.62,33.72,72.39
30.25,30.25,35.81,26.18,71.59
32.38,32.38,29.04,34.59,73.11
33.57,33.57,25.42,33.90,71.50
33.36,33.36,28.94,36.54,72.59
33.13,33.13,30.86,34.86,72.13
33.79,33.79,32.99,34.74,72.34
33.60,33.60,32.23,35.86,72.62
27.73,27.73,29.61,38.13,70.73
24.11,24.11,24.86,35.63,71.58
20.05,20.05,22.72,36.62,72.78
18.09,18.09,27.29,32.35,72.12
16.39,16.39,26.18,29.32,75.07
18.15,18.15,28.41,33.22,74.57
21.54,21.54,32.59,33.66,73.03
24.13,24.13,34.54,31.78,72.89
26.89,26.89,32.10,31.48,73.23
34.67,34.67,38.79,33.83,70.41
34.99,34.99,38.18,32.68,64.79
28.29,28.29,31.81,25.39,60.50
22.75,22.75,26.53,27.24,61.57
26.72,26.72,27.78,31.56,70.68
23.58,23.58,24.05,34.14,77.75
21.34,21.34,19.08,31.01,79.59
22.61,22.61,17.02,31.24,72.16
22.55,22.55,24.01,39.48,70.55
21.67,21.67,19.96,29.84,71.37
25.91,25.91,20.98,25.71,68.93
28.35,28.35,24.80,33.72,71.45
28.04,28.04,22.21,35.78,71.12
21.72,21.72,20.93,35.88,70.23
18.57,18.57,20.43,33.31,65.40
22.87,22.87,30.94,29.29,73.35
19.91,19.91,24.06,28.16,79.46
25.03,25.03,24.79,27.55,78.47
29.44,29.44,29.91,28.63,78.14
31.30,31.30,31.06,31.11,77.39
32.62,32.62,35.67,29.99,78.03
35.82,35.82,36.87,25.84,78.64
37.37,37.37,38.72,27.65,77.47
37.11,37.11,35.39,31.57,76.42
35.16,35.16,27.88,27.17,76.31
27.16,27.16,24.24,30.68,74.77
29.99,29.99,29.20,32.31,77.72
22.72,22.72,24.03,33.56,77.08
22.08,22.08,24.91,32.31,76.13
25.66,25.66,26.50,33.17,75.52
31.41,31.41,30.44,37.25,74.86
36.44,36.44,34.50,34.68,74.03
36.17,36.17,36.33,33.72,71.87
36.57,36.57,38.66,34.40,71.91
33.64,33.64,31.51,33.04,72.82
30.67,30.67,21.73,25.59,73.05
26.42,26.42,17.90,27.99,71.71
25.96,25.96,16.05,31.14,76.75
22.88,22.88,15.42,23.77,77.58
24.68,24.68,18.98,34.96,73.26
29.42,29.42,24.18,41.77,69.11
30.70,30.70,25.76,36.78,69.18
31.32,31.32,25.44,32.71,67.13
32.42,32.42,31.57,34.29,70.10
30.90,30.90,28.43,35.30,69.89
28.31,28.31,25.75,35.46,65.92
24.40,24.40,21.42,34.12,65.24
28.18,28.18,28.61,34.85,73.27
25.92,25.92,23.57,29.89,76.67
24.40,24.40,24.09,31.36,74.68
23.38,23.38,27.12,30.96,73.58
26.40,26.40,33.09,27.96,73.48
27.09,27.09,35.84,32.51,74.11
29.49,29.49,36.97,31.66,73.32
32.10,32.10,38.44,31.94,73.06
28.71,28.71,33.25,27.31,72.45
25.41,25.41,27.14,30.38,72.42
20.57,20.57,23.25,32.91,70.16
32.53,32.53,30.41,29.20,73.56
29.14,29.14,25.59,29.60,74.22
27.91,27.91,23.88,29.85,73.01
29.18,29.18,28.70,32.03,71.72
29.54,29.54,31.99,36.57,71.45
32.85,32.85,31.69,34.55,70.69
36.24,36.24,30.91,30.96,67.60
37.94,37.94,29.03,36.19,68.29
36.18,36.18,26.27,33.47,67.68
31.78,31.78,16.80,29.99,69.54
22.32,22.32,14.26,28.08,65.06
25.72,25.72,15.49,28.93,76.69
23.00,23.00,15.95,28.66,76.51
21.03,21.03,17.09,33.16,70.48
23.89,23.89,24.68,36.81,68.82
26.70,26.70,26.29,39.40,68.44
27.58,27.58,26.80,35.96,67.52
31.62,31.62,28.28,33.31,70.84
29.04,29.04,27.67,35.54,67.38
26.04,26.04,23.88,37.40,67.57
20.08,20.08,17.59,30.85,64.47
25.34,25.34,25.72,32.04,63.92
24.22,24.22,26.07,28.92,79.16
24.63,24.63,21.55,26.78,77.06
24.71,24.71,26.78,25.77,77.46
22.78,22.78,29.15,30.35,77.81
33.90,33.90,32.35,24.77,77.11
34.58,34.58,39.59,30.44,77.43
32.32,32.32,39.89,31.84,77.13
33.28,33.28,31.68,26.69,76.21
28.54,28.54,29.44,30.40,76.03
32.82,32.82,26.51,31.63,76.46
33.22,33.22,31.88,33.17,75.19
28.85,28.85,26.20,32.61,77.88
27.65,27.65,25.23,31.39,73.92
25.95,25.95,26.85,34.54,74.48
25.47,25.47,33.30,35.26,73.63
29.69,29.69,34.17,35.27,72.70
32.59,32.59,35.37,31.89,69.54
35.04,35.04,33.83,33.84,67.93
30.04,30.04,30.44,32.06,69.51
23.13,23.13,19.57,23.84,69.53
19.64,19.64,18.63,20.33,71.12
24.04,24.04,18.78,24.09,77.90
22.06,22.06,15.58,26.38,79.65
20.69,20.69,13.84,30.96,74.96
22.02,22.02,18.33,30.59,72.10
22.07,22.07,21.38,31.84,72.41
21.93,21.93,20.47,29.35,71.36
24.57,24.57,23.75,29.43,72.99
25.66,25.66,24.59,32.02,73.35
21.89,21.89,24.58,35.03,71.17
17.87,17.87,21.90,31.85,68.30
21.48,21.48,25.12,31.30,72.81
23.67,23.67,24.15,23.89,76.53
19.08,19.08,22.62,27.05,76.61
20.29,20.29,26.30,33.45,76.34
21.56,21.56,30.25,35.87,75.48
26.61,26.61,31.19,34.25,75.44
28.05,28.05,30.97,32.39,76.93
29.38,29.38,35.86,34.18,76.64
31.69,31.69,36.17,33.69,74.87
29.81,29.81,33.92,30.76,75.13
29.26,29.26,27.06,33.00,75.73
32.52,32.52,27.60,30.47,75.70
30.29,30.29,26.15,31.48,75.67
25.33,25.33,23.16,28.19,72.96
31.18,31.18,25.52,31.02,72.55
33.08,33.08,30.59,32.79,72.04
38.04,38.04,31.38,32.48,70.97
34.99,34.99,31.25,33.93,69.40
34.82,34.82,31.01,27.75,69.19
32.79,32.79,28.00,27.03,69.44
29.11,29.11,21.59,32.47,69.07
22.35,22.35,14.25,24.46,67.16
25.69,25.69,18.72,24.16,77.00
21.56,21.56,14.79,23.71,80.33
17.54,17.54,14.54,22.02,75.66
17.29,17.29,16.75,29.98,71.70
17.30,17.30,21.47,36.42,72.49
20.53,20.53,20.35,27.27,71.01
20.75,20.75,22.45,30.30,72.59
21.36,21.36,22.53,37.66,73.05
17.63,17.63,20.20,36.31,71.47
17.43,17.43,20.00,27.57,68.25
25.01,25.01,25.63,29.11,75.82
27.31,27.31,21.91,29.11,77.85
26.00,26.00,22.63,24.71,76.26
21.44,21.44,26.76,36.79,76.33
25.16,25.16,29.23,36.75,75.31
26.96,26.96,31.41,30.92,76.40
25.59,25.59,32.83,34.11,76.86
28.82,28.82,35.37,28.10,76.46
24.78,24.78,34.57,36.40,74.73
23.86,23.86,34.56,37.04,75.08
24.47,24.47,31.89,35.15,75.92
30.14,30.14,30.26,32.74,77.82
27.02,27.02,28.11,33.22,76.00
25.53,25.53,28.31,39.25,75.44
25.73,25.73,27.87,32.66,74.34
24.28,24.28,29.89,33.14,74.06
30.18,30.18,30.95,35.72,72.85
32.26,32.26,32.78,34.95,72.43
35.85,35.85,33.15,31.22,71.15
32.61,32.61,30.14,32.45,72.20
28.51,28.51,29.32,33.83,71.92
19.11,19.11,20.66,32.19,71.55
21.45,21.45,18.89,27.65,74.55
17.67,17.67,16.79,29.65,78.37
18.57,18.57,13.14,30.58,76.87
16.87,16.87,13.91,30.07,72.59
15.77,15.77,20.22,39.95,73.44
19.76,19.76,24.27,32.86,72.07
17.45,17.45,25.44,34.88,73.09
18.78,18.78,28.01,38.05,73.02
18.35,18.35,29.07,39.14,72.30
16.15,16.15,29.40,33.60,71.11
18.74,18.74,27.37,30.10,65.93
24.10,24.10,28.04,30.93,77.30
22.90,22.90,25.28,27.94,78.12
25.39,25.39,28.77,33.75,78.94
29.55,29.55,31.15,30.24,78.43
31.15,31.15,36.30,39.61,78.14
30.87,30.87,34.36,34.97,78.89
35.26,35.26,34.49,33.28,78.66
30.98,30.98,33.03,36.72,77.15
31.86,31.86,33.63,38.36,76.61
28.28,28.28,33.84,38.02,77.15
30.47,30.47,33.05,37.89,77.10
33.98,33.98,37.79,34.87,77.80
30.59,30.59,31.59,36.48,76.24
30.95,30.95,31.22,27.87,75.19
30.02,30.02,32.73,31.28,73.68
31.50,31.50,36.39,31.40,72.96
32.94,32.94,35.27,28.92,75.31
33.77,33.77,33.33,29.35,74.87
32.23,32.23,32.33,35.41,75.89
33.59,33.59,28.21,32.60,74.51
24.88,24.88,25.64,37.92,73.71
20.72,20.72,20.17,33.23,72.15
26.32,26.32,19.81,27.83,79.53
31.29,31.29,21.67,27.44,76.35
36.52,36.52,29.18,31.23,69.26
34.41,34.41,34.43,33.23,71.07
33.43,33.43,36.40,33.54,72.72
31.92,31.92,30.87,31.72,73.06
29.64,29.64,36.90,33.67,72.08
31.36,31.36,33.34,32.91,71.51
34.21,34.21,32.12,31.91,69.99
41.98,41.98,37.11,26.02,69.54
57.44,57.44,34.71,20.27,77.86
55.03,55.03,34.83,13.03,77.51
56.98,56.98,23.27,15.89,77.10
56.44,56.44,22.59,15.39,76.35
72.90,72.90,27.35,16.11,76.45
79.46,79.46,28.70,15.10,75.24
80.73,80.73,30.21,24.21,73.72
84.04,84.04,31.71,31.76,69.48
82.82,82.82,31.87,38.09,59.18
79.38,79.38,33.32,38.13,59.90
80.59,80.59,33.75,30.13,65.14
79.56,79.56,33.15,29.24,71.46
80.31,80.31,34.82,35.46,74.40
79.95,79.95,31.76,34.25,74.02
80.12,80.12,26.73,24.88,73.25
79.23,79.23,31.52,32.05,72.05
73.85,73.85,37.11,37.43,70.66
72.48,72.48,45.84,39.65,70.41
73.66,73.66,37.86,46.77,69.08
71.78,71.78,36.20,44.77,71.30
71.02,71.02,30.89,44.57,69.77
71.05,71.05,30.69,34.30,74.37
72.03,72.03,35.06,31.53,78.33
65.44,65.44,24.72,30.60,74.55
78.25,78.25,21.88,30.81,71.80
82.48,82.48,27.63,34.07,69.43
81.12,81.12,27.61,39.65,67.11
79.92,79.92,27.39,37.19,67.50
81.60,81.60,27.56,35.72,68.65
82.18,82.18,26.92,32.35,68.81
82.49,82.49,27.90,30.95,67.33
82.08,82.08,27.46,35.74,67.30
81.47,81.47,29.03,31.99,69.43
79.40,79.40,28.34,27.49,79.98
77.28,77.28,23.06,32.64,78.19
74.85,74.85,21.14,30.49,78.43
73.81,73.81,24.97,35.64,78.83
65.61,65.61,33.76,43.77,78.67
64.15,64.15,35.22,42.05,78.79
64.39,64.39,33.56,41.78,77.45
68.81,68.81,30.82,38.51,76.39
76.34,76.34,28.67,33.33,76.27
80.10,80.10,28.19,32.84,76.58
84.17,84.17,28.61,35.78,77.51
82.23,82.23,31.10,38.30,76.38
80.25,80.25,32.85,36.95,73.97
80.07,80.07,33.91,36.75,71.63
78.61,78.61,31.14,35.66,68.38
81.14,81.14,32.74,31.28,65.62
81.11,81.11,34.72,29.13,63.46
81.40,81.40,34.97,35.50,61.92
79.89,79.89,35.06,40.15,59.53
78.82,78.82,36.82,35.23,60.53
78.33,78.33,36.96,40.35,59.44
78.07,78.07,38.04,41.13,69.87
81.26,81.26,40.29,43.05,79.94
81.38,81.38,40.56,38.35,78.87
83.21,83.21,41.04,31.29,77.71
84.48,84.48,40.69,33.70,75.55
82.86,82.86,40.62,32.33,72.60
82.62,82.62,41.88,28.23,69.51
83.02,83.02,42.05,30.03,66.67
82.90,82.90,42.37,30.99,63.90
82.01,82.01,41.12,29.24,64.18
81.63,81.63,42.06,25.59,62.79
82.04,82.04,41.35,23.87,70.69
81.11,81.11,42.20,15.66,72.78
81.53,81.53,43.94,22.71,72.53
80.29,80.29,43.11,23.41,71.95
79.56,79.56,42.11,29.77,71.17
80.22,80.22,42.78,23.89,71.97
79.32,79.32,41.67,26.45,72.49
79.04,79.04,42.39,26.38,72.07
79.52,79.52,43.54,27.60,71.46
79.80,79.80,43.04,28.70,70.37
80.41,80.41,46.80,33.54,70.22
80.20,80.20,46.24,29.42,73.78
79.19,79.19,44.64,24.56,72.16
79.22,79.22,44.57,24.13,71.39
79.86,79.86,43.62,21.79,71.66
79.70,79.70,43.65,22.87,71.73
80.10,80.10,39.37,28.61,70.91
79.74,79.74,37.15,27.12,70.11
78.31,78.31,37.55,26.54,70.28
76.66,76.66,37.51,39.17,69.61
76.41,76.41,40.90,38.93,67.96
78.98,78.98,39.51,34.26,71.67
82.98,82.98,32.70,36.11,76.11
82.15,82.15,30.23,40.30,78.40
77.28,77.28,30.35,42.51,77.15
79.59,79.59,30.93,43.21,75.92
78.41,78.41,28.00,45.21,75.63
77.34,77.34,29.43,41.81,73.68
76.97,76.97,30.04,41.34,71.61
76.49,76.49,31.73,31.72,70.26
78.94,78.94,34.67,28.79,68.16
78.18,78.18,37.57,28.05,62.17
79.56,79.56,34.96,32.38,65.95
77.65,77.65,35.69,19.01,68.28
77.82,77.82,35.99,23.68,64.54
76.76,76.76,34.00,22.37,65.81
77.44,77.44,39.83,27.09,65.85
76.93,76.93,29.57,22.79,64.68
76.50,76.50,28.43,29.00,64.75
76.51,76.51,27.43,33.84,66.25
74.45,74.45,30.37,37.20,65.66
78.45,78.45,28.07,45.48,66.68
78.97,78.97,26.28,37.62,64.46
75.86,75.86,23.85,40.17,66.87
79.26,79.26,25.34,32.48,66.39
78.61,78.61,22.72,36.05,66.36
76.19,76.19,25.54,33.69,66.61
68.52,68.52,27.42,37.43,64.98
63.79,63.79,28.57,40.45,66.37
64.58,64.58,29.32,52.36,67.60
62.15,62.15,24.72,51.52,67.34
58.41,58.41,17.12,48.17,65.99
62.96,62.96,13.36,38.82,66.66
75.97,75.97,19.64,34.36,76.17
79.40,79.40,20.47,37.34,79.67
81.23,81.23,21.73,35.83,78.92
77.63,77.63,25.05,39.52,77.04
77.47,77.47,29.86,39.94,76.38
75.28,75.28,34.77,39.39,75.63
77.80,77.80,35.43,38.77,74.47
76.73,76.73,29.93,34.51,73.48
77.43,77.43,25.98,35.43,73.33
75.93,75.93,23.32,31.90,71.25
76.60,76.60,22.21,28.03,65.31
77.22,77.22,24.12,38.61,65.31
77.16,77.16,25.50,46.34,68.30
76.52,76.52,31.19,45.65,65.71
75.86,75.86,33.10,36.50,66.24
76.89,76.89,39.59,31.82,67.08
76.28,76.28,43.08,34.50,66.90
75.53,75.53,40.56,31.14,68.62
75.82,75.82,28.89,33.19,69.25
76.17,76.17,22.23,30.42,68.89
73.23,73.23,26.83,35.19,65.20
75.83,75.83,24.65,30.60,68.44
80.34,80.34,23.71,30.81,69.74
80.35,80.35,22.18,31.77,69.22
80.66,80.66,24.06,30.18,69.72
79.14,79.14,23.26,34.75,67.80
72.98,72.98,22.36,36.52,68.06
62.47,62.47,30.25,46.25,66.57
63.08,63.08,29.72,48.97,67.25
60.92,60.92,29.55,47.07,67.65
56.33,56.33,23.63,52.34,66.68
59.51,59.51,16.22,51.23,68.86
68.16,68.16,24.66,37.03,71.23
73.36,73.36,25.55,34.82,80.14
79.97,79.97,25.27,33.90,79.56
76.06,76.06,26.35,26.49,78.71
78.76,78.76,24.76,33.03,77.05
77.54,77.54,24.87,33.92,76.91
78.16,78.16,23.59,33.00,76.04
76.85,76.85,24.16,30.74,73.76
76.38,76.38,26.00,26.45,72.18
78.14,78.14,29.04,26.96,72.13
77.72,77.72,30.76,26.96,70.90
78.21,78.21,30.04,25.09,74.21
78.24,78.24,27.27,28.77,73.52
78.73,78.73,27.95,28.28,72.40
78.23,78.23,26.03,22.51,73.17
77.03,77.03,28.60,22.65,72.04
78.41,78.41,27.98,20.08,71.23
77.73,77.73,31.31,26.35,71.18
78.42,78.42,29.26,21.59,69.40
78.52,78.52,33.24,23.42,69.46
78.05,78.05,30.27,17.72,71.69
77.02,77.02,31.24,21.71,73.73
75.16,75.16,30.02,22.48,75.11
74.23,74.23,25.48,22.12,76.35
70.16,70.16,23.05,18.99,75.04
69.31,69.31,25.56,22.02,74.59
64.92,64.92,28.42,26.59,75.07
64.47,64.47,29.43,22.67,74.81
66.93,66.93,29.41,40.87,74.97
59.94,59.94,25.87,44.83,74.64
50.48,50.48,20.91,42.46,75.18
52.45,52.45,20.83,40.74,75.36
58.15,58.15,36.73,40.08,77.05
54.04,54.04,31.00,42.34,80.59
51.44,51.44,29.18,45.74,80.69
53.55,53.55,32.48,49.49,77.54
49.81,49.81,37.05,49.90,76.13
47.83,47.83,38.78,44.83,77.61
48.78,48.78,44.69,44.10,74.22
52.03,52.03,44.23,42.07,72.79
53.71,53.71,42.59,45.29,73.41
55.64,55.64,37.09,38.78,73.63
53.88,53.88,34.86,33.17,73.37
48.19,48.19,38.57,40.00,72.42
44.17,44.17,39.38,44.43,73.09
44.09,44.09,44.18,37.91,72.95
42.83,42.83,39.71,38.74,71.83
45.59,45.59,38.18,40.17,72.20
44.54,44.54,44.82,48.34,72.11
46.61,46.61,41.26,45.62,71.71
48.77,48.77,40.45,47.47,70.90
46.84,46.84,42.52,46.06,70.98
45.76,45.76,43.81,43.10,70.19
39.46,39.46,40.17,37.40,72.60
31.76,31.76,40.37,43.76,72.34
33.40,33.40,41.52,39.34,75.95
34.68,34.68,40.48,36.26,74.44
33.95,33.95,39.39,42.47,74.21
37.27,37.27,44.48,38.20,74.69
42.19,42.19,44.44,44.65,74.67
45.78,45.78,43.52,44.34,73.12
50.36,50.36,40.73,45.92,73.04
52.15,52.15,39.56,46.59,72.86
52.56,52.56,33.77,47.72,73.22
51.65,51.65,33.06,46.72,72.57
51.68,51.68,32.14,34.57,78.67
51.15,51.15,31.75,37.97,80.77
50.21,50.21,36.38,44.18,79.16
51.98,51.98,41.34,43.42,78.11
48.75,48.75,45.20,40.91,76.88
44.43,44.43,40.63,39.43,76.10
41.80,41.80,41.25,44.20,74.46
42.23,42.23,41.48,42.71,71.05
44.51,44.51,35.04,45.69,70.55
51.56,51.56,34.32,38.69,70.65
56.74,56.74,32.42,34.94,70.27
65.81,65.81,35.42,24.61,68.03
74.91,74.91,32.10,25.01,67.06
76.61,76.61,29.88,16.23,65.65
75.83,75.83,30.69,7.14,64.48
78.04,78.04,30.22,1.51,65.48
78.02,78.02,30.90,4.60,64.37
78.44,78.44,28.75,14.25,63.98
80.91,80.91,32.29,17.40,63.76
79.81,79.81,36.52,25.86,64.94
81.68,81.68,32.25,33.95,65.46
81.44,81.44,24.61,34.75,68.64
78.64,78.64,30.15,40.69,72.96
72.78,72.78,42.18,47.11,73.54
71.22,71.22,43.45,49.91,73.79
71.77,71.77,36.31,52.09,74.38
71.27,71.27,44.22,51.94,73.56
64.10,64.10,39.59,52.72,73.32
54.63,54.63,20.93,49.91,73.46
61.55,61.55,22.99,42.20,70.60
65.90,65.90,28.23,39.40,65.59
76.52,76.52,25.04,38.41,63.67
79.78,79.78,24.99,34.23,78.36
77.86,77.86,24.68,35.63,80.68
76.65,76.65,26.20,28.58,79.49
74.47,74.47,27.13,35.43,78.69
73.49,73.49,25.67,43.65,77.88
73.10,73.10,27.51,45.30,76.40
73.33,73.33,31.05,39.68,74.56
72.27,72.27,26.98,42.52,73.48
75.28,75.28,23.83,34.12,72.34
77.09,77.09,31.96,41.52,69.10
77.67,77.67,39.73,42.68,65.63
78.94,78.94,35.49,37.84,67.94
79.54,79.54,36.23,33.56,68.27
79.32,79.32,36.62,28.08,68.32
78.79,78.79,35.90,29.08,68.11
79.36,79.36,43.90,31.35,66.38
79.73,79.73,39.62,30.06,65.91
73.23,73.23,42.41,31.09,66.59
64.16,64.16,44.47,33.08,65.55
65.03,65.03,42.31,38.29,65.95
64.14,64.14,40.04,44.20,68.19
60.89,60.89,32.99,48.60,70.21
61.46,61.46,28.45,43.26,69.87
64.28,64.28,27.96,42.24,66.66
80.19,80.19,20.14,33.57,67.08
81.84,81.84,20.33,31.96,67.41
78.29,78.29,22.75,36.13,66.97
76.48,76.48,25.73,41.81,64.76
78.97,78.97,29.47,44.37,64.80
77.66,77.66,27.15,44.96,63.93
78.42,78.42,24.99,44.94,64.79
78.22,78.22,24.63,45.75,65.88
77.48,77.48,25.29,46.44,75.25
76.63,76.63,26.01,45.12,81.70
78.61,78.61,24.12,42.88,79.84
78.11,78.11,22.19,41.26,78.02
69.50,69.50,29.08,41.82,77.08
68.54,68.54,35.42,48.58,75.97
68.68,68.68,38.75,47.47,74.03
69.32,69.32,34.04,50.90,72.46
67.66,67.66,33.21,49.18,68.93
67.99,67.99,36.21,42.50,69.58
64.81,64.81,33.41,33.72,73.72
60.25,60.25,39.43,33.53,72.53
60.23,60.23,32.38,38.34,71.53
60.32,60.32,37.48,42.10,72.25
63.85,63.85,31.32,37.74,72.73
72.31,72.31,22.69,33.64,73.46
83.09,83.09,24.16,31.03,70.36
82.59,82.59,24.14,36.15,71.36
81.03,81.03,23.25,33.05,71.06
80.25,80.25,21.08,29.74,71.14
72.27,72.27,28.00,35.53,72.18
62.99,62.99,28.02,37.98,73.25
60.75,60.75,28.32,42.19,72.86
64.66,64.66,32.54,48.05,73.06
69.19,69.19,35.25,41.45,72.97
70.56,70.56,35.99,41.67,71.29
67.84,67.84,38.69,47.69,69.51
66.61,66.61,38.20,53.45,66.41
59.56,59.56,34.53,53.06,63.45
58.91,58.91,33.67,49.30,62.78
61.23,61.23,28.73,39.77,55.73
67.17,67.17,22.11,36.39,57.41
78.78,78.78,16.13,40.46,72.87
80.17,80.17,17.84,37.37,78.68
75.75,75.75,16.90,32.72,77.87
77.17,77.17,23.70,32.48,74.65
78.10,78.10,30.79,30.57,73.37
78.05,78.05,35.17,29.15,73.11
79.20,79.20,36.61,17.74,71.63
80.59,80.59,36.11,17.94,68.88
81.35,81.35,33.02,22.87,71.31
78.53,78.53,32.75,24.77,71.11
78.69,78.69,34.92,24.98,73.65
75.81,75.81,28.76,35.09,78.60
77.29,77.29,29.38,27.03,76.43
76.07,76.07,29.93,28.57,76.48
76.04,76.04,29.68,33.71,77.28
73.56,73.56,31.17,40.00,78.00
68.18,68.18,36.20,45.68,78.55
60.85,60.85,34.68,48.75,78.33
60.21,60.21,35.01,43.69,77.65
61.60,61.60,33.63,44.24,77.86
59.59,59.59,33.41,41.62,77.32
57.76,57.76,32.65,48.43,77.98
55.81,55.81,33.19,41.28,79.80
52.36,52.36,33.81,43.85,76.50
50.96,50.96,34.57,44.44,76.60
51.50,51.50,39.08,43.24,76.45
52.04,52.04,43.69,42.63,76.40
51.36,51.36,36.92,48.06,73.54
48.20,48.20,40.07,42.48,72.87
45.63,45.63,39.20,40.63,72.74
43.50,43.50,36.19,41.69,72.07
45.56,45.56,30.11,36.68,70.05
42.54,42.54,30.35,34.31,78.30
42.29,42.29,37.80,39.49,79.27
39.31,39.31,34.82,37.70,75.08
40.39,40.39,35.04,39.23,72.09
42.62,42.62,39.01,41.49,69.52
44.63,44.63,37.45,38.60,69.43
48.23,48.23,40.35,39.33,71.65
52.46,52.46,41.80,41.73,72.32
53.08,53.08,38.32,42.90,70.60
55.64,55.64,45.11,44.57,64.78
55.26,55.26,44.13,41.45,68.21
55.27,55.27,40.07,39.93,78.69
54.67,54.67,39.76,35.68,77.94
52.92,52.92,41.21,37.20,76.94
49.07,49.07,43.69,40.18,77.41
47.68,47.68,39.94,39.96,76.42
48.72,48.72,41.90,40.91,77.74
46.66,46.66,39.02,42.42,77.05
52.88,52.88,37.87,39.32,76.64
64.18,64.18,33.68,37.14,74.61
76.37,76.37,32.05,32.71,74.59
80.64,80.64,37.76,30.38,74.00
79.53,79.53,35.97,33.22,72.92
79.53,79.53,35.30,36.94,73.37
78.75,78.75,34.05,39.50,71.97
62.80,62.80,31.99,40.54,70.06
54.91,54.91,34.56,48.70,71.05
56.57,56.57,31.50,53.62,69.72
54.73,54.73,26.23,53.56,69.84
58.97,58.97,20.81,51.76,69.49
70.30,70.30,19.89,43.81,72.19
72.29,72.29,20.01,39.77,73.29
76.72,76.72,16.19,40.86,74.07
83.11,83.11,16.18,43.48,73.76
85.95,85.95,22.24,38.58,70.91
82.27,82.27,26.05,39.02,66.76
79.67,79.67,27.83,42.82,66.33
79.59,79.59,27.43,36.17,67.03
80.02,80.02,27.32,33.86,67.52
79.96,79.96,24.85,35.20,68.01
79.26,79.26,24.08,36.83,67.58
80.04,80.04,23.46,38.59,62.64
78.80,78.80,27.13,44.18,63.54
78.18,78.18,27.70,45.14,72.70
76.71,76.71,27.25,28.82,74.50
76.78,76.78,31.51,42.74,73.47
77.88,77.88,34.91,45.28,72.65
79.91,79.91,31.64,33.23,72.30
77.46,77.46,32.94,36.33,72.36
77.22,77.22,29.40,29.93,71.64
76.73,76.73,38.26,30.02,71.63
80.42,80.42,45.02,30.98,71.51
80.80,80.80,43.54,19.46,70.70
80.88,80.88,45.99,28.95,70.53
80.81,80.81,41.71,31.13,69.58
80.65,80.65,43.68,30.01,73.29
80.38,80.38,41.40,25.21,70.33
80.09,80.09,41.58,25.29,71.38
80.99,80.99,44.73,30.33,69.90
81.25,81.25,44.16,30.68,70.80
80.82,80.82,47.25,30.66,66.92
79.51,79.51,49.00,30.28,68.20
80.29,80.29,46.43,23.48,66.73
80.59,80.59,42.10,21.74,65.54
81.00,81.00,39.55,20.17,69.60
81.07,81.07,44.32,30.78,68.13
80.47,80.47,44.89,34.27,65.67
77.50,77.50,42.44,36.06,65.98
69.39,69.39,46.60,41.07,68.14
70.19,70.19,44.41,46.95,68.87
69.08,69.08,34.06,49.28,69.68
67.35,67.35,36.61,56.37,68.86
65.98,65.98,43.29,59.83,68.47
61.48,61.48,39.20,54.95,68.10
62.60,62.60,25.01,51.56,65.12
63.37,63.37,23.57,45.35,80.15
60.26,60.26,25.46,43.88,78.82
76.73,76.73,25.42,32.20,77.57
81.07,81.07,25.62,39.19,77.37
81.63,81.63,27.60,38.01,76.60
81.28,81.28,27.34,37.81,76.51
81.19,81.19,26.20,35.65,76.71
80.90,80.90,28.46,40.24,75.86
79.24,79.24,26.33,32.66,74.50
79.05,79.05,23.72,38.41,75.80
76.84,76.84,27.40,34.33,79.72
76.39,76.39,30.08,38.81,80.13
75.73,75.73,27.08,35.01,79.18
76.08,76.08,24.14,34.36,78.34
78.32,78.32,24.75,35.79,76.12
76.74,76.74,29.26,40.27,73.56
70.41,70.41,29.33,37.16,70.04
65.79,65.79,33.29,50.08,71.49
64.49,64.49,30.81,47.82,70.43
63.77,63.77,32.40,48.93,72.39
61.93,61.93,29.29,48.55,71.67
65.85,65.85,26.18,40.34,70.65
79.02,79.02,23.47,38.59,77.40
82.88,82.88,27.61,34.26,74.54
79.50,79.50,25.28,38.39,71.20
78.53,78.53,28.47,35.76,71.35
79.70,79.70,30.45,39.05,71.53
79.79,79.79,32.97,35.74,71.06
81.58,81.58,33.00,30.69,69.81
81.34,81.34,33.28,27.20,69.19
82.17,82.17,34.39,28.17,64.50
80.31,80.31,31.25,28.13,61.46
81.88,81.88,31.71,29.14,62.16
79.55,79.55,32.48,31.56,69.56
80.27,80.27,32.65,36.30,72.35
80.45,80.45,29.95,38.80,73.11
78.73,78.73,30.50,36.85,74.26
79.07,79.07,31.13,39.15,73.19
70.66,70.66,37.63,43.77,71.83
61.72,61.72,36.00,53.26,72.04
58.09,58.09,30.22,52.23,71.08
53.15,53.15,25.67,52.43,72.06
49.76,49.76,26.28,51.31,73.01
52.12,52.12,33.63,44.49,70.27
52.34,52.34,30.94,46.03,71.55
52.47,52.47,30.08,51.28,69.05
52.01,52.01,30.69,49.79,70.33
49.02,49.02,32.60,54.43,70.73
50.24,50.24,37.69,52.54,66.44
50.58,50.58,36.60,53.52,63.85
51.72,51.72,36.01,54.77,63.46
43.82,43.82,31.73,44.83,64.34
47.74,47.74,30.33,49.50,64.05
49.43,49.43,26.82,39.63,72.79
51.48,51.48,30.74,39.26,76.32
55.86,55.86,34.38,37.51,76.87
58.18,58.18,35.23,37.96,71.64
62.14,62.14,33.88,36.33,71.15
62.19,62.19,39.43,42.46,69.50
61.69,61.69,40.19,42.52,68.40
60.99,60.99,40.44,48.68,70.67
61.57,61.57,37.72,45.87,68.53
59.68,59.68,40.19,48.31,65.88
57.82,57.82,33.37,47.52,67.03
58.55,58.55,42.02,41.63,70.39
56.76,56.76,35.50,39.06,72.79
53.05,53.05,33.87,37.25,74.70
49.80,49.80,37.31,39.03,72.30
46.03,46.03,39.28,39.20,71.05
42.93,42.93,48.58,42.34,72.09
45.78,45.78,39.05,42.99,71.89
49.99,49.99,32.84,47.46,70.05
55.55,55.55,32.53,47.25,67.82
63.58,63.58,30.07,51.69,65.85
82.17,82.17,32.00,41.87,65.25
83.75,83.75,32.21,36.82,60.84
81.09,81.09,34.51,31.25,60.14
80.17,80.17,33.27,32.96,59.76
79.84,79.84,33.05,43.57,63.89
79.42,79.42,33.26,52.64,63.67
78.23,78.23,33.06,51.80,63.62
79.25,79.25,30.96,42.90,61.28
77.57,77.57,32.97,45.46,60.41
76.68,76.68,30.76,39.50,59.09
77.54,77.54,31.89,38.48,61.43
77.53,77.53,30.74,28.64,60.75
81.11,81.11,32.93,36.48,78.43
78.15,78.15,30.12,44.25,78.45
76.50,76.50,29.61,35.19,73.34
77.93,77.93,29.27,37.13,71.05
79.34,79.34,30.35,37.32,69.63
79.87,79.87,31.23,35.30,69.39
78.59,78.59,31.39,38.16,69.36
75.73,75.73,31.39,40.69,69.37
79.67,79.67,32.76,38.43,66.64
77.86,77.86,34.62,40.79,67.50
77.27,77.27,36.38,34.02,71.48
70.47,70.47,27.96,41.70,78.41
60.59,60.59,26.27,50.22,79.71
62.47,62.47,38.58,56.73,79.62
63.63,63.63,35.67,56.01,79.19
67.83,67.83,39.33,47.78,78.77
65.94,65.94,36.17,46.88,78.74
66.48,66.48,40.89,57.28,79.02
67.14,67.14,36.75,59.02,77.66
64.68,64.68,36.85,58.43,77.69
63.26,63.26,32.99,52.68,76.64
62.52,62.52,32.07,45.12,77.66
66.55,66.55,28.42,38.79,77.11
80.00,80.00,31.76,33.06,74.14
80.04,80.04,31.25,30.69,75.52
79.18,79.18,31.56,32.15,73.89
80.36,80.36,31.67,28.61,73.06
76.98,76.98,31.01,30.59,73.63
78.62,78.62,30.01,32.77,72.28
77.70,77.70,30.19,34.21,71.94
78.78,78.78,31.54,28.04,71.58
80.21,80.21,34.65,28.63,71.57
77.99,77.99,40.36,30.50,70.45
77.18,77.18,36.54,29.18,70.93
78.90,78.90,37.04,26.67,70.63
78.33,78.33,39.13,27.43,71.12
78.85,78.85,40.67,28.33,68.76
79.14,79.14,41.58,35.07,66.65
80.62,80.62,38.74,34.57,66.65
80.63,80.63,37.21,38.33,63.18
79.99,79.99,33.07,33.71,63.44
79.62,79.62,28.98,31.10,64.50
75.84,75.84,29.58,31.76,71.79
69.43,69.43,31.13,33.45,79.67
67.17,67.17,33.31,37.59,77.05
67.62,67.62,31.65,46.31,77.36
68.07,68.07,29.97,51.54,76.67
68.61,68.61,32.56,54.07,76.82
69.07,69.07,33.99,56.32,77.59
68.09,68.09,33.27,57.62,78.25
68.46,68.46,31.49,58.45,77.55
66.29,66.29,33.30,54.23,76.85
65.97,65.97,32.30,47.62,77.24
65.67,65.67,30.97,35.11,78.32
72.38,72.38,31.27,17.87,75.03
78.71,78.71,37.12,16.00,66.66
80.37,80.37,37.64,15.19,63.34
80.25,80.25,38.91,15.58,66.40
78.60,78.60,38.25,17.13,66.63
80.27,80.27,38.79,18.51,68.40
80.37,80.37,39.55,22.98,63.14
78.59,78.59,38.72,26.33,62.98
79.50,79.50,38.56,25.61,64.20
79.82,79.82,37.16,24.58,65.95
79.50,79.50,38.36,28.94,66.40
81.06,81.06,40.65,35.78,76.98
79.87,79.87,43.38,41.83,81.71
76.70,76.70,46.61,39.69,80.22
76.88,76.88,46.66,40.80,78.84
77.10,77.10,45.95,39.99,77.51
77.35,77.35,47.89,41.62,76.21
79.22,79.22,47.18,40.95,75.30
79.20,79.20,46.46,42.13,74.65
79.49,79.49,43.58,34.07,70.63
81.19,81.19,43.07,35.36,67.19
82.89,82.89,43.69,42.18,71.32
82.35,82.35,40.46,42.22,70.90
82.66,82.66,38.44,39.55,71.08
81.46,81.46,35.84,44.33,70.43
80.98,80.98,34.06,45.89,70.67
75.18,75.18,37.73,45.94,72.42
64.95,64.95,37.90,55.95,72.05
61.66,61.66,39.31,56.11,71.93
58.47,58.47,40.86,52.40,71.51
62.84,62.84,33.76,46.99,71.79
59.42,59.42,34.63,36.67,72.07
79.45,79.45,34.26,32.38,74.19
81.67,81.67,33.83,32.74,73.80
81.12,81.12,35.21,34.15,73.89
80.15,80.15,34.29,34.61,74.26
81.00,81.00,34.39,39.63,73.63
80.61,80.61,32.72,42.65,70.81
70.01,70.01,23.29,49.62,68.94
63.37,63.37,15.28,56.06,71.24
58.63,58.63,12.71,55.67,71.28
63.07,63.07,25.54,53.29,71.82
66.76,66.76,29.91,46.63,75.14
60.60,60.60,24.47,54.23,80.53
77.87,77.87,29.55,53.42,80.29
81.30,81.30,30.64,43.77,77.55
81.65,81.65,30.22,47.89,76.74
79.73,79.73,30.26,46.05,75.51
76.59,76.59,28.61,43.80,72.98
77.31,77.31,26.47,38.25,71.73
75.30,75.30,25.26,37.29,71.04
78.24,78.24,25.66,34.91,69.64
76.76,76.76,25.98,40.11,66.50
78.30,78.30,28.02,41.02,67.57
77.55,77.55,26.55,39.49,65.39
77.19,77.19,29.10,36.10,62.41
76.39,76.39,27.96,38.43,62.02
76.34,76.34,28.37,41.87,62.40
78.36,78.36,27.16,41.12,62.46
76.44,76.44,28.80,36.24,62.27
76.56,76.56,32.62,36.41,61.89
74.55,74.55,31.67,33.60,62.34
76.12,76.12,34.11,34.04,60.77
77.25,77.25,34.96,30.65,65.09
77.75,77.75,35.80,32.27,65.89
78.99,78.99,32.44,35.41,70.30
78.87,78.87,34.51,39.17,70.06
80.01,80.01,34.38,35.96,68.30
77.45,77.45,33.22,34.98,67.66
79.67,79.67,28.30,37.28,68.32
78.57,78.57,26.33,37.19,69.23
75.85,75.85,23.78,39.22,69.31
68.58,68.58,20.14,38.52,68.68
67.32,67.32,22.08,41.73,68.76
68.03,68.03,25.98,46.01,72.08
62.15,62.15,25.76,50.04,81.39
63.84,63.84,28.00,51.16,80.25
73.97,73.97,25.24,47.27,78.98
79.64,79.64,24.46,51.10,77.39
78.10,78.10,24.26,45.48,76.24
78.08,78.08,27.75,46.13,75.02
75.79,75.79,23.99,47.27,73.76
76.76,76.76,27.03,45.84,73.07
77.09,77.09,27.31,39.93,72.03
75.82,75.82,27.50,36.74,67.34
78.15,78.15,26.40,40.28,67.19
75.33,75.33,25.53,41.30,69.63
77.71,77.71,23.15,36.56,67.64
73.37,73.37,24.59,42.84,66.03
74.60,74.60,25.14,52.29,64.63
74.42,74.42,25.60,50.92,63.45
75.50,75.50,25.87,49.72,64.23
75.40,75.40,28.78,51.20,64.77
74.50,74.50,27.12,50.53,62.91
77.04,77.04,27.24,44.02,64.36
76.14,76.14,31.11,42.18,63.51
79.96,79.96,28.93,44.00,68.52
80.70,80.70,25.19,39.91,66.99
80.89,80.89,26.94,46.17,66.97
80.14,80.14,32.00,42.23,66.07
79.96,79.96,32.10,44.32,66.28
80.29,80.29,33.29,39.24,66.25
81.16,81.16,31.19,33.63,65.99
78.91,78.91,33.43,35.56,66.94
80.64,80.64,27.59,41.65,68.47
80.91,80.91,24.49,45.99,69.28
80.77,80.77,28.20,46.04,74.43
79.65,79.65,23.50,34.76,80.83
79.08,79.08,22.18,36.77,79.96
79.05,79.05,27.91,36.90,78.28
76.24,76.24,27.98,24.68,77.05
77.48,77.48,27.71,32.91,76.21
76.94,76.94,29.84,35.98,75.08
77.47,77.47,32.26,38.42,73.77
75.54,75.54,29.24,37.30,73.92
76.26,76.26,29.77,33.14,73.20
76.74,76.74,25.84,34.49,70.30
76.57,76.57,28.21,32.52,64.92
76.30,76.30,25.76,31.47,68.96
73.49,73.49,24.73,30.25,67.85
75.54,75.54,24.58,33.05,67.23
76.48,76.48,25.19,30.02,65.30
75.90,75.90,28.35,33.91,65.70
74.74,74.74,27.84,32.36,65.18
74.26,74.26,30.10,34.32,63.81
74.25,74.25,26.69,42.29,65.68
74.18,74.18,24.66,42.02,65.02
75.95,75.95,29.71,36.49,67.78
73.07,73.07,31.30,37.61,70.52
71.55,71.55,30.55,37.87,72.08
74.10,74.10,30.23,35.12,72.18
72.62,72.62,30.72,35.26,70.92
71.71,71.71,34.07,41.92,70.51
71.36,71.36,31.62,39.61,70.63
66.39,66.39,28.09,41.09,70.65
59.08,59.08,27.48,49.91,69.19
56.46,56.46,23.53,48.59,69.13
50.87,50.87,19.54,43.99,70.45
52.73,52.73,23.19,39.05,73.34
50.64,50.64,23.53,35.84,80.62
50.27,50.27,27.12,46.30,81.47
48.41,48.41,28.86,42.29,79.26
46.46,46.46,34.62,53.91,77.63
49.12,49.12,36.92,51.66,77.00
50.31,50.31,40.79,54.02,76.16
48.79,48.79,39.18,44.50,74.75
45.69,45.69,40.30,52.05,74.66
44.54,44.54,34.16,44.83,74.98
44.16,44.16,29.62,50.25,71.81
39.70,39.70,30.20,52.96,70.51
39.32,39.32,27.19,45.16,72.09
41.74,41.74,27.83,35.33,71.86
44.58,44.58,33.40,42.93,68.03
43.14,43.14,34.43,40.90,69.78
42.25,42.25,38.24,44.85,68.63
39.44,39.44,36.83,45.56,67.55
38.22,38.22,38.79,47.50,69.54
38.44,38.44,40.09,47.52,67.40
35.87,35.87,37.86,47.91,66.18
29.60,29.60,32.55,45.44,67.03
27.64,27.64,35.52,44.71,68.45
32.02,32.02,32.63,40.51,71.95
30.44,30.44,34.13,44.79,69.09
32.68,32.68,35.52,46.55,66.39
33.78,33.78,38.50,46.08,69.11
31.34,31.34,36.64,41.92,67.57
34.35,34.35,38.82,44.80,66.89
36.58,36.58,34.38,38.07,65.09
40.83,40.83,34.88,44.91,64.83
41.18,41.18,35.41,43.00,66.06
41.00,41.00,34.63,39.91,66.58
41.10,41.10,35.80,45.11,79.42
43.97,43.97,36.07,41.44,80.47
45.74,45.74,37.92,42.02,79.61
46.91,46.91,39.61,39.49,77.37
47.34,47.34,42.63,40.74,76.62
49.21,49.21,39.89,40.20,75.97
48.12,48.12,40.57,43.38,73.68
47.73,47.73,41.13,41.23,72.18
46.69,46.69,42.12,41.61,71.48
44.26,44.26,37.13,41.65,69.63
43.03,43.03,38.31,39.90,70.66
42.25,42.25,38.24,37.84,71.63
40.70,40.70,39.95,36.91,71.63
41.36,41.36,36.69,39.44,72.40
41.28,41.28,42.19,41.10,71.88
39.08,39.08,41.18,42.56,72.11
35.78,35.78,35.81,39.74,71.93
31.09,31.09,43.04,43.71,71.53
28.19,28.19,36.64,42.87,71.47
26.58,26.58,35.93,45.87,70.02
24.89,24.89,41.89,44.15,70.60
25.79,25.79,41.56,39.28,73.64
41.27,41.27,38.03,41.69,75.49
45.44,45.44,33.19,37.67,74.65
45.99,45.99,27.86,43.66,73.91
47.83,47.83,28.17,49.18,75.05
63.53,63.53,25.75,46.17,74.70
72.96,72.96,20.54,49.80,74.16
72.13,72.13,20.00,46.32,73.46
70.83,70.83,16.00,41.44,73.19
71.09,71.09,26.48,48.93,72.20
83.29,83.29,28.90,50.52,69.28
83.67,83.67,26.17,45.15,78.58
81.54,81.54,26.22,35.99,80.86
77.42,77.42,26.04,31.77,79.24
77.04,77.04,26.41,36.62,78.29
76.03,76.03,27.00,36.72,77.66
78.54,78.54,27.86,30.47,76.41
76.62,76.62,29.09,25.15,74.35
76.62,76.62,27.45,29.73,73.80
78.07,78.07,24.99,34.73,74.38
80.40,80.40,24.41,39.67,68.94
80.02,80.02,30.08,33.80,62.63
81.43,81.43,31.69,35.31,70.50
77.71,77.71,32.76,44.74,72.19
79.53,79.53,34.47,46.54,73.47
80.61,80.61,32.85,47.25,72.08
80.36,80.36,34.27,44.28,71.41
80.83,80.83,32.85,43.69,71.10
80.65,80.65,35.83,44.46,71.82
80.84,80.84,34.18,41.79,71.34
80.44,80.44,32.50,39.29,71.32
78.58,78.58,30.39,35.84,72.59
78.11,78.11,36.85,38.19,72.83
78.94,78.94,37.88,35.14,74.37
78.15,78.15,36.11,36.79,71.94
76.15,76.15,39.51,32.60,72.00
76.46,76.46,39.86,30.73,71.60
77.04,77.04,39.69,33.02,72.31
77.27,77.27,39.87,35.20,72.88
77.37,77.37,43.88,30.05,72.59
75.88,75.88,40.96,30.98,72.87
77.13,77.13,37.64,32.19,71.94
75.20,75.20,40.79,34.13,70.03
77.28,77.28,38.44,40.39,72.12
77.25,77.25,32.52,39.56,78.98
70.71,70.71,41.64,46.37,80.34
63.54,63.54,49.67,51.53,79.34
58.95,58.95,41.59,53.48,77.71
55.65,55.65,46.40,55.21,77.41
58.39,58.39,38.11,51.77,75.38
58.21,58.21,29.19,44.06,73.97
58.05,58.05,30.37,48.93,74.14
56.56,56.56,20.74,49.90,73.14
63.57,63.57,21.06,40.18,73.01
70.42,70.42,23.27,43.45,72.95
79.54,79.54,23.98,46.28,72.58
81.32,81.32,27.69,43.48,71.45
82.22,82.22,27.67,43.10,70.33
81.70,81.70,31.07,35.35,70.76
81.26,81.26,32.43,41.33,72.19
80.57,80.57,30.19,34.68,72.03
81.31,81.31,31.02,32.00,71.02
81.19,81.19,29.44,32.22,69.20
81.03,81.03,28.52,33.86,69.09
81.10,81.10,31.60,33.15,69.74
83.30,83.30,29.84,35.66,72.81
81.54,81.54,29.28,26.57,72.25
82.59,82.59,30.47,30.37,70.38
82.70,82.70,29.28,33.18,69.94
82.60,82.60,33.53,38.08,71.46
82.22,82.22,33.05,29.32,68.21
80.11,80.11,32.47,32.63,65.08
82.01,82.01,32.02,33.42,58.48
77.33,77.33,29.29,35.81,59.46
69.48,69.48,26.69,44.14,58.16
69.61,69.61,34.92,47.16,66.87
80.37,80.37,27.49,49.83,79.49
81.43,81.43,29.20,48.81,76.56
80.06,80.06,27.33,45.24,74.49
76.91,76.91,29.94,35.06,69.64
80.16,80.16,31.06,35.35,69.83
78.06,78.06,31.26,37.65,66.62
80.05,80.05,30.68,36.54,70.25
81.16,81.16,30.68,32.88,68.18
80.35,80.35,31.49,28.44,66.56
80.36,80.36,32.79,20.92,67.45
80.40,80.40,31.73,31.76,75.38
80.43,80.43,29.08,31.48,75.51
77.74,77.74,31.61,33.02,74.90
81.28,81.28,34.77,33.85,74.10
81.51,81.51,33.03,31.20,76.27
81.21,81.21,33.32,30.80,79.12
81.05,81.05,32.75,32.17,80.11
79.67,79.67,32.53,35.13,79.60
79.01,79.01,32.84,36.64,77.94
74.42,74.42,32.43,33.25,78.10
67.58,67.58,38.17,40.99,78.13
57.09,57.09,38.35,41.31,79.40
61.20,61.20,36.39,36.85,78.03
58.92,58.92,36.54,43.00,76.76
60.11,60.11,38.42,39.53,77.66
60.93,60.93,39.32,42.08,76.90
61.12,61.12,39.79,40.36,77.40
56.77,56.77,37.44,39.11,76.62
54.95,54.95,36.17,34.69,77.43
56.03,56.03,32.01,39.77,77.34
56.14,56.14,30.75,42.94,77.52
52.87,52.87,30.00,38.35,78.09
49.61,49.61,35.71,43.20,76.59
49.77,49.77,37.73,41.06,76.75
54.82,54.82,37.23,38.46,72.92
58.08,58.08,36.45,45.63,69.70
58.61,58.61,31.98,40.30,69.07
59.74,59.74,41.42,32.76,70.73
61.39,61.39,41.72,42.64,69.75
60.44,60.44,39.51,45.56,69.26
57.64,57.64,42.09,40.28,66.12
54.45,54.45,40.14,32.99,66.45
54.18,54.18,37.85,37.39,71.41
53.06,53.06,37.23,34.37,72.56
50.91,50.91,41.31,32.58,73.55
48.15,48.15,38.43,39.73,74.25
50.92,50.92,32.77,43.47,73.30
50.93,50.93,36.97,44.00,71.01
53.39,53.39,29.97,36.31,73.03
69.45,69.45,30.36,33.48,72.55
79.14,79.14,34.94,26.79,72.16
80.61,80.61,37.12,18.35,69.67
81.25,81.25,40.12,13.88,68.49
79.56,79.56,39.61,16.32,72.61
77.45,77.45,34.86,22.90,70.97
78.28,78.28,34.04,24.61,72.12
77.64,77.64,35.80,28.13,70.49
78.90,78.90,34.33,32.97,72.93
79.71,79.71,33.74,34.17,70.49
79.44,79.44,31.33,45.18,71.16
80.20,80.20,29.35,50.89,69.20
82.34,82.34,35.56,55.30,66.83
86.08,86.08,34.08,46.83,66.91
82.11,82.11,32.39,46.37,62.76
81.19,81.19,32.65,47.72,69.44
79.96,79.96,33.61,45.44,68.53
78.95,78.95,32.72,46.34,65.59
79.40,79.40,30.88,48.59,62.64
79.72,79.72,31.06,48.96,61.24
78.44,78.44,29.77,47.77,62.35
78.72,78.72,27.90,40.91,65.07
78.90,78.90,29.07,40.55,62.23
80.88,80.88,29.39,47.36,59.84
81.48,81.48,31.89,52.57,62.91
81.98,81.98,33.15,47.00,70.83
82.50,82.50,31.01,39.33,79.09
81.33,81.33,33.17,40.37,78.78
79.92,79.92,33.86,42.91,78.73
71.51,71.51,33.08,48.01,78.80
63.62,63.62,37.57,50.59,78.64
57.17,57.17,41.79,45.77,79.10
59.58,59.58,37.75,44.77,78.95
54.89,54.89,39.99,47.51,78.12
56.91,56.91,40.49,49.45,78.63
59.70,59.70,23.99,52.18,78.13
64.85,64.85,24.72,47.04,78.26
76.99,76.99,26.82,62.97,79.03
78.08,78.08,26.38,61.67,76.78
76.84,76.84,24.36,59.34,75.31
77.30,77.30,27.13,57.39,74.62
75.73,75.73,32.47,56.91,76.43
76.26,76.26,32.52,55.24,74.50
75.36,75.36,36.57,54.88,75.43
76.81,76.81,36.99,56.04,75.68
76.00,76.00,41.12,53.90,76.06
79.90,79.90,33.59,52.54,75.79
82.54,82.54,44.32,53.74,73.00
80.26,80.26,41.06,51.06,73.61
78.82,78.82,38.49,53.24,72.36
78.50,78.50,40.75,51.87,66.14
79.95,79.95,43.43,44.61,65.12
80.85,80.85,47.44,47.43,64.17
81.63,81.63,46.98,42.77,64.50
81.73,81.73,43.43,38.90,62.94
82.34,82.34,45.55,43.76,62.84
82.43,82.43,44.09,46.30,63.84
82.07,82.07,38.90,46.36,70.14
81.31,81.31,41.36,42.23,78.00
81.71,81.71,46.16,41.54,76.12
78.61,78.61,45.92,45.63,76.00
78.33,78.33,37.99,35.80,75.76
76.33,76.33,32.42,41.69,75.50
77.87,77.87,31.48,41.32,76.02
76.33,76.33,31.87,39.27,75.52
74.66,74.66,31.68,42.83,75.25
75.54,75.54,25.43,42.59,75.54
77.00,77.00,26.05,40.96,75.51
77.86,77.86,28.62,41.44,75.18
80.17,80.17,30.83,39.85,75.32
75.95,75.95,31.19,36.31,74.59
79.41,79.41,32.00,38.37,73.93
80.12,80.12,29.77,41.65,74.56
81.34,81.34,30.53,42.83,74.22
80.88,80.88,32.15,39.77,74.48
81.06,81.06,33.01,38.07,74.28
81.33,81.33,33.14,39.59,74.92
80.04,80.04,30.09,36.51,73.83
80.38,80.38,22.22,34.14,73.57
79.72,79.72,20.61,38.97,77.64
80.26,80.26,26.49,50.86,76.83
79.09,79.09,25.59,45.16,74.30
78.63,78.63,25.41,39.32,74.77
78.93,78.93,24.35,31.08,73.37
77.20,77.20,25.63,23.77,70.74
78.86,78.86,26.94,31.58,66.94
78.42,78.42,27.58,33.33,68.09
80.04,80.04,27.81,30.74,68.61
78.82,78.82,27.21,31.71,71.21
80.21,80.21,28.51,34.10,74.10
77.90,77.90,26.55,31.68,75.44
77.96,77.96,27.35,34.02,78.10
77.85,77.85,26.81,37.38,77.99
77.21,77.21,27.81,34.02,77.79
79.39,79.39,29.34,32.08,76.11
77.73,77.73,30.45,32.26,75.79
79.76,79.76,29.73,36.86,76.30
77.23,77.23,28.10,46.15,75.50
75.39,75.39,29.15,42.81,76.19
72.48,72.48,27.96,35.34,76.30
69.59,69.59,37.72,35.85,77.56
68.01,68.01,34.76,42.94,76.54
65.37,65.37,30.23,33.40,75.12
56.16,56.16,29.69,33.96,75.55
51.18,51.18,31.85,38.33,73.05
55.17,55.17,32.87,39.39,74.80
57.03,57.03,32.54,39.09,73.82
52.67,52.67,30.63,39.37,72.76
53.25,53.25,30.43,34.47,73.30
56.26,56.26,27.13,41.29,72.20
57.28,57.28,26.49,36.32,70.04
60.94,60.94,28.67,36.91,75.59
60.17,60.17,31.78,39.56,76.87
60.72,60.72,31.32,38.93,73.87
60.37,60.37,30.99,31.82,69.09
59.96,59.96,36.95,34.93,70.39
58.26,58.26,40.74,41.70,70.17
57.57,57.57,43.03,43.46,69.84
57.12,57.12,39.44,34.38,70.09
55.98,55.98,38.83,41.58,67.36
57.86,57.86,35.23,39.05,68.12
59.50,59.50,36.50,37.19,70.29
61.23,61.23,36.39,37.84,77.81
55.79,55.79,38.99,32.67,79.65
52.51,52.51,36.48,28.73,78.59
51.27,51.27,37.13,38.74,79.26
49.53,49.53,43.98,37.59,78.51
52.45,52.45,37.59,39.70,78.85
55.39,55.39,31.56,44.21,79.21
71.37,71.37,33.73,51.64,78.64
79.67,79.67,32.28,39.15,77.28
83.15,83.15,32.71,37.05,75.44
81.92,81.92,32.39,46.29,72.29
80.03,80.03,31.12,42.97,72.91
77.49,77.49,28.70,38.70,75.87
76.86,76.86,26.87,32.55,76.10
77.65,77.65,26.08,43.46,75.13
76.76,76.76,26.71,43.62,75.37
76.54,76.54,25.79,46.44,75.52
77.82,77.82,24.57,38.75,74.78
82.05,82.05,26.26,47.04,75.37
82.77,82.77,26.99,49.76,76.28
82.89,82.89,25.23,46.60,77.50
83.87,83.87,23.03,47.69,76.37
80.95,80.95,22.61,43.84,72.50
76.34,76.34,20.62,37.20,72.62
79.17,79.17,22.58,37.98,70.63
76.44,76.44,22.86,31.61,69.93
75.12,75.12,24.38,36.25,67.79
75.69,75.69,23.51,38.47,67.15
76.00,76.00,25.05,39.57,68.77
76.51,76.51,23.39,45.35,69.07
78.73,78.73,19.57,40.10,69.01
75.78,75.78,25.11,39.17,70.41
67.08,67.08,29.14,42.26,79.50
66.47,66.47,28.95,35.04,78.52
67.00,67.00,35.02,38.04,79.03
66.36,66.36,37.20,41.60,78.25
64.95,64.95,38.46,41.14,77.89
55.88,55.88,41.71,39.00,78.63
51.96,51.96,37.98,48.39,78.99
56.02,56.02,28.84,54.41,77.77
59.06,59.06,29.84,59.18,78.04
62.71,62.71,28.48,53.29,76.94
77.92,77.92,27.99,62.74,76.42
80.09,80.09,27.91,59.67,79.09
78.28,78.28,28.70,56.26,78.09
77.53,77.53,33.77,60.04,77.67
74.39,74.39,29.73,57.59,76.02
60.99,60.99,26.27,56.56,75.14
55.06,55.06,30.55,58.58,75.40
52.91,52.91,32.67,56.99,76.58
53.83,53.83,31.50,50.24,75.77
58.61,58.61,25.22,40.42,76.36
59.14,59.14,35.07,42.49,76.48
75.12,75.12,34.77,50.18,76.14
75.77,75.77,30.01,49.15,74.22
80.15,80.15,32.11,62.56,70.34
81.65,81.65,38.74,58.07,67.87
79.23,79.23,39.06,55.59,67.63
77.87,77.87,39.10,51.88,67.40
78.20,78.20,37.61,51.19,64.88
79.35,79.35,37.13,55.57,65.34
80.27,80.27,36.96,56.34,63.95
80.21,80.21,36.48,58.35,64.33
81.52,81.52,38.55,60.36,65.76
80.63,80.63,42.01,59.15,76.93
79.24,79.24,41.13,54.43,77.91
78.77,78.77,39.75,52.67,77.30
79.19,79.19,38.85,55.77,76.83
79.69,79.69,38.68,53.96,77.70
78.57,78.57,37.74,48.98,77.78
78.64,78.64,36.26,50.34,77.32
77.45,77.45,35.48,49.38,77.05
75.84,75.84,31.97,51.84,76.71
73.95,73.95,28.79,49.92,76.97
67.67,67.67,30.79,52.05,76.07
65.49,65.49,31.36,57.40,76.43
67.20,67.20,32.87,56.46,77.56
65.51,65.51,36.94,55.39,73.87
64.91,64.91,40.94,56.84,72.60
65.01,65.01,41.60,55.71,69.53
64.59,64.59,46.35,52.79,71.32
63.02,63.02,40.23,46.49,68.65
63.40,63.40,35.69,35.18,70.22
60.96,60.96,31.49,40.87,68.02
59.65,59.65,28.53,34.46,67.33
51.99,51.99,24.29,37.05,74.49
50.80,50.80,22.13,46.52,77.62
51.62,51.62,20.46,49.43,79.55
51.66,51.66,19.46,47.30,80.03
47.16,47.16,21.03,47.33,79.87
51.28,51.28,20.70,39.79,80.69
50.50,50.50,21.25,40.08,76.74
46.87,46.87,21.68,41.66,79.45
49.25,49.25,22.56,40.69,78.68
53.30,53.30,23.50,39.91,78.57
53.10,53.10,26.69,43.23,79.29
53.05,53.05,38.82,41.85,78.54
50.07,50.07,35.55,40.09,79.63
53.73,53.73,30.87,37.13,80.33
47.75,47.75,30.89,40.98,78.08
53.98,53.98,31.33,34.75,79.28
50.42,50.42,33.16,39.75,78.59
51.22,51.22,34.75,38.90,79.01
51.83,51.83,37.07,37.78,79.16
50.30,50.30,38.03,39.01,75.80
51.91,51.91,36.70,37.98,77.90
49.86,49.86,39.38,39.49,79.05
50.36,50.36,40.63,39.97,79.63
47.03,47.03,36.56,41.11,79.37
45.64,45.64,33.88,41.55,79.33
44.50,44.50,30.92,44.46,77.74
41.37,41.37,30.45,45.35,78.70
37.96,37.96,29.64,45.72,77.31
41.51,41.51,27.23,44.16,76.65
47.44,47.44,25.86,44.62,78.00
57.23,57.23,24.15,41.14,75.55
65.14,65.14,25.74,35.66,75.89
74.49,74.49,31.12,37.44,75.36
80.09,80.09,32.24,32.60,78.90
76.83,76.83,33.36,25.88,78.63
75.73,75.73,33.57,26.05,77.11
77.71,77.71,32.83,27.32,76.04
77.27,77.27,31.43,27.17,75.90
77.72,77.72,30.63,25.15,76.14
78.36,78.36,30.91,33.62,76.17
77.26,77.26,30.21,31.58,74.90
78.10,78.10,30.61,34.90,74.46
79.43,79.43,28.88,35.99,74.29
78.36,78.36,29.36,33.05,73.00
80.06,80.06,27.91,29.25,74.09
78.60,78.60,28.25,28.84,74.31
74.81,74.81,29.15,29.79,72.70
76.05,76.05,27.58,31.79,74.20
75.23,75.23,28.05,28.02,72.92
75.84,75.84,28.67,30.74,71.50
74.34,74.34,28.21,26.19,72.82
74.32,74.32,30.49,29.98,72.95
77.05,77.05,27.96,29.54,71.36
78.33,78.33,30.37,32.34,74.16
79.11,79.11,32.16,33.70,75.48
80.28,80.28,29.23,33.70,74.19
79.68,79.68,31.18,30.99,72.99
79.60,79.60,33.04,31.21,73.50
80.35,80.35,30.95,31.65,71.76
81.02,81.02,30.87,29.86,72.63
82.24,82.24,30.82,33.02,73.03
81.72,81.72,30.58,33.40,73.37
80.78,80.78,28.33,28.59,71.78
81.17,81.17,25.16,26.37,71.42
79.84,79.84,28.75,29.35,74.81
78.27,78.27,33.88,32.61,73.72
76.86,76.86,30.67,35.63,75.33
80.13,80.13,30.03,33.37,77.05
78.30,78.30,29.25,34.57,75.89
79.38,79.38,28.08,31.01,74.16
79.62,79.62,28.57,31.91,73.77
78.03,78.03,27.97,28.70,74.73
78.48,78.48,26.28,26.39,71.52
77.21,77.21,27.53,30.41,73.30
79.70,79.70,27.29,31.98,73.25
80.73,80.73,28.91,31.64,72.80
78.02,78.02,26.01,30.75,72.29
77.09,77.09,28.67,31.43,73.67
77.72,77.72,26.90,29.64,71.16
79.77,79.77,25.21,32.33,74.09
78.27,78.27,26.76,30.69,74.74
81.51,81.51,29.37,28.57,70.33
80.61,80.61,28.75,28.65,71.71
79.64,79.64,29.26,35.93,72.41
77.14,77.14,26.10,34.68,71.44
78.34,78.34,27.43,38.35,72.41
80.69,80.69,29.17,43.48,73.09
81.02,81.02,28.87,40.92,73.49
81.84,81.84,29.83,47.45,72.46
82.03,82.03,29.79,44.56,72.33
82.77,82.77,29.10,44.91,71.92
82.86,82.86,29.20,46.74,71.64
83.37,83.37,30.27,44.75,71.16
83.66,83.66,29.28,38.00,72.43
83.18,83.18,27.90,38.40,71.04
84.20,84.20,25.47,41.14,71.27
82.99,82.99,28.08,34.13,71.56
83.18,83.18,29.75,29.97,80.34
80.86,80.86,30.22,36.03,80.41
78.40,78.40,29.62,37.13,78.04
79.44,79.44,29.39,33.43,76.23
79.67,79.67,31.01,32.32,75.68
78.26,78.26,31.31,34.45,73.46
77.03,77.03,31.49,36.74,71.59
77.63,77.63,32.36,35.87,74.62
78.30,78.30,30.04,36.01,71.79
80.77,80.77,31.99,34.91,70.08
81.77,81.77,33.75,35.45,72.88
81.77,81.77,35.60,30.60,69.70
81.00,81.00,37.16,33.17,69.63
81.61,81.61,38.27,36.72,69.07
80.79,80.79,38.96,32.68,68.53
80.99,80.99,39.89,37.83,70.34
80.20,80.20,40.44,42.23,67.50
79.66,79.66,40.42,42.66,67.85
80.61,80.61,42.07,45.93,68.58
81.07,81.07,42.54,47.56,66.65
80.82,80.82,41.46,50.20,68.61
79.89,79.89,41.04,51.11,67.78
80.40,80.40,37.58,51.74,70.20
81.91,81.91,35.15,53.17,67.96
83.72,83.72,34.89,52.59,70.68
80.82,80.82,33.43,52.59,68.60
81.14,81.14,31.71,51.18,70.24
78.69,78.69,31.26,49.77,67.44
76.25,76.25,30.42,48.51,71.10
76.86,76.86,32.34,47.32,70.34
75.37,75.37,35.01,47.64,68.67
76.87,76.87,31.21,48.56,69.62
76.79,76.79,30.46,48.47,73.34
74.72,74.72,28.15,47.77,79.19
71.71,71.71,29.11,47.06,77.90
72.86,72.86,29.78,30.86,77.88
70.34,70.34,32.24,35.09,76.64
68.61,68.61,33.13,43.52,74.52
67.24,67.24,34.04,35.94,74.22
65.49,65.49,33.77,45.69,72.22
63.43,63.43,31.56,48.32,70.10
63.07,63.07,29.57,47.20,73.22
59.64,59.64,29.13,49.59,74.33
58.69,58.69,28.81,46.52,73.75
61.46,61.46,28.74,46.70,72.37
61.97,61.97,26.73,49.05,72.42
59.46,59.46,29.38,45.15,73.13
61.57,61.57,29.15,44.61,73.42
62.51,62.51,29.20,45.26,73.11
62.33,62.33,31.74,46.88,71.24
62.33,62.33,31.88,47.72,72.73
62.02,62.02,31.11,47.36,72.47
60.99,60.99,30.98,47.10,70.69
60.83,60.83,33.21,42.69,72.39
58.52,58.52,32.31,41.87,76.42
58.44,58.44,33.85,43.35,76.07
60.57,60.57,34.89,37.61,75.01
60.04,60.04,33.56,38.78,74.23
58.57,58.57,31.37,36.29,74.96
57.42,57.42,31.32,40.96,73.94
60.44,60.44,31.65,40.25,74.85
59.89,59.89,29.32,32.35,73.32
63.43,63.43,25.70,35.31,73.79
66.76,66.76,28.12,36.24,71.35
82.15,82.15,34.56,39.48,75.16
79.42,79.42,33.61,44.17,79.55
75.45,75.45,34.35,46.74,78.04
75.94,75.94,36.09,44.64,77.35
75.80,75.80,36.08,37.72,75.63
76.70,76.70,35.17,40.28,75.91
77.48,77.48,33.95,43.85,74.67
76.71,76.71,34.80,42.46,72.06
77.32,77.32,34.65,39.79,70.03
77.52,77.52,35.00,43.17,70.53
77.54,77.54,33.88,41.71,71.32
77.44,77.44,34.74,39.65,70.48
78.44,78.44,33.90,43.15,72.05
79.04,79.04,35.51,45.78,72.31
77.36,77.36,36.01,38.82,70.09
77.76,77.76,35.13,39.96,72.59
76.41,76.41,31.74,39.89,70.53
78.78,78.78,31.43,41.19,69.17
79.08,79.08,30.34,42.54,69.83
79.09,79.09,32.23,42.10,69.93
77.17,77.17,33.17,41.74,69.46
77.47,77.47,35.65,45.11,71.05
80.09,80.09,33.49,42.73,74.14
80.54,80.54,30.42,42.96,74.93
81.60,81.60,31.14,43.74,75.52
81.88,81.88,33.30,46.73,73.06
81.36,81.36,33.87,44.59,72.69
81.71,81.71,36.22,46.21,73.60
81.31,81.31,36.57,47.37,73.40
80.83,80.83,32.96,48.36,70.98
81.66,81.66,29.29,46.14,70.90
82.34,82.34,28.09,46.82,70.79
81.10,81.10,26.50,47.60,72.92
79.10,79.10,28.52,48.77,77.37
78.95,78.95,27.73,46.25,78.55
78.37,78.37,28.72,39.61,76.86
79.67,79.67,28.48,40.95,77.15
78.57,78.57,29.76,41.21,76.58
79.29,79.29,28.28,39.33,74.89
78.43,78.43,27.82,42.86,72.94
80.71,80.71,32.71,42.01,73.31
81.85,81.85,30.14,39.74,75.64
79.73,79.73,30.99,41.54,71.00
81.07,81.07,31.01,43.77,69.34
79.55,79.55,28.97,44.89,73.70
80.03,80.03,27.13,42.93,68.92
80.13,80.13,25.14,44.57,71.44
78.24,78.24,28.07,44.77,71.23
78.00,78.00,26.63,44.24,71.45
78.88,78.88,27.05,43.03,72.38
78.17,78.17,30.13,43.50,70.86
77.15,77.15,28.54,44.54,71.88
78.51,78.51,27.45,45.98,71.24
82.51,82.51,30.79,47.39,73.11
82.22,82.22,34.07,46.88,72.85
83.19,83.19,31.24,45.15,72.36
83.47,83.47,32.64,45.31,70.84
83.67,83.67,31.17,42.81,70.58
84.18,84.18,28.85,43.92,70.95
84.42,84.42,28.83,41.66,70.86
84.21,84.21,28.04,38.42,69.39
85.04,85.04,28.70,41.02,69.61
84.70,84.70,26.47,44.00,68.64
83.73,83.73,24.00,43.83,69.85
80.25,80.25,26.60,39.28,76.65
82.59,82.59,26.98,36.44,81.02
81.48,81.48,26.34,39.64,79.28
80.31,80.31,28.44,38.95,77.98
80.02,80.02,29.12,41.74,77.12
78.47,78.47,26.23,44.71,75.79
78.91,78.91,30.22,43.46,75.02
80.86,80.86,27.10,44.32,72.80
79.92,79.92,26.57,47.33,69.87
79.43,79.43,32.13,46.15,70.68
78.65,78.65,28.24,43.96,70.16
79.41,79.41,30.85,43.90,70.61
79.18,79.18,34.20,42.52,69.58
77.93,77.93,36.27,40.79,67.47
78.60,78.60,31.67,45.33,69.39
77.25,77.25,32.93,49.24,66.32
78.05,78.05,34.00,49.90,65.34
78.53,78.53,32.07,49.50,66.49
78.19,78.19,32.17,49.55,65.30
78.11,78.11,31.13,50.05,66.41
77.06,77.06,31.04,51.06,66.42
77.13,77.13,32.25,49.80,67.30
76.67,76.67,33.89,47.83,69.08
78.03,78.03,33.03,48.84,70.16
83.33,83.33,27.68,50.72,69.81
81.32,81.32,26.93,48.76,69.20
79.08,79.08,26.31,48.95,71.27
81.73,81.73,27.77,48.29,69.35
81.07,81.07,27.86,48.24,69.04
81.49,81.49,29.13,43.46,68.09
79.43,79.43,29.39,42.76,66.02
81.14,81.14,29.77,41.61,64.32
80.62,80.62,31.25,35.90,63.23
80.59,80.59,29.64,43.57,71.58
81.03,81.03,30.12,42.92,71.06
79.05,79.05,28.61,47.03,73.07
80.83,80.83,27.32,40.16,73.75
79.80,79.80,28.05,40.33,74.62
80.81,80.81,29.28,38.02,75.96
79.46,79.46,30.02,41.62,76.75
80.42,80.42,29.04,36.73,73.95
80.91,80.91,26.09,32.30,75.15
81.33,81.33,26.05,40.86,76.53
80.99,80.99,27.32,40.91,76.89
80.28,80.28,27.89,44.24,78.96
79.99,79.99,28.59,43.10,76.81
81.29,81.29,30.91,41.05,77.63
81.38,81.38,29.83,42.93,77.32
80.76,80.76,29.17,40.00,76.92
78.45,78.45,28.85,44.80,76.33
78.56,78.56,28.03,45.35,76.90
78.56,78.56,28.44,41.02,77.00
78.73,78.73,32.73,46.30,76.51
77.84,77.84,31.67,42.19,76.44
78.16,78.16,30.88,46.38,79.33
78.42,78.42,28.95,44.98,77.93
79.56,79.56,29.21,44.26,77.64
79.38,79.38,27.08,48.89,77.76
79.97,79.97,26.09,44.33,77.25
80.65,80.65,28.78,48.89,76.81
80.49,80.49,31.70,45.68,77.00
80.05,80.05,32.54,47.90,78.27
79.21,79.21,33.13,46.68,76.89
79.07,79.07,32.69,43.43,75.98
79.31,79.31,29.92,46.54,75.38
79.75,79.75,30.76,43.13,75.43
79.08,79.08,29.62,44.99,72.12
77.93,77.93,30.25,47.23,71.69
79.51,79.51,29.45,51.09,68.70
79.57,79.57,30.27,49.35,68.44
79.68,79.68,32.71,48.07,67.17
80.01,80.01,31.89,46.40,68.78
78.63,78.63,31.80,52.20,67.37
77.48,77.48,31.09,49.64,66.18
78.81,78.81,30.89,47.77,67.21
79.81,79.81,31.48,49.31,72.99
79.48,79.48,31.55,45.14,77.31
79.34,79.34,31.45,40.77,74.13
79.81,79.81,33.73,40.73,74.86
79.67,79.67,34.07,47.56,74.14
79.74,79.74,33.60,41.54,74.65
78.63,78.63,32.57,47.31,73.32
78.14,78.14,30.64,42.12,72.82
76.49,76.49,30.08,45.09,71.48
76.35,76.35,28.86,39.81,69.36
75.14,75.14,27.19,44.74,69.43
77.56,77.56,29.03,42.20,71.89
77.29,77.29,27.21,36.98,71.50
80.08,80.08,25.20,47.67,68.39
79.65,79.65,23.30,44.28,70.52
81.26,81.26,23.41,44.25,67.59
79.91,79.91,23.99,42.84,70.85
80.27,80.27,24.60,44.58,68.89
79.64,79.64,25.37,41.72,70.56
79.59,79.59,25.48,46.23,68.73
79.14,79.14,24.54,40.62,67.73
79.34,79.34,25.80,45.39,66.67
74.70,74.70,27.35,45.27,76.11
71.25,71.25,28.60,45.70,75.45
64.46,64.46,31.67,47.21,72.89
63.22,63.22,40.52,43.82,71.77
60.96,60.96,43.94,44.33,70.06
61.46,61.46,40.11,44.91,70.40
58.00,58.00,38.52,45.86,72.50
57.18,57.18,36.87,38.94,71.20
59.94,59.94,35.94,47.16,71.38
51.86,51.86,33.03,49.46,69.54
51.48,51.48,29.47,45.04,75.28
53.53,53.53,27.88,44.65,80.69
51.78,51.78,32.37,44.60,78.66
49.45,49.45,34.94,45.42,79.46
47.81,47.81,34.94,45.86,77.71
50.98,50.98,36.02,41.67,78.79
48.81,48.81,39.57,43.24,79.37
50.20,50.20,41.25,44.36,78.30
49.38,49.38,37.68,48.45,77.61
46.13,46.13,34.18,47.78,76.54
52.04,52.04,34.41,48.31,77.43
56.27,56.27,36.96,47.37,76.26
57.27,57.27,33.24,46.97,78.58
57.48,57.48,33.20,46.13,78.89
49.44,49.44,35.00,45.17,77.24
48.08,48.08,33.41,48.30,77.11
46.87,46.87,33.98,47.11,76.60
48.07,48.07,35.46,50.25,77.22
49.56,49.56,33.77,48.48,78.21
50.85,50.85,35.27,50.18,78.65
51.43,51.43,32.77,49.69,77.52
55.22,55.22,34.77,51.56,76.56
57.45,57.45,36.05,49.98,78.14
58.65,58.65,35.82,48.54,76.06
60.21,60.21,36.36,50.19,74.93
60.82,60.82,37.03,49.80,76.24
60.55,60.55,37.28,52.99,74.55
61.90,61.90,38.14,51.02,73.99
60.07,60.07,37.36,50.93,72.76
60.03,60.03,37.83,50.45,71.57
58.78,58.78,37.95,48.29,73.01
59.65,59.65,36.46,48.94,68.77
59.81,59.81,35.07,46.65,71.75
59.27,59.27,33.92,50.52,80.35
57.67,57.67,35.15,49.50,78.70
53.34,53.34,37.37,48.48,78.50
53.88,53.88,41.20,48.57,78.31
49.49,49.49,42.56,48.16,79.58
53.38,53.38,38.68,50.62,78.56
56.09,56.09,36.80,49.35,78.09
59.25,59.25,35.89,48.42,77.62
70.67,70.67,33.02,43.23,77.13
81.45,81.45,32.37,37.07,75.18
81.20,81.20,34.11,39.88,74.86
79.51,79.51,34.56,45.67,76.53
77.51,77.51,35.15,47.95,77.07
62.72,62.72,36.27,49.66,75.81
56.35,56.35,35.92,42.31,75.46
53.19,53.19,38.41,30.92,75.37
61.55,61.55,38.65,31.29,74.70
71.68,71.68,41.95,39.47,75.27
72.96,72.96,42.07,39.29,75.50
69.11,69.11,38.87,28.95,74.95
64.78,64.78,32.80,25.15,73.81
73.44,73.44,32.03,21.81,71.05
85.00,85.00,30.79,11.44,70.04
85.46,85.46,30.61,11.61,69.21
83.56,83.56,32.40,21.07,69.49
83.31,83.31,34.89,27.02,67.37
80.44,80.44,34.77,28.47,68.10
80.08,80.08,32.81,43.55,66.95
61.81,61.81,33.31,50.16,64.94
49.87,49.87,24.89,43.73,66.25
48.63,48.63,33.42,45.09,67.86
48.04,48.04,36.35,39.70,66.64
46.98,46.98,35.61,45.87,64.28
50.09,50.09,39.41,47.20,63.07
64.06,64.06,40.90,43.93,62.64
58.43,58.43,40.70,38.96,62.58
61.45,61.45,40.92,45.68,63.02
57.50,57.50,41.03,46.39,59.80
54.61,54.61,38.87,41.73,60.13
56.37,56.37,38.66,51.07,60.06
55.73,55.73,30.85,43.50,57.45
60.35,60.35,30.86,32.98,55.72
76.60,76.60,32.44,30.27,56.37
80.51,80.51,33.62,27.81,55.20
80.35,80.35,34.01,26.13,54.72
80.12,80.12,34.57,29.95,54.47
79.24,79.24,30.78,27.50,51.38
79.97,79.97,30.30,27.44,49.71
82.29,82.29,33.72,31.01,49.45
81.21,81.21,31.68,30.13,50.03
81.64,81.64,32.88,22.61,49.63
81.50,81.50,33.80,22.53,49.37
79.80,79.80,31.80,23.67,47.47
79.33,79.33,33.69,35.42,46.90
79.14,79.14,32.75,38.15,46.07
78.64,78.64,34.41,22.15,45.45
79.02,79.02,34.05,34.82,43.66
74.69,74.69,35.78,29.64,42.59
63.22,63.22,43.25,40.31,44.01
50.14,50.14,42.44,41.25,42.94
43.96,43.96,37.75,31.32,42.19
38.52,38.52,37.99,30.43,37.27
34.94,34.94,39.45,31.28,36.42
36.74,36.74,38.30,29.17,36.15
38.11,38.11,38.98,26.76,35.31
40.08,40.08,39.68,26.47,37.17
38.93,38.93,39.87,27.32,37.52
35.25,35.25,38.35,26.12,38.74
39.87,39.87,39.07,28.98,39.08
40.86,40.86,36.43,27.10,39.34
45.65,45.65,38.12,26.45,37.87
62.52,62.52,35.01,30.47,36.77
62.01,62.01,35.71,30.59,36.27
68.23,68.23,33.93,17.39,36.01
81.30,81.30,33.09,12.55,36.23
79.88,79.88,32.18,14.28,36.45
79.50,79.50,34.49,19.87,35.73
70.07,70.07,35.80,33.77,34.80
59.69,59.69,32.43,27.63,31.58
61.09,61.09,34.74,26.16,29.79
65.00,65.00,37.29,30.11,29.97
68.40,68.40,40.34,29.03,34.28
66.94,66.94,44.34,34.71,36.86
67.24,67.24,45.69,37.94,36.17
62.59,62.59,41.01,37.88,35.17
58.48,58.48,33.94,27.01,31.36
77.95,77.95,33.02,5.92,34.62
79.87,79.87,35.17,4.44,37.52
80.84,80.84,29.29,7.01,34.12
79.40,79.40,34.83,9.05,33.96
78.95,78.95,36.28,13.79,30.94
80.10,80.10,37.62,19.97,29.05
80.88,80.88,35.19,17.07,25.03
80.67,80.67,37.32,24.11,25.97
79.36,79.36,33.89,18.42,23.97
77.57,77.57,43.98,23.91,23.88
79.29,79.29,42.87,22.07,22.13
80.16,80.16,43.18,20.98,28.23
78.58,78.58,40.15,16.66,24.12
78.58,78.58,42.73,16.59,20.64
78.66,78.66,40.14,15.63,26.12
79.18,79.18,43.74,21.47,26.58
78.37,78.37,43.74,19.00,24.53
77.84,77.84,41.05,22.71,23.54
77.52,77.52,43.20,23.90,24.87
79.44,79.44,36.41,17.12,25.26
78.35,78.35,39.98,25.95,25.25
76.64,76.64,40.18,27.61,25.28
79.36,79.36,45.09,28.98,28.50
78.80,78.80,47.57,30.57,33.68
70.09,70.09,47.38,31.85,32.36
46.67,46.67,42.40,27.71,27.30
35.80,35.80,42.06,22.31,28.09
42.04,42.04,33.17,23.21,28.94
66.06,66.06,39.72,33.58,39.17
69.12,69.12,45.64,34.44,45.67
64.35,64.35,41.13,22.79,47.52
68.93,68.93,40.91,21.73,46.75
66.63,66.63,31.23,8.25,46.33
80.19,80.19,34.64,13.94,42.78
82.82,82.82,33.68,23.72,38.10
81.73,81.73,34.99,28.90,39.31
81.21,81.21,37.16,28.65,34.39
80.97,80.97,33.53,16.96,32.86
71.89,71.89,42.81,38.52,42.49
55.50,55.50,41.29,48.00,46.94
49.05,49.05,29.73,42.10,44.16
59.80,59.80,33.50,31.47,41.08
64.69,64.69,34.31,22.10,40.36
62.02,62.02,29.25,11.45,41.82
83.00,83.00,33.66,10.50,44.17
80.64,80.64,33.12,8.30,43.43
80.75,80.75,28.32,12.99,40.26
81.61,81.61,32.08,21.95,37.14
80.67,80.67,28.51,31.62,38.81
81.00,81.00,32.78,40.53,43.81
81.08,81.08,37.58,37.40,38.74
81.45,81.45,36.79,33.98,37.47
83.00,83.00,38.92,40.84,43.83
81.01,81.01,41.73,45.06,46.21
82.46,82.46,42.64,29.75,39.98
80.83,80.83,42.56,30.43,34.37
82.53,82.53,45.60,25.21,34.99
80.93,80.93,47.52,24.11,38.61
80.96,80.96,46.53,22.75,39.38
81.36,81.36,46.47,23.08,38.11
79.44,79.44,47.31,33.80,39.22
80.31,80.31,51.46,38.48,46.42
78.44,78.44,67.02,53.80,63.68
78.40,78.40,81.27,69.68,72.87
80.41,80.41,85.85,69.12,78.06
77.40,77.40,82.00,62.77,77.59
74.28,74.28,86.23,69.31,79.03
76.15,76.15,82.33,66.90,80.42
77.00,77.00,88.36,67.60,80.76
77.23,77.23,85.73,74.65,80.75
78.06,78.06,79.48,80.06,81.52
77.75,77.75,79.76,80.80,79.18
77.07,77.07,79.26,78.38,78.39
78.06,78.06,76.39,74.70,80.20
80.08,80.08,85.32,75.09,77.43
79.04,79.04,79.93,78.46,76.63
79.53,79.53,81.25,80.66,76.64
79.52,79.52,73.21,80.76,77.21
78.67,78.67,72.52,81.28,77.28
78.12,78.12,76.46,78.32,79.02
78.57,78.57,73.34,75.41,77.01
80.98,80.98,74.88,76.43,76.96
82.18,82.18,70.34,80.62,74.24
80.74,80.74,68.10,78.58,76.04
81.52,81.52,68.84,79.59,76.14
78.25,78.25,74.08,79.61,77.68
78.65,78.65,71.33,81.42,79.21
76.57,76.57,65.17,83.42,77.37
69.29,69.29,65.86,82.02,76.41
69.56,69.56,62.31,79.52,77.57
64.06,64.06,62.57,79.29,74.44
65.88,65.88,61.15,79.61,76.71
64.59,64.59,57.86,78.52,76.11
62.06,62.06,69.95,81.73,76.06
60.15,60.15,60.66,81.83,79.92
64.34,64.34,61.73,79.41,76.54
65.75,65.75,55.81,81.11,77.45
65.35,65.35,56.23,84.20,81.38
64.61,64.61,49.99,80.85,76.92
66.25,66.25,56.82,79.25,80.23
65.49,65.49,49.40,82.04,77.04
65.09,65.09,54.55,81.29,78.69
60.94,60.94,52.88,76.90,77.30
62.66,62.66,50.71,80.27,76.56
60.30,60.30,51.27,81.33,75.54
60.89,60.89,47.85,78.71,76.95
61.82,61.82,41.02,80.42,76.15
57.59,57.59,46.50,80.33,76.62
57.69,57.69,42.59,77.99,74.83
61.91,61.91,45.42,80.38,74.58
74.19,74.19,54.81,79.89,78.63
78.89,78.89,57.11,76.44,74.87
77.25,77.25,56.12,76.21,76.71
73.60,73.60,55.36,82.30,77.57
72.01,72.01,53.96,75.98,75.74
72.60,72.60,54.72,75.05,75.19
69.59,69.59,52.83,82.64,75.48
68.84,68.84,48.00,76.14,76.14
70.04,70.04,46.13,74.43,77.35
70.90,70.90,49.06,78.90,77.30
78.48,78.48,49.16,78.12,76.39
80.52,80.52,50.84,77.35,75.49
77.33,77.33,51.68,79.14,75.77
78.54,78.54,57.59,77.89,76.60
76.23,76.23,52.66,76.09,75.82
74.21,74.21,52.05,79.32,73.94
78.24,78.24,60.03,76.20,73.35
78.85,78.85,70.56,74.90,70.40
76.83,76.83,76.68,74.78,72.38
78.02,78.02,81.23,79.02,74.58
76.07,76.07,80.18,74.03,74.03
77.06,77.06,76.69,75.35,72.39
76.87,76.87,75.76,79.23,73.49
79.87,79.87,74.23,74.98,72.81
79.76,79.76,76.45,74.85,72.09
80.40,80.40,74.95,80.10,70.84
79.14,79.14,71.00,74.82,67.65
79.63,79.63,74.43,73.86,70.08
79.77,79.77,73.88,79.21,73.33
76.64,76.64,73.86,75.95,72.17
76.91,76.91,72.02,73.33,74.99
80.09,80.09,69.43,76.88,69.50
79.75,79.75,67.19,75.60,70.27
79.76,79.76,71.27,73.20,71.06
81.18,81.18,69.14,78.18,69.39
80.60,80.60,68.12,75.52,71.59
79.27,79.27,65.45,74.53,71.16
79.02,79.02,65.71,74.11,71.09
78.92,78.92,66.10,79.86,73.21
78.24,78.24,68.01,73.91,74.06
79.27,79.27,66.88,74.44,73.78
82.03,82.03,62.82,79.75,73.27
81.49,81.49,62.96,72.81,73.82
80.61,80.61,61.58,74.42,73.05
81.87,81.87,62.90,78.56,74.17
80.55,80.55,59.71,74.30,72.92
78.59,78.59,60.62,76.67,71.44
81.19,81.19,60.47,78.38,71.34
79.03,79.03,59.43,76.98,70.73
77.55,77.55,57.69,74.75,69.27
78.42,78.42,59.94,76.70,74.05
79.85,79.85,56.88,75.64,79.92
80.52,80.52,57.65,73.13,77.85
80.35,80.35,56.77,75.89,74.52
80.22,80.22,55.14,79.43,72.67
75.21,75.21,56.99,75.96,71.69
77.01,77.01,53.94,77.05,70.79
79.27,79.27,51.24,79.80,69.80
78.76,78.76,51.86,76.00,69.13
79.90,79.90,54.59,74.90,70.38
78.56,78.56,53.90,79.19,69.28
77.43,77.43,53.04,74.83,69.57
77.15,77.15,51.78,74.06,70.32
77.40,77.40,50.77,78.16,73.44
75.47,75.47,51.01,77.89,73.41
75.54,75.54,50.90,74.70,75.31
78.47,78.47,50.10,75.40,74.63
77.15,77.15,50.73,78.06,70.31
77.42,77.42,49.59,74.20,72.59
79.44,79.44,55.22,76.60,72.52
78.20,78.20,63.95,76.59,73.30
80.76,80.76,74.35,73.60,75.39
81.06,81.06,83.21,67.19,71.73
81.72,81.72,78.65,67.09,71.79
76.76,76.76,75.98,67.81,72.78
74.89,74.89,79.54,65.64,71.46
69.61,69.61,85.87,66.53,72.82
67.86,67.86,79.55,70.07,71.42
69.16,69.16,73.60,71.67,73.88
66.35,66.35,74.40,75.98,74.72
58.90,58.90,71.35,69.70,73.51
68.97,68.97,74.59,71.89,74.97
70.53,70.53,80.90,67.34,74.91
68.57,68.57,89.85,71.90,78.56
63.64,63.64,85.79,63.75,75.04
63.93,63.93,83.93,65.97,76.12
54.91,54.91,88.94,68.25,77.24
58.63,58.63,91.64,68.86,74.79
57.08,57.08,81.55,68.14,77.32
65.00,65.00,76.00,68.41,76.48
58.89,58.89,79.67,67.12,78.27
58.49,58.49,75.59,65.98,78.52
62.55,62.55,85.60,68.49,74.74
63.67,63.67,83.40,64.91,76.03
57.99,57.99,86.71,70.65,72.83
59.67,59.67,69.55,65.86,72.82
59.72,59.72,84.47,66.33,75.29
59.54,59.54,79.75,70.79,73.34
59.45,59.45,72.48,70.07,72.46
51.94,51.94,71.32,69.26,70.48
56.58,56.58,75.05,76.18,73.45
51.74,51.74,71.89,72.88,73.02
52.09,52.09,64.23,68.75,71.54
53.27,53.27,63.07,72.99,72.34
51.87,51.87,71.97,76.70,74.49
53.23,53.23,74.94,75.76,74.78
49.32,49.32,61.56,74.08,75.24
47.32,47.32,63.53,75.99,74.77
50.16,50.16,67.70,73.75,75.93
46.21,46.21,60.01,71.37,74.24
43.24,43.24,67.93,74.45,74.68
42.23,42.23,64.74,73.58,73.39
47.15,47.15,71.38,68.99,71.51
45.51,45.51,70.72,76.11,70.69
37.66,37.66,69.91,76.97,73.51
34.84,34.84,65.43,63.08,79.01
38.68,38.68,62.04,71.77,78.88
39.73,39.73,59.98,70.79,76.55
46.45,46.45,57.97,67.11,76.44
43.61,43.61,60.94,71.35,74.36
42.51,42.51,66.22,76.72,73.97
43.33,43.33,54.34,72.31,74.07
44.91,44.91,54.41,69.05,74.07
41.05,41.05,59.47,75.51,77.01
41.05,41.05,57.68,69.65,74.80
42.77,42.77,44.30,67.61,76.65
45.98,45.98,49.64,76.26,78.24
47.37,47.37,48.30,73.67,77.60
49.02,49.02,52.52,73.17,74.94
50.48,50.48,55.56,75.21,75.08
50.86,50.86,53.07,79.86,77.72
53.34,53.34,54.38,75.24,77.51
50.76,50.76,51.37,73.10,74.76
51.25,51.25,52.53,79.81,78.18
52.18,52.18,45.87,74.27,80.39
52.13,52.13,45.93,75.02,78.11
50.98,50.98,45.23,77.23,78.88
46.24,46.24,43.58,76.64,76.74
44.40,44.40,44.38,74.96,75.83
43.33,43.33,46.04,75.58,75.89
39.95,39.95,38.38,75.24,76.05
42.07,42.07,35.63,71.30,77.38
50.00,50.00,35.25,73.95,79.29
60.80,60.80,37.66,77.04,76.08
63.83,63.83,52.19,72.93,76.56
73.53,73.53,66.41,75.99,72.80
80.08,80.08,74.54,77.60,72.02
80.31,80.31,77.96,72.62,77.92
80.35,80.35,76.98,68.71,79.13
80.48,80.48,77.50,76.30,76.91
80.12,80.12,74.21,74.32,75.89
79.79,79.79,74.20,72.13,73.45
80.83,80.83,73.99,77.21,75.50
78.34,78.34,74.02,72.56,78.07
78.04,78.04,72.39,72.22,74.58
77.80,77.80,75.94,76.20,74.13
78.12,78.12,74.73,69.88,68.68
78.43,78.43,74.97,72.09,68.47
82.79,82.79,74.09,74.57,68.95
81.10,81.10,73.13,73.31,69.39
80.33,80.33,70.75,73.68,70.09
80.64,80.64,68.95,75.03,67.71
79.14,79.14,68.27,76.04,66.80
78.16,78.16,69.19,74.92,67.90
70.55,70.55,66.44,76.93,68.22
70.57,70.57,68.53,79.42,71.09
68.75,68.75,66.69,75.73,69.70
71.22,71.22,69.96,75.80,71.04
71.57,71.57,65.21,78.69,72.05
75.08,75.08,63.16,71.88,73.25
82.04,82.04,66.78,69.99,73.33
78.69,78.69,63.68,77.57,72.20
81.33,81.33,62.92,70.92,71.00
83.65,83.65,61.22,72.52,71.46
81.77,81.77,60.23,76.23,70.96
80.18,80.18,60.92,72.86,70.77
81.19,81.19,58.56,72.43,70.71
81.18,81.18,59.31,77.87,70.99
80.51,80.51,61.11,75.53,70.87
80.53,80.53,59.70,75.32,70.66
79.18,79.18,58.42,76.68,75.91
78.40,78.40,57.22,77.55,79.81
79.21,79.21,56.67,71.73,78.79
79.12,79.12,55.53,77.20,77.61
81.97,81.97,54.74,75.23,76.93
79.68,79.68,53.03,74.06,77.76
79.89,79.89,52.81,76.53,76.71
82.03,82.03,53.73,77.59,75.59
82.08,82.08,51.55,72.78,73.04
82.49,82.49,52.25,74.52,71.46
80.14,80.14,52.66,77.00,70.39
80.00,80.00,52.23,74.89,72.40
79.81,79.81,52.74,75.91,71.31
80.80,80.80,53.69,79.43,68.95
81.66,81.66,52.52,74.92,68.75
81.64,81.64,51.48,73.67,68.29
81.28,81.28,49.65,78.60,67.77
81.76,81.76,48.71,74.55,70.44
81.49,81.49,46.13,73.62,70.49
80.71,80.71,44.00,79.06,70.74
81.71,81.71,43.23,76.75,73.36
80.58,80.58,43.51,74.54,73.93
81.68,81.68,40.70,77.13,73.76
82.50,82.50,41.99,78.58,74.76
84.22,84.22,42.14,73.81,73.42
81.33,81.33,39.92,74.23,71.98
77.59,77.59,38.54,77.34,72.50
70.93,70.93,39.59,72.04,70.10
70.08,70.08,52.21,73.50,70.47
71.99,71.99,63.83,78.27,71.49
71.66,71.66,74.31,76.66,71.64
77.99,77.99,81.80,77.73,74.11
74.71,74.71,85.28,83.42,74.73
75.27,75.27,86.65,82.46,72.49
77.81,77.81,81.93,82.05,72.77
77.65,77.65,88.84,73.47,76.92
76.79,76.79,84.11,77.20,74.93
79.15,79.15,82.67,82.59,74.79
77.15,77.15,82.63,81.49,73.93
73.83,73.83,84.25,80.31,74.34
77.26,77.26,81.54,78.50,76.70
77.12,77.12,84.75,82.94,76.31
75.29,75.29,83.49,82.44,76.49
76.84,76.84,82.26,84.50,77.36
74.05,74.05,73.07,83.91,78.26
75.77,75.77,69.41,83.41,79.02
77.76,77.76,75.15,84.11,78.54
76.96,76.96,80.24,82.91,78.20
73.90,73.90,75.93,84.67,77.95
79.12,79.12,77.35,82.27,80.39
77.56,77.56,78.35,83.41,79.76
77.68,77.68,72.63,82.57,79.62
78.04,78.04,75.14,84.12,79.50
76.53,76.53,73.57,83.53,78.21
74.87,74.87,71.43,84.13,77.79
75.17,75.17,64.79,86.32,77.94
74.81,74.81,70.58,83.98,78.07
74.18,74.18,72.07,84.78,78.75
73.90,73.90,71.14,83.98,80.02
71.27,71.27,65.97,84.86,78.55
72.32,72.32,60.20,84.22,80.39
73.82,73.82,60.32,85.74,76.89
74.53,74.53,66.70,82.82,79.45
73.98,73.98,63.56,84.47,78.89
74.47,74.47,61.89,83.91,78.74
73.10,73.10,58.78,83.52,75.80
75.72,75.72,61.56,85.34,74.87
74.84,74.84,62.16,84.14,77.86
72.92,72.92,61.99,86.52,76.65
75.22,75.22,61.05,83.48,78.43
74.78,74.78,58.13,86.14,74.76
73.34,73.34,54.92,84.70,75.66
65.26,65.26,50.53,83.56,76.44
59.18,59.18,53.40,85.85,78.53
59.04,59.04,67.36,83.12,79.12
60.65,60.65,66.88,86.73,77.44
55.14,55.14,59.16,83.46,77.88
55.66,55.66,51.35,84.90,80.08
63.55,63.55,47.04,85.34,79.61
72.11,72.11,45.41,82.82,79.83
73.22,73.22,46.55,85.39,79.48
72.21,72.21,42.05,83.50,75.99
74.55,74.55,43.34,84.06,79.12
72.68,72.68,44.26,84.86,77.89
71.89,71.89,46.82,83.38,77.44
73.57,73.57,44.83,84.34,78.38
73.12,73.12,43.17,84.08,78.33
73.76,73.76,45.38,83.35,80.80
72.66,72.66,41.78,85.68,80.97
65.38,65.38,40.06,83.85,79.62
58.44,58.44,40.35,84.47,78.09
52.75,52.75,37.63,85.96,78.82
51.05,51.05,43.65,84.14,74.79
54.60,54.60,56.39,86.40,78.22
60.73,60.73,67.04,83.99,77.38
66.92,66.92,77.14,85.12,76.75
70.21,70.21,79.51,84.10,75.46
71.58,71.58,79.47,83.83,75.40
81.18,81.18,75.93,83.47,74.55
80.99,80.99,74.03,83.90,71.94
78.32,78.32,72.63,82.62,79.23
80.82,80.82,73.42,83.90,75.67
81.08,81.08,76.41,84.51,78.34
80.07,80.07,75.30,82.92,74.12
79.86,79.86,73.57,85.17,72.31
76.97,76.97,75.86,82.27,71.97
78.07,78.07,76.07,85.31,74.67
79.10,79.10,72.29,83.42,75.93
79.75,79.75,69.63,84.29,75.50
79.76,79.76,67.87,85.15,77.58
77.71,77.71,67.24,82.83,76.67
80.35,80.35,64.36,84.92,77.83
79.88,79.88,65.37,82.87,74.64
79.50,79.50,64.67,83.88,74.18
81.45,81.45,64.57,84.29,75.64
74.67,74.67,63.61,84.19,76.45
73.99,73.99,65.36,83.65,78.83
78.05,78.05,64.25,84.85,76.79
80.59,80.59,64.71,82.64,79.55
77.17,77.17,61.42,86.05,78.91
76.06,76.06,58.55,84.56,79.34
76.18,76.18,61.95,83.26,79.28
71.60,71.60,61.08,85.36,78.72
65.28,65.28,62.21,82.53,78.80
67.41,67.41,59.11,86.58,79.85
70.79,70.79,60.15,83.07,80.32
68.55,68.55,60.42,84.96,79.46
68.19,68.19,55.44,85.64,81.18
74.71,74.71,54.90,83.84,79.79
77.92,77.92,54.14,85.24,77.56
79.73,79.73,53.08,82.04,76.66
80.70,80.70,52.96,83.59,74.55
78.56,78.56,54.70,84.03,76.31
78.86,78.86,54.18,83.77,76.19
77.35,77.35,53.47,83.61,75.03
79.49,79.49,52.55,84.87,71.86
78.42,78.42,54.54,82.63,73.76
78.72,78.72,52.31,85.84,71.31
80.47,80.47,52.91,83.85,76.28
78.48,78.48,53.60,82.94,78.21
78.17,78.17,50.84,85.00,77.94
80.84,80.84,51.27,81.62,76.66
81.75,81.75,52.20,85.50,76.94
81.30,81.30,51.64,81.45,75.62
79.98,79.98,51.17,84.08,76.44
80.24,80.24,49.62,84.61,74.96
78.23,78.23,50.46,82.92,75.69
76.94,76.94,59.08,84.83,75.48
76.00,76.00,72.84,82.97,74.53
76.88,76.88,83.95,81.78,73.66
73.72,73.72,77.22,83.10,73.44
75.44,75.44,77.48,84.44,75.07
76.46,76.46,69.23,83.03,74.91
73.73,73.73,79.20,84.94,74.76
69.21,69.21,74.58,82.61,75.44
65.38,65.38,66.98,82.63,75.31
66.76,66.76,74.90,84.37,75.12
64.85,64.85,70.45,83.32,76.92
72.33,72.33,72.84,86.28,75.47
75.51,75.51,79.11,83.61,78.26
75.65,75.65,88.51,86.14,75.99
72.21,72.21,86.13,86.95,74.29
71.90,71.90,84.20,84.36,73.36
65.34,65.34,89.30,79.45,74.02
63.43,63.43,91.58,78.83,76.25
62.24,62.24,84.11,79.46,74.24
67.76,67.76,81.71,81.31,76.79
67.79,67.79,81.68,82.76,75.36
64.91,64.91,82.11,81.90,77.52
62.69,62.69,87.43,84.44,77.65
56.78,56.78,85.60,80.50,78.79
56.41,56.41,86.15,83.35,77.96
58.23,58.23,78.16,83.63,76.27
54.39,54.39,80.30,83.76,77.23
53.76,53.76,81.23,82.97,78.15
51.45,51.45,79.09,84.47,76.58
50.12,50.12,69.68,85.18,78.57
56.88,56.88,68.75,83.92,78.14
60.62,60.62,71.21,86.26,76.92
61.13,61.13,68.83,84.58,77.36
53.89,53.89,61.05,86.34,78.19
50.51,50.51,65.30,85.37,79.81
53.86,53.86,62.89,87.28,80.64
51.93,51.93,55.75,85.89,79.99
55.07,55.07,55.55,85.85,80.32
56.32,56.32,55.26,85.84,78.82
52.57,52.57,54.47,85.57,79.05
48.13,48.13,55.48,86.15,75.74
47.32,47.32,52.86,84.72,75.34
49.01,49.01,57.86,87.79,75.67
47.73,47.73,61.45,84.49,73.58
44.22,44.22,52.63,87.40,75.14
54.33,54.33,49.47,84.94,77.31
56.79,56.79,49.95,85.35,73.49
56.02,56.02,53.22,87.46,72.01
55.81,55.81,56.23,84.38,74.22
51.97,51.97,52.35,86.95,71.67
44.35,44.35,44.87,84.46,70.67
45.68,45.68,44.25,86.13,71.95
48.52,48.52,47.67,85.98,73.09
47.41,47.41,42.38,85.69,74.65
39.38,39.38,40.56,84.45,71.58
41.80,41.80,38.41,86.04,76.50
37.01,37.01,37.27,84.62,81.27
38.30,38.30,32.13,86.67,80.28
41.52,41.52,32.65,85.49,80.61
41.91,41.91,32.68,84.42,79.93
45.05,45.05,26.89,87.14,79.32
44.38,44.38,29.27,84.31,79.63
44.57,44.57,32.03,87.16,79.62
45.85,45.85,26.27,84.13,79.94
46.80,46.80,30.92,85.86,78.23
46.15,46.15,32.14,87.26,79.16
49.29,49.29,34.00,83.34,78.43
41.11,41.11,35.67,86.40,79.24
38.38,38.38,33.98,84.16,77.24
40.38,40.38,30.47,85.77,76.49
40.73,40.73,25.36,86.24,78.27
39.17,39.17,25.36,85.54,76.91
43.23,43.23,31.63,84.90,77.65
45.77,45.77,38.07,86.30,75.96
54.08,54.08,50.86,84.79,77.55
58.40,58.40,60.74,86.92,73.88
62.82,62.82,72.46,85.66,71.94
73.94,73.94,79.11,83.78,75.19
74.44,74.44,79.24,85.09,76.47
77.65,77.65,76.46,82.82,74.42
78.23,78.23,74.32,85.98,72.31
79.97,79.97,73.31,83.74,70.45
79.55,79.55,73.60,84.33,75.57
80.56,80.56,75.05,85.83,74.30
79.83,79.83,74.82,83.16,70.15
79.62,79.62,72.23,86.33,67.43
76.24,76.24,75.13,84.03,70.90
78.24,78.24,76.31,85.51,75.41
74.58,74.58,74.21,84.52,76.72
78.25,78.25,72.40,84.60,78.18
77.75,77.75,68.15,83.71,78.35
77.48,77.48,68.94,85.45,76.20
77.04,77.04,67.76,83.49,77.31
77.34,77.34,68.18,85.79,76.36
77.11,77.11,66.72,83.97,77.73
75.88,75.88,65.61,83.26,78.54
73.24,73.24,66.37,86.08,78.69
74.05,74.05,65.50,83.01,78.65
76.13,76.13,65.20,86.24,76.03
78.47,78.47,63.95,82.67,75.72
77.73,77.73,61.75,85.05,75.26
78.27,78.27,61.25,85.84,75.21
80.28,80.28,58.85,83.46,75.27
79.75,79.75,59.98,86.34,77.36
78.19,78.19,57.87,84.46,75.01
77.99,77.99,57.68,85.56,76.96
77.78,77.78,57.47,85.07,76.24
78.04,78.04,57.40,85.19,76.63
78.62,78.62,59.84,84.28,74.38
78.96,78.96,58.03,85.62,72.24
79.20,79.20,60.54,83.68,73.06
77.56,77.56,61.24,86.11,71.53
81.20,81.20,59.99,85.03,72.60
81.88,81.88,61.63,84.17,71.30
79.72,79.72,60.22,86.06,71.09
77.86,77.86,60.53,83.18,73.34
75.47,75.47,58.20,86.87,74.65
75.55,75.55,56.26,83.45,74.46
74.75,74.75,56.08,85.36,73.93
71.88,71.88,56.15,85.90,77.23
70.48,70.48,53.56,84.55,79.11
69.12,69.12,53.92,85.59,79.23
75.80,75.80,55.38,84.55,78.86
80.91,80.91,53.59,85.06,79.93
79.52,79.52,51.95,84.76,80.19
79.28,79.28,51.95,84.85,80.67
80.96,80.96,52.42,83.87,80.31
76.33,76.33,50.26,85.38,79.91
67.56,67.56,48.88,83.39,79.11
76.38,76.38,48.78,86.57,79.26
80.39,80.39,49.71,83.60,79.38
78.84,78.84,47.25,84.46,78.79
83.51,83.51,47.74,85.27,77.79
84.04,84.04,46.80,82.06,79.96
82.09,82.09,45.42,85.54,76.65
79.80,79.80,46.09,82.26,75.65
82.22,82.22,44.22,84.05,74.85
80.80,80.80,44.03,84.48,72.86
80.21,80.21,51.54,83.68,74.32
79.45,79.45,63.80,82.89,73.98
80.18,80.18,69.49,81.24,75.72
81.47,81.47,81.42,70.08,77.19
78.91,78.91,84.53,74.84,75.95
78.70,78.70,83.50,71.41,77.98
76.78,76.78,81.53,68.36,77.62
76.84,76.84,90.75,76.44,75.60
77.85,77.85,87.03,72.85,78.49
80.66,80.66,79.74,80.05,79.23
80.09,80.09,81.32,80.84,76.67
81.36,81.36,85.36,83.11,79.21
82.37,82.37,79.72,79.68,78.11
80.69,80.69,82.68,82.84,75.51
82.16,82.16,84.43,85.03,77.51
81.69,81.69,73.16,82.35,79.03
82.30,82.30,67.65,82.63,76.92
81.91,81.91,68.46,83.80,77.47
82.89,82.89,75.40,83.28,74.72
82.37,82.37,78.47,82.81,77.54
79.37,79.37,74.80,82.94,75.81
80.75,80.75,65.12,84.78,76.74
79.56,79.56,66.90,85.07,73.26
82.01,82.01,61.99,82.88,76.76
80.46,80.46,65.35,83.34,73.19
81.54,81.54,66.35,83.81,75.62
80.49,80.49,59.62,82.21,77.25
79.00,79.00,64.90,83.90,76.54
78.72,78.72,66.78,82.69,77.72
78.65,78.65,66.59,85.53,77.12
74.63,74.63,60.83,83.61,78.50
67.46,67.46,55.39,83.44,76.26
65.18,65.18,55.73,84.71,76.61
67.03,67.03,64.77,83.49,75.66
66.99,66.99,66.68,82.14,76.09
67.73,67.73,64.74,84.89,78.33
66.86,66.86,65.08,85.47,77.24
65.19,65.19,56.60,84.01,76.72
63.98,63.98,48.39,84.49,75.72
60.34,60.34,46.65,84.40,69.31
55.91,55.91,48.36,85.47,75.32
54.26,54.26,52.30,84.74,75.06
53.64,53.64,46.47,83.59,72.26
53.52,53.52,39.84,84.22,75.13
54.43,54.43,41.20,83.32,72.84
54.73,54.73,41.66,85.18,74.50
55.14,55.14,44.72,84.52,76.50
57.46,57.46,45.56,83.29,73.63
57.02,57.02,44.38,86.23,75.74
58.22,58.22,45.28,85.19,74.32
57.51,57.51,43.18,82.73,76.21
56.63,56.63,43.54,85.60,77.44
54.58,54.58,40.62,85.14,76.82
54.09,54.09,39.00,83.02,73.81
52.75,52.75,34.77,84.64,77.80
51.95,51.95,36.08,84.32,76.62
55.64,55.64,34.50,84.51,77.83
53.24,53.24,34.05,84.18,78.07
54.18,54.18,29.70,84.29,76.77
66.15,66.15,31.61,83.56,77.67
73.50,73.50,42.00,84.70,79.28
74.44,74.44,43.79,85.10,75.80
73.47,73.47,43.69,84.53,81.35
74.43,74.43,48.99,82.44,78.43
73.81,73.81,44.42,86.16,77.22
65.52,65.52,56.16,84.48,76.99
62.84,62.84,64.37,83.04,73.81
67.03,67.03,78.50,85.18,78.23
76.47,76.47,80.10,82.70,80.85
78.39,78.39,78.54,81.25,83.40
79.46,79.46,75.32,83.07,82.15
81.27,81.27,72.21,83.56,81.29
80.94,80.94,73.91,82.18,81.23
80.55,80.55,73.92,83.98,80.12
79.71,79.71,76.84,82.07,79.17
78.10,78.10,75.07,82.51,77.28
78.11,78.11,73.83,83.49,77.34
78.71,78.71,74.10,83.88,75.65
76.86,76.86,73.87,83.09,75.50
75.28,75.28,71.98,82.24,73.59
78.95,78.95,70.00,84.93,76.45
81.45,81.45,67.43,82.76,76.92
82.00,82.00,66.31,80.63,74.37
83.46,83.46,66.14,83.36,73.95
82.99,82.99,67.78,82.74,71.83
82.50,82.50,65.92,79.97,70.23
82.56,82.56,65.27,81.95,70.58
82.05,82.05,64.86,82.38,70.69
80.83,80.83,63.72,81.05,72.45
82.08,82.08,64.24,82.01,73.26
81.10,81.10,63.30,81.45,72.82
79.67,79.67,61.68,81.33,72.27
79.92,79.92,59.86,82.16,71.83
79.81,79.81,59.32,80.97,72.49
80.04,80.04,59.08,79.05,72.56
70.99,70.99,59.96,79.41,72.55
65.65,65.65,60.56,83.21,75.72
65.65,65.65,59.11,79.98,74.27
68.39,68.39,57.91,80.50,75.23
73.75,73.75,58.78,83.90,75.17
75.26,75.26,57.18,81.57,71.46
83.59,83.59,58.39,80.03,76.71
81.70,81.70,57.93,81.35,74.49
82.57,82.57,57.49,81.38,72.61
82.03,82.03,56.21,79.60,70.26
80.77,80.77,55.97,81.09,71.92
79.94,79.94,55.84,81.68,73.55
83.21,83.21,54.38,80.32,72.08
79.98,79.98,53.94,82.28,71.29
74.62,74.62,54.48,81.37,71.74
70.13,70.13,54.11,80.16,73.15
71.12,71.12,56.37,81.70,68.44
82.30,82.30,53.73,80.45,68.56
80.14,80.14,55.49,78.48,70.17
78.66,78.66,55.62,78.91,69.29
79.69,79.69,54.97,82.50,70.97
79.73,79.73,54.39,79.48,69.66
77.78,77.78,56.85,77.33,72.54
78.72,78.72,62.98,81.92,75.69
73.65,73.65,61.85,76.76,74.51
75.37,75.37,70.88,75.61,73.85
77.46,77.46,81.31,72.42,73.21
76.84,76.84,80.13,72.68,72.94
74.09,74.09,79.84,75.05,73.54
75.64,75.64,75.38,73.56,73.79
76.85,76.85,81.69,71.47,74.83
74.79,74.79,77.90,77.88,74.45
75.46,75.46,77.28,80.48,72.77
70.31,70.31,72.27,75.31,71.82
75.61,75.61,68.05,75.93,74.16
74.47,74.47,72.29,77.16,73.53
74.19,74.19,77.44,75.39,70.54
76.02,76.02,88.15,79.07,69.99
74.36,74.36,85.83,78.82,72.54
77.21,77.21,82.85,80.46,73.27
75.03,75.03,89.49,78.84,74.10
76.16,76.16,88.97,73.84,72.56
75.79,75.79,82.72,69.08,70.12
76.59,76.59,71.00,74.53,70.54
76.57,76.57,83.09,75.59,68.98
79.78,79.78,79.46,72.42,71.13
80.65,80.65,85.30,73.01,73.05
82.27,82.27,87.30,75.74,74.87
84.33,84.33,82.31,74.68,74.00
83.51,83.51,72.70,74.32,74.44
84.10,84.10,77.21,74.58,73.04
81.15,81.15,81.55,77.19,72.44
80.08,80.08,75.10,77.88,72.38
79.61,79.61,75.90,78.09,73.17
78.76,78.76,66.26,78.99,72.47
78.92,78.92,65.06,79.24,73.76
77.42,77.42,61.99,77.14,74.59
78.81,78.81,61.94,77.47,73.36
77.84,77.84,73.12,79.42,74.80
79.49,79.49,76.08,77.88,73.27
80.00,80.00,66.12,75.84,73.75
79.88,79.88,57.84,76.52,73.10
78.89,78.89,55.43,75.72,72.65
76.54,76.54,61.52,78.15,74.84
69.62,69.62,67.67,78.71,72.98
63.71,63.71,69.29,78.07,73.63
63.63,63.63,71.02,76.27,73.25
62.50,62.50,72.33,74.99,73.67
62.29,62.29,66.73,80.12,75.00
59.44,59.44,60.21,71.94,80.23
57.45,57.45,56.21,70.43,77.03
58.54,58.54,56.67,79.73,77.17
55.86,55.86,57.11,75.74,76.74
55.63,55.63,56.73,73.61,75.82
53.23,53.23,52.48,80.12,75.17
55.92,55.92,53.18,76.15,73.38
58.87,58.87,55.31,75.28,73.33
59.47,59.47,57.56,78.17,71.90
57.73,57.73,53.25,77.10,73.13
53.79,53.79,46.51,76.40,75.35
56.19,56.19,48.27,76.00,76.55
53.33,53.33,48.68,77.20,77.19
54.44,54.44,53.44,74.28,77.22
52.03,52.03,54.20,76.63,74.97
52.57,52.57,48.14,76.35,73.97
52.55,52.55,47.85,73.46,74.82
49.89,49.89,44.05,76.81,75.50
51.65,51.65,43.37,77.37,76.37
52.91,52.91,47.21,74.36,72.39
54.09,54.09,44.93,76.49,75.94
49.10,49.10,40.72,80.43,76.40
49.49,49.49,36.23,75.44,76.29
49.79,49.79,32.57,77.58,74.99
50.22,50.22,35.53,78.71,76.76
50.57,50.57,34.60,74.53,74.88
52.75,52.75,35.10,75.75,75.24
54.59,54.59,33.86,76.33,75.46
48.35,48.35,35.88,75.50,75.35
46.21,46.21,50.36,74.93,73.65
37.73,37.73,60.21,78.20,75.70
22.11,22.11,69.35,75.39,73.52
18.45,18.45,78.55,72.48,78.30
18.93,18.93,79.39,77.49,81.87
15.37,15.37,79.35,75.50,80.87
26.11,26.11,75.20,73.50,78.34
34.09,34.09,75.35,72.71,79.29
40.13,40.13,75.26,73.98,80.25
30.94,30.94,76.18,70.21,78.56
31.45,31.45,76.06,74.46,78.03
39.50,39.50,74.36,76.39,77.01
39.82,39.82,74.05,73.24,73.63
39.03,39.03,76.34,73.38,72.46
38.70,38.70,76.11,77.98,73.87
35.87,35.87,72.40,74.17,73.43
31.16,31.16,71.01,72.59,76.42
37.95,37.95,72.01,77.25,76.64
37.75,37.75,68.89,76.61,76.05
30.88,30.88,68.94,75.35,78.07
35.59,35.59,66.96,77.81,75.65
34.63,34.63,67.78,78.06,73.56
35.55,35.55,64.49,74.54,74.19
36.91,36.91,65.74,76.90,76.05
36.68,36.68,65.86,77.56,74.57
31.65,31.65,65.83,72.67,73.36
31.72,31.72,66.27,74.29,74.78
32.11,32.11,66.31,80.16,74.37
34.63,34.63,64.08,74.01,74.65
38.70,38.70,65.96,75.01,75.88
38.45,38.45,64.01,79.61,74.22
40.12,40.12,60.03,75.67,72.42
40.46,40.46,59.68,75.11,74.19
42.06,42.06,61.93,78.59,75.76
43.27,43.27,58.84,75.72,75.54
42.24,42.24,60.34,76.38,79.35
42.55,42.55,58.66,79.24,78.70
38.07,38.07,56.48,77.28,78.54
40.43,40.43,55.14,74.43,76.85
40.51,40.51,54.25,79.26,75.50
40.05,40.05,55.37,76.67,76.51
40.45,40.45,52.71,71.36,73.02
41.91,41.91,53.63,76.14,74.11
42.83,42.83,50.91,75.93,75.53
44.79,44.79,47.57,72.02,74.75
45.13,45.13,49.66,76.01,74.45
44.15,44.15,48.37,75.50,77.44
41.71,41.71,50.80,69.96,79.22
40.68,40.68,48.21,71.68,76.42
41.00,41.00,48.82,77.67,76.36
45.57,45.57,46.65,71.81,77.78
47.43,47.43,44.06,71.22,77.33
53.11,53.11,44.48,76.99,77.51
65.84,65.84,42.24,70.47,75.64
77.30,77.30,45.08,74.89,73.64
79.54,79.54,46.84,78.96,73.46
78.16,78.16,48.15,74.21,73.20
77.76,77.76,45.85,73.30,70.39
78.13,78.13,42.52,80.67,67.62
78.23,78.23,44.24,73.75,70.37
79.68,79.68,43.89,73.04,68.36
79.26,79.26,42.26,79.68,71.41
77.47,77.47,44.51,75.73,71.44
76.74,76.74,47.83,73.80,70.58
79.12,79.12,48.34,79.42,71.74
77.40,77.40,64.25,78.71,71.25
75.66,75.66,68.99,75.84,69.96
73.75,73.75,76.82,80.32,71.45
75.66,75.66,87.64,83.80,74.16
78.09,78.09,86.20,81.30,73.47
77.75,77.75,84.57,80.61,73.17
77.04,77.04,86.90,82.82,73.98
78.23,78.23,87.15,81.39,74.61
78.93,78.93,78.80,84.50,74.88
79.78,79.78,76.38,82.68,75.96
81.17,81.17,83.54,81.08,74.90
82.58,82.58,80.77,79.95,76.39
82.36,82.36,80.85,82.82,74.90
81.41,81.41,86.24,85.89,80.36
79.49,79.49,82.13,82.59,78.24
79.88,79.88,78.72,85.90,78.57
80.34,80.34,72.19,84.34,79.10
76.96,76.96,80.80,85.56,78.48
76.90,76.90,79.49,83.25,77.87
79.68,79.68,80.52,83.51,76.60
75.30,75.30,77.28,84.64,75.80
71.08,71.08,74.64,82.98,75.40
71.46,71.46,70.19,87.08,74.12
74.28,74.28,75.21,84.65,75.54
77.40,77.40,77.07,85.74,75.76
77.33,77.33,66.76,84.66,76.80
79.53,79.53,64.45,85.66,76.04
82.21,82.21,68.92,84.62,76.99
79.61,79.61,71.00,85.67,75.65
76.99,76.99,70.23,84.14,75.37
72.84,72.84,61.50,84.97,75.66
69.78,69.78,50.30,86.20,74.85
68.98,68.98,59.35,83.74,74.28
72.06,72.06,61.03,87.09,71.33
72.95,72.95,57.50,82.44,72.13
79.64,79.64,50.33,85.57,71.07
81.20,81.20,52.15,83.50,70.18
80.06,80.06,51.20,84.19,73.23
79.00,79.00,53.46,86.18,72.90
78.84,78.84,54.53,82.62,74.79
78.37,78.37,47.91,86.88,73.71
78.98,78.98,46.72,84.00,72.50
78.14,78.14,51.38,85.48,72.93
75.85,75.85,54.70,86.51,72.07
74.28,74.28,49.65,84.51,73.12
75.41,75.41,45.46,84.36,75.26
72.77,72.77,49.06,85.73,77.87
67.51,67.51,48.11,83.77,76.61
75.88,75.88,45.30,86.29,76.63
78.98,78.98,41.66,84.33,75.72
79.68,79.68,39.48,84.04,75.15
79.57,79.57,41.84,85.60,76.36
80.66,80.66,39.90,82.51,75.75
79.94,79.94,41.83,86.94,76.99
79.61,79.61,37.98,81.84,76.67
78.70,78.70,34.90,85.14,77.56
80.01,80.01,38.98,86.07,78.18
79.50,79.50,39.50,82.92,77.51
77.95,77.95,39.32,86.60,76.44
75.31,75.31,37.99,83.57,78.25
72.40,72.40,29.30,85.64,76.73
66.78,66.78,25.81,85.08,76.91
62.12,62.12,27.87,85.23,77.06
64.83,64.83,41.57,84.42,77.96
68.29,68.29,51.82,85.20,77.84
69.13,69.13,60.01,83.87,77.03
71.85,71.85,72.49,85.68,74.00
76.86,76.86,75.90,84.07,73.05
75.07,75.07,77.39,82.58,73.33
78.95,78.95,75.00,84.99,72.84
81.47,81.47,71.80,80.77,72.89
80.24,80.24,71.81,84.89,69.62
79.43,79.43,73.30,82.64,73.26
79.12,79.12,72.23,83.21,72.17
78.92,78.92,70.72,85.08,70.54
76.47,76.47,69.00,83.00,70.86
81.57,81.57,68.62,84.66,70.16
80.44,80.44,71.31,83.42,76.60
80.55,80.55,70.47,84.77,76.81
81.53,81.53,67.64,84.10,75.90
79.64,79.64,66.24,83.58,74.34
79.72,79.72,65.73,82.85,74.41
77.85,77.85,66.04,85.03,74.54
77.88,77.88,68.05,82.75,75.90
78.67,78.67,62.75,86.04,74.20
82.89,82.89,61.31,84.60,72.27
77.31,77.31,62.69,84.33,72.46
76.10,76.10,64.51,86.73,73.99
79.67,79.67,61.05,83.02,74.13
72.00,72.00,59.14,86.77,75.40
67.75,67.75,58.06,83.93,76.72
69.82,69.82,60.02,85.74,76.18
68.74,68.74,61.12,85.90,75.90
67.31,67.31,60.28,84.73,76.23
65.93,65.93,57.39,86.85,78.39
66.71,66.71,59.55,84.76,79.52
69.76,69.76,57.37,85.60,78.63
66.04,66.04,61.61,85.26,76.79
64.02,64.02,67.83,85.31,75.76
61.36,61.36,83.05,83.02,73.21
61.82,61.82,79.40,83.47,71.36
66.35,66.35,78.57,83.21,70.92
61.16,61.16,74.04,85.95,69.74
62.93,62.93,82.81,85.80,70.50
56.30,56.30,84.89,81.50,71.08
58.44,58.44,75.60,81.74,76.11
60.46,60.46,73.75,81.51,74.50
58.73,58.73,67.84,84.68,74.49
58.16,58.16,74.05,82.48,73.73
61.02,61.02,75.55,82.99,75.42
54.84,54.84,83.88,82.60,77.41
57.05,57.05,81.93,84.85,74.69
56.70,56.70,78.80,83.83,76.79
55.02,55.02,79.34,83.88,76.80
57.05,57.05,88.71,83.58,76.54
58.94,58.94,85.78,81.94,76.97
63.25,63.25,81.57,79.97,75.44
60.62,60.62,77.85,79.28,77.82
67.16,67.16,75.24,82.45,76.25
77.20,77.20,86.00,83.40,76.67
80.89,80.89,84.08,81.87,77.36
80.90,80.90,79.50,76.77,74.93
75.64,75.64,82.61,78.48,76.24
70.44,70.44,88.07,80.94,76.83
66.03,66.03,88.73,82.21,77.73
61.88,61.88,80.19,85.59,76.00
62.65,62.65,79.35,84.40,76.35
66.42,66.42,75.33,86.79,76.16
72.41,72.41,73.17,84.52,76.91
75.18,75.18,79.98,86.32,76.72
78.42,78.42,80.38,84.58,73.43
80.71,80.71,85.64,87.05,71.34
80.79,80.79,80.11,86.29,71.76
86.88,86.88,77.63,86.66,73.91
85.89,85.89,86.77,83.39,74.86
80.86,80.86,85.44,77.07,76.69
82.94,82.94,88.56,79.34,73.54
83.05,83.05,76.20,79.04,76.61
81.70,81.70,86.56,80.98,76.89
84.67,84.67,80.91,75.76,76.69
79.66,79.66,84.35,77.30,74.22
78.57,78.57,88.82,79.52,74.08
83.53,83.53,80.88,78.09,74.03
85.52,85.52,78.88,83.42,71.74
86.18,86.18,74.84,83.45,71.71
80.97,80.97,79.91,85.74,68.12
80.22,80.22,76.81,83.70,71.75
80.45,80.45,75.35,84.92,73.52
81.86,81.86,75.45,79.47,72.29
84.78,84.78,70.01,82.40,70.68
82.25,82.25,68.53,80.78,72.82
78.49,78.49,67.54,83.84,75.61
80.11,80.11,65.76,86.53,77.01
81.92,81.92,62.79,83.27,74.83
82.51,82.51,62.78,85.61,77.98
83.11,83.11,65.89,83.77,75.14
83.26,83.26,63.81,86.71,74.70
85.79,85.79,65.10,84.22,75.14
83.98,83.98,70.36,84.18,73.44
82.06,82.06,65.58,82.97,75.11
81.39,81.39,60.84,83.11,74.62
79.44,79.44,57.58,86.03,75.21
80.58,80.58,53.32,83.95,73.07
81.50,81.50,60.86,84.34,76.08
84.56,84.56,52.96,82.51,75.69
83.44,83.44,67.46,82.72,76.77
83.05,83.05,65.78,82.87,74.06
81.96,81.96,67.14,84.83,70.75
83.87,83.87,61.90,82.85,72.15
80.26,80.26,51.69,85.08,72.57
82.50,82.50,55.94,84.39,72.30
82.13,82.13,52.38,85.02,71.17
83.69,83.69,55.80,87.33,72.67
82.41,82.41,53.64,83.92,71.58
82.52,82.52,45.30,85.95,72.80
80.50,80.50,46.81,83.52,76.35
82.20,82.20,46.38,84.82,76.57
82.91,82.91,42.97,85.87,73.48
80.66,80.66,43.77,83.64,75.90
81.68,81.68,39.26,85.64,75.68
82.07,82.07,42.99,83.57,76.47
78.66,78.66,40.21,84.87,75.91
81.01,81.01,39.90,84.71,74.73
82.82,82.82,39.66,84.90,74.27
83.04,83.04,40.55,83.02,73.36
82.70,82.70,42.63,84.34,75.07
83.48,83.48,47.43,82.09,75.28
81.60,81.60,44.43,85.29,74.20
79.51,79.51,44.56,83.45,76.25
81.29,81.29,46.22,82.31,76.27
81.50,81.50,46.22,85.42,76.37
80.74,80.74,46.10,82.80,77.21
78.96,78.96,49.23,87.03,76.82
81.28,81.28,57.96,83.16,73.65
78.73,78.73,67.72,84.74,72.51
79.11,79.11,78.31,85.20,73.25
84.11,84.11,77.29,80.56,76.30
86.90,86.90,73.76,83.91,74.30
80.79,80.79,71.48,83.07,71.17
81.19,81.19,68.60,82.98,73.28
80.60,80.60,70.47,84.44,74.63
83.68,83.68,70.37,84.17,76.12
82.28,82.28,70.14,83.15,71.57
84.74,84.74,70.19,84.89,72.20
84.90,84.90,66.97,81.39,74.37
85.80,85.80,72.76,85.14,72.01
83.00,83.00,75.44,82.24,77.56
81.11,81.11,67.74,83.85,76.92
83.62,83.62,62.33,85.14,76.35
86.65,86.65,62.24,81.23,77.00
86.03,86.03,62.04,85.91,77.61
86.03,86.03,63.93,82.10,76.08
86.97,86.97,61.99,84.14,77.65
86.24,86.24,62.02,83.91,77.15
81.43,81.43,59.88,83.74,77.93
83.93,83.93,62.02,84.96,79.43
77.19,77.19,64.26,84.88,78.57
80.17,80.17,60.12,83.97,78.28
77.23,77.23,58.21,85.78,77.28
79.42,79.42,62.78,85.25,75.49
82.84,82.84,58.55,84.48,76.82
81.97,81.97,50.23,85.46,77.42
84.55,84.55,52.63,82.22,76.21
85.74,85.74,51.69,86.96,75.57
81.37,81.37,50.85,83.56,73.78
79.43,79.43,52.47,84.75,73.48
82.25,82.25,49.08,83.99,69.92
81.43,81.43,47.92,82.29,67.55
84.14,84.14,48.66,85.36,68.85
84.05,84.05,48.88,79.39,70.70
83.11,83.11,49.85,76.45,73.18
83.22,83.22,58.78,73.97,71.17
83.87,83.87,48.53,75.53,69.24
83.08,83.08,50.53,67.60,70.07
82.42,82.42,47.45,57.63,67.59
78.90,78.90,44.92,55.67,70.15
80.77,80.77,51.84,58.79,70.45
82.16,82.16,49.33,58.52,75.01
82.26,82.26,53.17,55.07,75.14
82.18,82.18,52.34,56.30,73.74
82.03,82.03,55.56,50.81,73.47
81.98,81.98,53.38,51.53,74.49
80.86,80.86,51.61,49.82,70.47
81.42,81.42,51.43,51.19,67.54
81.23,81.23,51.65,53.80,66.74
82.85,82.85,53.08,54.94,66.75
81.16,81.16,53.28,56.53,68.56
82.63,82.63,55.54,50.56,65.74
84.27,84.27,56.93,47.23,72.80
84.07,84.07,57.47,42.30,70.32
80.62,80.62,57.71,34.98,67.34
82.45,82.45,58.00,27.14,73.14
82.38,82.38,56.94,18.73,75.02
82.04,82.04,59.64,21.39,72.80
82.26,82.26,59.47,16.65,68.98
83.66,83.66,58.94,30.83,68.50
86.83,86.83,59.03,41.63,75.65
82.95,82.95,63.06,45.65,75.49
84.21,84.21,76.60,64.46,75.42
82.93,82.93,80.37,64.45,76.54
80.15,80.15,86.22,70.42,82.13
82.59,82.59,81.55,71.34,79.65
80.89,80.89,89.27,75.04,77.35
79.27,79.27,89.89,68.41,79.50
77.90,77.90,89.67,73.60,78.92
81.33,81.33,82.86,79.20,78.96
81.98,81.98,89.44,81.57,78.54
80.58,80.58,85.01,80.18,76.62
81.62,81.62,88.59,76.54,77.85
84.73,84.73,88.07,76.70,77.89
83.10,83.10,89.45,80.35,81.53
80.88,80.88,89.69,79.75,77.78
81.41,81.41,81.09,78.90,81.21
83.55,83.55,75.96,81.36,83.45
82.26,82.26,76.55,79.26,83.17
84.67,84.67,79.24,75.77,79.84
80.70,80.70,83.51,79.44,80.19
80.31,80.31,80.95,77.37,79.75
83.84,83.84,76.75,79.63,81.46
81.79,81.79,75.55,80.56,80.37
79.81,79.81,75.87,82.34,82.15
76.09,76.09,78.17,86.52,79.62
73.90,73.90,72.43,86.39,82.85
71.71,71.71,73.60,86.21,82.72
73.06,73.06,72.69,83.63,82.69
72.25,72.25,73.04,84.72,84.19
73.82,73.82,72.65,82.62,82.41
72.68,72.68,73.00,85.17,83.57
73.38,73.38,71.61,85.99,80.01
69.97,69.97,71.55,86.77,81.71
71.64,71.64,69.54,83.32,80.62
75.63,75.63,69.71,84.34,80.77
75.90,75.90,69.27,85.15,85.70
73.93,73.93,69.77,82.31,86.35
71.80,71.80,67.34,85.53,85.39
71.98,71.98,68.40,85.11,82.37
71.04,71.04,67.55,83.07,82.48
70.99,70.99,67.10,85.62,84.73
71.62,71.62,67.84,87.18,80.62
72.24,72.24,66.56,81.21,83.29
71.62,71.62,64.83,84.79,82.02
71.11,71.11,63.32,87.13,80.22
72.54,72.54,63.20,81.56,82.10
75.18,75.18,62.66,83.70,80.26
81.01,81.01,62.15,84.66,80.48
81.85,81.85,62.84,84.88,79.17
82.63,82.63,61.11,83.32,77.62
81.21,81.21,60.66,83.77,77.89
79.87,79.87,60.02,82.81,79.96
78.43,78.43,60.44,84.46,77.10
77.28,77.28,60.75,84.24,78.06
76.88,76.88,61.95,85.03,80.21
76.65,76.65,62.72,82.72,80.58
80.50,80.50,61.31,85.37,79.31
79.01,79.01,59.32,86.63,81.93
81.12,81.12,57.55,79.38,80.89
80.36,80.36,56.06,84.21,79.90
78.92,78.92,53.88,86.34,80.82
81.17,81.17,53.42,83.15,80.10
82.16,82.16,53.44,83.92,78.45
83.30,83.30,55.64,85.39,77.87
83.58,83.58,62.30,83.36,77.63
83.99,83.99,67.98,82.68,79.68
83.02,83.02,76.84,82.76,74.50
82.14,82.14,79.70,81.03,75.27
81.86,81.86,84.55,83.08,79.19
83.75,83.75,77.30,79.33,78.44
83.31,83.31,74.45,85.72,79.49
84.04,84.04,77.76,81.19,78.27
85.75,85.75,76.44,81.74,78.53
86.06,86.06,74.55,82.20,79.90
85.80,85.80,72.91,81.07,77.29
81.73,81.73,74.83,82.47,80.28
83.29,83.29,74.95,87.26,80.06
87.36,87.36,74.71,81.56,76.44
82.25,82.25,71.91,81.60,79.54
84.19,84.19,69.58,86.94,79.73
84.92,84.92,67.71,83.64,78.94
84.84,84.84,67.79,83.87,78.91
86.10,86.10,69.60,84.26,78.41
85.43,85.43,66.73,83.55,78.36
82.71,82.71,66.18,80.51,76.18
84.85,84.85,67.57,81.42,78.10
83.79,83.79,68.27,83.78,74.68
79.56,79.56,63.93,85.68,78.29
80.28,80.28,68.51,86.37,75.76
80.21,80.21,69.67,83.70,81.26
81.55,81.55,65.97,82.73,81.38
80.60,80.60,63.30,86.15,79.59
81.68,81.68,60.85,85.27,78.39
80.29,80.29,59.47,83.56,78.77
76.88,76.88,62.00,84.22,80.09
77.71,77.71,60.91,85.75,79.27
75.75,75.75,57.05,81.96,78.11
79.71,79.71,55.36,83.82,78.95
78.58,78.58,53.85,85.83,78.73
83.97,83.97,58.13,82.91,76.94
84.75,84.75,56.93,79.92,81.03
86.67,86.67,58.83,82.90,78.77
87.39,87.39,57.19,78.50,80.00
87.10,87.10,57.26,73.85,79.11
85.41,85.41,56.87,73.18,81.99
85.37,85.37,56.78,76.98,80.79
83.73,83.73,58.58,79.49,77.84
83.27,83.27,59.26,76.75,78.88
86.37,86.37,60.23,77.37,79.76
86.16,86.16,60.94,78.56,80.32
85.14,85.14,63.11,79.01,79.91
83.86,83.86,65.58,75.99,79.16
83.14,83.14,64.89,74.29,83.33
86.14,86.14,63.15,74.00,83.42
83.26,83.26,63.85,78.32,80.79
84.94,84.94,63.29,76.98,79.94
83.23,83.23,61.59,75.74,79.38
80.06,80.06,60.30,70.25,79.48
79.58,79.58,64.34,78.01,78.12
81.00,81.00,71.45,79.68,79.63
79.47,79.47,79.28,73.35,79.40
82.17,82.17,87.13,73.74,78.62
79.11,79.11,84.30,70.27,78.69
78.10,78.10,82.03,72.01,79.80
75.58,75.58,88.32,73.53,79.20
75.70,75.70,87.89,71.87,77.43
76.98,76.98,84.17,73.19,78.31
75.80,75.80,83.32,75.22,77.70
74.48,74.48,77.24,75.31,75.18
75.98,75.98,76.86,70.85,76.22
73.81,73.81,81.26,71.55,77.92
70.44,70.44,88.19,65.93,81.10
64.82,64.82,92.30,74.67,77.39
65.76,65.76,89.24,70.96,80.23
63.66,63.66,91.46,74.59,77.89
63.45,63.45,90.42,73.74,78.66
63.47,63.47,88.64,74.86,78.71
66.12,66.12,83.20,73.54,79.00
64.50,64.50,86.29,72.37,80.49
61.55,61.55,88.22,75.85,79.58
58.29,58.29,87.62,70.44,80.06
57.40,57.40,91.15,75.97,80.81
57.13,57.13,89.54,73.90,80.60
62.35,62.35,88.87,70.72,79.94
56.06,56.06,86.43,66.96,81.46
61.01,61.01,88.06,74.21,82.77
58.83,58.83,83.34,74.72,79.85
56.53,56.53,81.34,77.52,81.31
59.05,59.05,75.17,70.90,82.87
59.09,59.09,79.01,72.20,85.40
60.02,60.02,79.79,69.76,84.89
58.83,58.83,83.20,77.75,81.59
57.65,57.65,75.48,72.57,77.54
56.22,56.22,71.88,70.16,82.29
57.32,57.32,73.73,76.34,81.75
55.49,55.49,73.22,76.58,80.93
55.06,55.06,75.23,74.51,80.27
49.76,49.76,74.65,76.65,80.84
52.40,52.40,73.93,78.84,81.75
47.57,47.57,71.20,80.01,80.36
52.88,52.88,64.57,78.27,81.26
48.90,48.90,66.87,71.92,77.84
49.66,49.66,76.62,77.69,79.03
46.99,46.99,66.61,69.54,84.94
51.97,51.97,64.96,68.29,87.02
51.37,51.37,66.76,72.68,84.05
47.34,47.34,69.39,77.96,84.11
44.65,44.65,70.03,78.75,83.14
47.44,47.44,66.11,74.45,83.54
49.83,49.83,64.07,71.12,79.73
42.05,42.05,65.62,75.75,81.18
40.51,40.51,67.58,80.13,80.33
39.25,39.25,56.52,77.15,79.75
38.86,38.86,63.41,77.21,81.44
38.27,38.27,71.70,76.08,82.65
34.95,34.95,66.58,77.93,83.66
36.33,36.33,59.01,79.97,83.85
39.51,39.51,67.74,81.28,83.43
39.88,39.88,67.10,79.46,82.57
41.08,41.08,63.15,79.41,83.42
38.68,38.68,65.41,81.44,83.09
37.16,37.16,63.41,80.30,83.33
36.94,36.94,66.52,81.24,84.45
35.62,35.62,64.61,78.75,81.32
37.37,37.37,68.54,80.03,82.79
38.75,38.75,72.58,77.43,83.42
35.37,35.37,71.41,79.61,83.91
36.39,36.39,75.33,83.06,84.02
33.92,33.92,70.44,81.29,83.61
34.21,34.21,67.00,81.46,81.86
40.11,40.11,70.37,79.22,82.85
46.28,46.28,60.82,81.32,82.96
49.06,49.06,61.90,80.04,82.10
53.19,53.19,64.52,79.63,81.68
57.37,57.37,73.09,76.74,79.87
69.58,69.58,87.24,76.97,78.76
70.61,70.61,79.03,80.69,78.23
77.73,77.73,77.92,76.21,77.79
76.52,76.52,78.16,82.32,74.83
78.34,78.34,77.77,81.12,78.88
77.52,77.52,77.46,81.14,76.86
80.63,80.63,78.90,76.06,77.65
78.36,78.36,75.18,78.05,82.67
73.96,73.96,75.22,75.68,83.46
79.01,79.01,75.32,78.82,82.83
79.39,79.39,74.44,76.07,79.27
81.06,81.06,73.40,78.28,79.32
82.19,82.19,76.37,79.56,81.76
83.32,83.32,74.99,78.16,82.90
84.55,84.55,71.43,75.06,83.29
83.67,83.67,72.75,76.09,81.66
81.65,81.65,73.62,82.51,79.67
80.46,80.46,71.26,81.41,81.28
79.90,79.90,68.45,79.61,82.28
80.69,80.69,68.92,77.59,81.68
81.41,81.41,67.42,73.38,82.35
78.04,78.04,66.30,73.22,80.90
80.13,80.13,68.36,80.99,81.80
80.64,80.64,66.19,79.57,79.69
81.72,81.72,68.27,81.46,79.81
81.22,81.22,65.48,77.97,80.35
80.98,80.98,62.49,73.28,80.38
75.22,75.22,62.77,76.54,80.60
73.50,73.50,59.48,76.61,80.28
70.01,70.01,62.73,81.13,79.54
71.49,71.49,68.07,79.38,78.04
72.25,72.25,71.17,76.40,79.65
73.93,73.93,72.10,78.51,79.16
75.01,75.01,72.41,81.21,81.12
80.28,80.28,71.65,78.73,83.03
79.62,79.62,69.11,78.55,83.37
80.80,80.80,67.55,79.64,79.07
78.52,78.52,68.13,80.16,81.35
80.40,80.40,68.21,78.95,80.83
80.95,80.95,64.73,80.61,78.64
77.74,77.74,64.21,82.33,80.75
74.01,74.01,63.50,80.05,80.76
76.53,76.53,61.71,78.10,80.73
77.85,77.85,63.35,80.35,80.65
77.10,77.10,62.99,79.96,81.95
77.10,77.10,59.47,79.73,82.22
75.98,75.98,59.90,78.17,79.90
78.07,78.07,59.44,80.11,79.67
79.78,79.78,57.36,80.38,79.55
81.28,81.28,56.00,80.03,79.10
82.87,82.87,55.31,79.84,79.17
79.96,79.96,55.83,79.77,80.61
77.50,77.50,63.06,81.16,81.13
78.89,78.89,71.60,80.49,81.39
75.19,75.19,78.25,77.19,80.14
75.75,75.75,80.61,78.36,79.17
76.76,76.76,75.53,81.29,78.63
74.95,74.95,70.84,79.77,78.91
70.87,70.87,70.61,76.43,80.56
70.48,70.48,70.94,81.69,81.20
70.50,70.50,76.53,78.66,84.24
66.94,66.94,76.80,79.55,80.73
66.16,66.16,79.12,81.61,79.21
69.35,69.35,82.01,82.42,78.37
74.48,74.48,78.64,74.84,79.66
78.18,78.18,88.34,75.10,79.67
81.71,81.71,85.49,65.09,79.41
78.86,78.86,91.16,71.85,75.61
79.28,79.28,87.72,72.33,78.53
78.33,78.33,92.06,69.80,76.20
81.10,81.10,82.67,73.60,75.99
82.79,82.79,87.59,74.41,77.17
81.40,81.40,86.37,75.26,75.97
86.47,86.47,86.53,73.62,77.13
82.26,82.26,89.22,77.19,75.86
82.06,82.06,85.22,77.06,79.07
81.50,81.50,87.45,74.68,78.45
83.43,83.43,84.01,76.33,77.28
86.16,86.16,80.30,76.59,77.93
82.44,82.44,83.40,77.18,78.01
82.28,82.28,86.34,75.72,77.85
82.42,82.42,84.65,75.10,77.25
84.92,84.92,83.73,76.10,77.05
81.83,81.83,87.04,75.68,77.00
79.57,79.57,79.63,74.73,78.51
82.48,82.48,72.63,76.76,80.48
81.92,81.92,76.96,78.32,80.79
80.93,80.93,74.30,79.29,81.07
76.94,76.94,77.08,79.67,82.66
71.21,71.21,78.88,79.41,79.45
71.90,71.90,58.52,78.31,81.15
71.40,71.40,71.21,78.33,81.88
70.89,70.89,71.84,77.71,80.49
69.23,69.23,66.90,79.17,80.11
68.96,68.96,72.60,78.91,81.03
70.46,70.46,72.90,78.75,80.08
71.67,71.67,63.46,77.21,81.60
71.92,71.92,68.25,79.20,81.33
67.76,67.76,70.98,76.61,79.81
71.41,71.41,69.65,78.75,80.90
67.71,67.71,63.83,76.11,78.56
65.66,65.66,63.11,78.66,79.80
66.21,66.21,65.11,77.03,79.81
64.77,64.77,60.12,80.51,80.50
62.06,62.06,72.17,80.58,80.97
65.50,65.50,71.25,81.33,79.52
63.50,63.50,70.12,79.29,79.39
69.23,69.23,59.95,80.66,79.50
74.06,74.06,57.03,78.94,78.14
80.36,80.36,59.44,80.13,78.50
79.50,79.50,64.76,78.83,79.95
76.71,76.71,66.00,80.33,80.74
80.02,80.02,64.18,79.04,80.61
80.00,80.00,58.72,79.92,82.04
76.25,76.25,64.43,80.00,78.08
80.46,80.46,66.24,80.28,80.01
81.68,81.68,62.15,79.29,80.71
82.56,82.56,63.58,79.07,82.67
78.04,78.04,68.23,77.73,84.43
76.21,76.21,74.37,75.03,83.04
72.97,72.97,67.73,74.12,82.85
74.17,74.17,61.62,79.38,83.30
75.80,75.80,54.46,78.08,83.46
75.83,75.83,49.90,80.51,81.78
74.08,74.08,51.90,78.83,82.93
76.06,76.06,57.31,79.66,82.92
76.61,76.61,58.01,78.85,83.00
75.98,75.98,62.89,78.95,83.38
77.20,77.20,75.45,78.26,82.62
76.96,76.96,85.16,77.16,80.11
81.50,81.50,80.23,81.52,78.56
80.00,80.00,80.69,80.56,77.13
83.05,83.05,79.12,78.44,80.64
83.66,83.66,77.93,77.54,80.49
86.10,86.10,74.01,78.40,78.10
84.95,84.95,75.07,77.68,79.58
83.40,83.40,71.81,79.76,77.26
82.89,82.89,72.63,78.76,79.07
82.47,82.47,76.74,77.75,79.32
84.13,84.13,78.00,78.28,80.94
83.78,83.78,76.59,79.81,81.14
84.73,84.73,74.99,78.33,75.87
83.92,83.92,73.13,78.08,77.59
82.30,82.30,68.60,79.36,74.73
78.88,78.88,70.69,80.45,77.15
78.13,78.13,72.83,77.17,76.95
77.21,77.21,72.16,77.77,76.89
74.97,74.97,69.54,79.64,75.72
75.62,75.62,66.83,79.62,74.86
76.85,76.85,67.53,77.58,76.90
76.02,76.02,66.47,77.51,76.93
80.81,80.81,64.01,78.36,77.83
85.20,85.20,62.86,76.52,77.08
84.77,84.77,63.14,77.29,75.34
82.09,82.09,61.13,77.20,78.70
82.27,82.27,60.75,77.46,75.00
80.54,80.54,59.99,77.84,78.37
81.16,81.16,59.27,77.27,72.81
82.54,82.54,58.30,76.81,78.14
81.31,81.31,61.84,76.57,75.24
83.04,83.04,64.23,74.98,76.61
83.49,83.49,64.09,74.97,79.47
85.35,85.35,68.16,74.61,80.75
87.13,87.13,62.26,72.06,81.64
84.17,84.17,61.93,75.47,81.89
84.45,84.45,61.07,74.63,81.90
83.18,83.18,60.41,74.99,82.00
87.94,87.94,60.41,73.67,83.00
86.06,86.06,60.77,71.52,82.68
85.41,85.41,60.87,75.24,82.01
84.34,84.34,60.68,74.86,83.10
84.17,84.17,61.47,70.39,80.36
82.74,82.74,61.50,74.96,80.11
84.48,84.48,61.13,72.54,84.61
86.48,86.48,58.40,76.86,80.03
88.60,88.60,58.22,73.20,78.54
86.84,86.84,56.70,72.55,82.21
87.41,87.41,53.96,74.19,81.72
82.92,82.92,50.61,74.33,82.56
81.62,81.62,55.19,75.56,81.67
83.86,83.86,63.31,77.30,78.99
80.62,80.62,75.73,76.28,77.79
80.68,80.68,79.32,71.03,79.11
77.64,77.64,88.80,73.22,76.35
79.73,79.73,83.06,72.46,76.96
80.85,80.85,77.37,70.69,78.35
76.97,76.97,89.51,68.42,78.94
78.50,78.50,89.19,70.75,75.11
74.43,74.43,82.17,75.25,77.36
72.62,72.62,81.42,74.96,76.21
70.28,70.28,78.07,75.81,76.17
72.21,72.21,74.27,71.72,75.98
71.67,71.67,79.73,73.99,77.01
72.48,72.48,86.42,72.54,79.69
68.13,68.13,92.23,74.88,76.02
66.23,66.23,89.45,64.87,76.85
63.57,63.57,92.21,73.83,74.90
61.73,61.73,88.57,71.62,76.35
59.66,59.66,88.52,73.79,75.07
62.87,62.87,88.76,76.77,80.05
59.59,59.59,83.12,76.80,77.19
60.81,60.81,90.96,75.48,79.66
62.95,62.95,88.17,75.70,81.36
60.47,60.47,88.97,74.46,81.19
60.30,60.30,89.55,72.15,80.89
54.44,54.44,87.81,74.44,81.49
58.22,58.22,84.01,74.41,82.88
58.25,58.25,80.31,75.28,80.80
56.85,56.85,86.84,77.64,81.63
56.36,56.36,86.73,78.09,82.07
52.36,52.36,81.01,78.21,80.72
54.94,54.94,84.57,78.53,81.17
56.34,56.34,78.01,70.58,83.75
52.47,52.47,80.69,74.80,81.51
55.01,55.01,70.12,78.07,82.27
53.85,53.85,78.17,78.79,81.91
54.62,54.62,76.70,78.61,84.93
53.74,53.74,73.35,78.27,84.41
50.62,50.62,76.07,76.03,83.12
51.84,51.84,78.53,76.29,83.18
50.05,50.05,74.97,75.25,83.19
47.44,47.44,66.71,76.49,82.80
48.51,48.51,67.90,77.49,80.66
46.22,46.22,67.18,78.53,83.36
48.96,48.96,69.75,78.98,80.77
49.86,49.86,69.08,80.77,83.41
46.33,46.33,72.04,81.28,84.68
44.69,44.69,76.39,81.69,83.78
44.52,44.52,74.12,78.75,82.57
47.08,47.08,66.49,75.94,82.72
47.11,47.11,64.59,77.21,82.94
45.28,45.28,72.04,76.75,82.33
45.79,45.79,69.45,77.35,81.78
45.64,45.64,62.79,78.61,82.96
42.89,42.89,63.37,81.92,81.38
43.06,43.06,65.22,82.77,80.62
45.53,45.53,72.88,79.68,81.07
44.31,44.31,71.55,79.85,83.40
41.96,41.96,67.04,82.58,84.49
42.51,42.51,71.18,81.14,82.27
43.55,43.55,72.59,76.63,82.54
43.41,43.41,72.36,80.19,83.98
44.33,44.33,77.23,81.25,81.09
42.73,42.73,71.24,75.46,81.00
41.88,41.88,66.24,76.20,82.77
37.24,37.24,68.34,78.59,82.88
40.17,40.17,75.65,80.45,75.57
37.09,37.09,81.36,77.33,80.07
36.04,36.04,85.50,75.65,80.89
39.16,39.16,85.42,76.49,79.84
46.49,46.49,80.34,78.94,79.00
54.94,54.94,81.18,78.71,78.11
62.97,62.97,75.88,77.04,81.31
68.56,68.56,77.71,78.31,82.68
71.73,71.73,71.58,78.56,80.42
73.22,73.22,82.43,81.47,79.27
75.42,75.42,77.30,75.69,80.34
78.64,78.64,85.76,74.06,78.80
80.58,80.58,82.66,79.87,77.77
80.75,80.75,77.92,80.18,77.17
81.80,81.80,79.55,81.81,78.13
82.61,82.61,77.10,77.41,80.40
84.24,84.24,77.81,80.43,79.03
84.82,84.82,80.92,80.28,80.27
80.89,80.89,76.60,80.66,79.65
79.80,79.80,75.74,75.58,78.96
81.36,81.36,77.65,76.17,79.59
81.35,81.35,75.46,74.82,76.47
83.26,83.26,76.35,77.12,78.59
83.65,83.65,76.13,78.64,81.51
83.48,83.48,73.37,77.22,80.22
83.90,83.90,78.18,81.26,80.71
81.56,81.56,72.45,80.89,78.98
82.68,82.68,71.75,80.22,82.14
84.88,84.88,70.92,82.91,82.49
85.39,85.39,70.37,80.67,76.87
84.66,84.66,70.12,75.36,79.49
84.81,84.81,72.08,79.13,79.21
82.47,82.47,69.70,79.98,78.67
81.79,81.79,72.92,76.56,78.59
83.17,83.17,69.73,79.50,81.14
83.61,83.61,68.86,82.14,79.08
79.97,79.97,65.55,81.17,79.12
76.51,76.51,68.74,78.43,76.21
74.39,74.39,64.07,79.40,79.49
76.49,76.49,63.82,79.97,78.19
76.76,76.76,62.68,81.06,79.03
76.82,76.82,65.47,80.15,78.38
78.25,78.25,68.96,83.52,77.68
80.92,80.92,73.97,76.36,79.62
81.62,81.62,78.22,81.63,81.04
79.47,79.47,78.91,82.49,81.95
81.16,81.16,77.94,82.46,83.01
80.95,80.95,77.42,82.31,81.98
81.96,81.96,76.04,83.26,80.17
83.21,83.21,73.03,83.98,80.95
82.56,82.56,70.34,83.40,77.52
82.17,82.17,65.98,82.15,75.66
80.19,80.19,66.77,82.35,78.61
80.28,80.28,68.64,84.49,82.18
79.19,79.19,66.21,85.02,83.74
79.56,79.56,68.01,85.44,82.39
80.42,80.42,69.28,85.59,79.35
77.85,77.85,66.57,84.49,83.78
77.79,77.79,61.18,85.81,82.97
77.83,77.83,58.67,85.95,79.12
76.70,76.70,55.99,86.09,76.54
76.87,76.87,60.87,85.36,78.51
76.02,76.02,59.09,87.18,78.72
75.99,75.99,62.32,87.13,80.22
80.85,80.85,55.47,85.11,77.04
82.66,82.66,66.71,83.26,79.83
82.14,82.14,65.22,80.49,80.79
79.73,79.73,58.24,86.15,82.06
78.89,78.89,51.20,84.81,80.77
80.36,80.36,52.46,82.86,80.52
73.79,73.79,61.39,83.55,80.21
71.76,71.76,65.16,85.90,78.71
73.66,73.66,61.26,83.75,77.69
69.51,69.51,60.84,81.31,76.64
72.09,72.09,72.90,80.62,77.79
74.35,74.35,79.52,76.08,81.33
75.21,75.21,84.50,70.80,79.87
77.02,77.02,84.56,75.54,78.60
75.42,75.42,89.10,75.12,77.52
76.32,76.32,91.20,74.49,75.33
79.18,79.18,92.69,76.27,75.91
82.78,82.78,82.38,69.85,81.25
82.98,82.98,85.22,69.87,84.42
83.25,83.25,89.73,76.31,81.03
83.35,83.35,87.49,80.73,82.38
78.10,78.10,91.10,78.88,81.29
80.89,80.89,89.69,77.74,81.23
79.15,79.15,89.18,81.46,80.67
79.23,79.23,87.29,81.37,79.84
82.58,82.58,80.90,79.19,79.51
82.04,82.04,80.35,81.39,79.43
79.68,79.68,85.21,80.17,79.55
82.31,82.31,84.94,79.20,74.03
82.27,82.27,84.35,73.90,75.68
80.12,80.12,74.78,74.78,77.76
78.55,78.55,75.96,79.83,76.94
77.53,77.53,76.26,83.73,74.50
76.87,76.87,70.84,82.79,78.73
74.54,74.54,74.43,83.02,84.90
70.37,70.37,75.91,82.12,81.69
69.59,69.59,76.23,82.90,83.03
72.82,72.82,73.30,83.25,84.08
78.01,78.01,71.67,80.15,83.12
77.07,77.07,69.85,80.62,80.79
75.59,75.59,73.37,79.30,82.32
72.89,72.89,74.72,75.35,79.70
70.15,70.15,70.19,83.84,80.84
69.96,69.96,70.39,84.48,80.25
69.08,69.08,71.76,84.67,81.57
69.41,69.41,65.35,84.05,84.94
77.09,77.09,61.92,80.81,83.35
74.88,74.88,71.95,82.39,81.99
69.28,69.28,71.68,83.68,81.79
64.75,64.75,76.37,83.80,82.11
70.04,70.04,73.33,82.61,82.33
70.60,70.60,75.59,81.53,82.15
68.72,68.72,76.74,83.34,82.71
66.93,66.93,71.88,80.97,80.87
67.99,67.99,69.55,82.04,81.11
67.54,67.54,71.94,83.25,81.94
61.91,61.91,65.95,84.83,82.13
64.46,64.46,65.32,81.80,80.88
59.80,59.80,63.99,81.66,82.98
63.60,63.60,56.64,84.45,81.47
62.48,62.48,57.15,83.01,82.31
62.12,62.12,51.46,83.16,81.48
69.42,69.42,48.82,83.27,80.56
79.72,79.72,54.98,83.76,78.78
82.21,82.21,51.68,81.62,77.91
80.87,80.87,58.89,82.27,79.61
79.62,79.62,61.37,82.48,79.40
80.39,80.39,56.63,86.10,82.60
80.74,80.74,58.26,84.41,80.33
83.39,83.39,49.83,82.68,79.69
82.85,82.85,49.17,81.05,80.84
80.95,80.95,44.18,83.66,79.09
82.22,82.22,44.38,86.77,79.09
81.81,81.81,52.51,84.36,79.08
85.81,85.81,63.95,84.24,76.54
79.66,79.66,72.30,83.33,76.44
79.96,79.96,85.51,78.51,77.96
80.33,80.33,82.46,82.36,75.78
84.01,84.01,78.69,82.31,76.47
84.73,84.73,75.15,83.24,76.98
85.08,85.08,72.45,83.71,78.00
84.65,84.65,74.59,83.37,80.63
84.17,84.17,73.75,81.97,79.47
82.92,82.92,69.26,83.50,76.19
85.15,85.15,68.97,84.28,78.16
85.64,85.64,75.15,82.17,77.45
84.66,84.66,73.04,83.23,75.34
82.75,82.75,73.19,83.67,79.68
85.28,85.28,71.70,80.96,78.23
83.72,83.72,68.91,82.04,76.53
82.01,82.01,70.30,82.67,76.63
85.40,85.40,67.71,83.40,76.72
82.97,82.97,68.00,83.03,75.41
84.98,84.98,68.07,83.25,75.43
82.83,82.83,69.76,84.30,76.88
82.03,82.03,65.90,85.10,77.97
80.87,80.87,63.58,82.52,76.13
79.44,79.44,63.90,84.47,77.43
82.01,82.01,67.93,83.58,81.16
82.86,82.86,68.69,82.89,81.21
80.27,80.27,68.24,84.96,80.21
79.88,79.88,62.84,82.58,81.14
78.41,78.41,65.38,83.34,80.55
75.37,75.37,64.15,84.93,81.15
73.05,73.05,66.11,84.82,80.35
73.77,73.77,63.14,83.94,80.32
72.59,72.59,59.80,84.40,77.12
74.52,74.52,58.58,85.68,78.92
80.22,80.22,59.97,82.38,81.31
80.78,80.78,58.57,84.53,82.73
81.25,81.25,62.49,82.93,83.15
81.93,81.93,61.71,79.14,84.14
81.32,81.32,56.85,79.12,83.02
81.50,81.50,54.88,80.22,79.38
80.83,80.83,51.40,82.05,83.27
81.84,81.84,48.52,82.62,81.53
83.32,83.32,48.73,83.25,82.54
81.91,81.91,46.90,83.80,82.23
82.14,82.14,51.89,84.28,80.06
79.29,79.29,62.55,83.89,85.46
80.97,80.97,64.10,82.14,78.68
80.45,80.45,66.72,78.83,85.11
80.64,80.64,64.15,83.12,80.54
81.37,81.37,66.51,83.28,81.99
83.46,83.46,63.60,80.74,78.91
81.92,81.92,64.07,81.10,77.95
79.26,79.26,67.02,83.06,84.97
78.48,78.48,67.13,84.03,79.00
81.15,81.15,73.20,83.39,80.93
83.70,83.70,80.14,77.05,79.44
81.88,81.88,83.18,72.57,79.62
80.12,80.12,86.24,67.22,81.10
78.70,78.70,87.29,76.71,81.35
79.65,79.65,86.03,79.83,80.23
76.46,76.46,90.64,82.68,78.53
76.64,76.64,83.75,82.76,78.25
74.86,74.86,82.27,81.09,80.17
76.86,76.86,81.16,79.59,80.42
74.79,74.79,75.71,78.29,74.75
75.32,75.32,79.06,73.98,75.27
76.45,76.45,85.75,68.74,79.61
78.03,78.03,89.21,69.59,80.29
78.74,78.74,89.49,71.82,81.50
78.19,78.19,89.59,63.65,83.21
82.26,82.26,88.99,71.16,81.28
78.77,78.77,89.12,75.51,79.15
77.69,77.69,86.09,69.14,81.73
82.24,82.24,83.47,70.92,84.73
83.71,83.71,86.04,74.23,83.45
83.21,83.21,86.76,72.09,80.73
83.48,83.48,88.22,62.50,81.29
83.71,83.71,87.95,63.44,80.12
83.08,83.08,86.84,66.22,78.67
83.86,83.86,83.47,66.28,82.37
84.24,84.24,84.07,68.98,80.63
84.64,84.64,86.36,69.70,81.19
85.48,85.48,84.23,67.10,81.31
84.10,84.10,77.00,62.37,82.20
85.20,85.20,76.14,72.60,83.96
84.49,84.49,78.27,70.90,81.05
86.65,86.65,77.56,74.04,78.53
85.00,85.00,68.97,77.38,77.35
86.97,86.97,72.29,76.15,80.34
84.13,84.13,70.71,76.74,80.94
84.13,84.13,70.00,72.32,79.74
83.12,83.12,75.62,70.54,80.72
84.25,84.25,74.82,76.40,81.34
83.64,83.64,71.58,76.67,79.14
83.86,83.86,74.41,76.70,79.48
84.07,84.07,71.40,73.65,79.28
82.43,82.43,73.15,70.76,77.74
84.96,84.96,69.80,75.68,77.56
84.44,84.44,67.29,72.23,83.47
84.00,84.00,64.35,68.75,79.95
84.28,84.28,69.16,70.39,81.61
84.57,84.57,72.38,71.76,78.71
81.52,81.52,64.27,72.42,81.39
85.92,85.92,70.37,78.97,81.80
87.21,87.21,64.14,74.17,80.30
85.15,85.15,64.87,72.27,78.65
86.85,86.85,57.99,73.03,78.47
84.75,84.75,60.31,72.57,77.29
83.76,83.76,61.88,73.46,79.89
83.10,83.10,65.65,73.89,82.10
83.63,83.63,63.14,79.23,81.79
83.82,83.82,68.61,77.79,80.77
83.91,83.91,58.12,73.24,82.97
82.24,82.24,60.89,72.66,84.84
81.61,81.61,57.95,77.56,83.98
80.29,80.29,61.23,79.73,81.26
82.72,82.72,56.04,74.73,84.75
81.02,81.02,56.97,74.93,82.74
80.36,80.36,63.61,76.63,83.42
81.04,81.04,70.98,80.23,80.94
82.53,82.53,74.04,81.05,79.66
79.03,79.03,80.47,79.73,78.16
80.45,80.45,79.92,75.54,80.40
79.59,79.59,81.56,80.33,80.54
77.54,77.54,77.25,77.04,79.06
77.57,77.57,71.35,79.44,81.21
76.53,76.53,78.80,76.67,81.48
77.42,77.42,75.53,74.61,81.00
76.36,76.36,74.58,77.31,82.55
76.39,76.39,75.17,80.72,82.36
73.24,73.24,81.83,75.39,81.04
70.63,70.63,85.95,80.06,80.24
70.58,70.58,84.01,72.93,79.19
68.67,68.67,83.33,75.11,79.15
67.80,67.80,81.75,75.05,79.45
66.69,66.69,80.34,78.88,79.71
66.26,66.26,78.94,78.31,81.89
65.01,65.01,83.65,79.41,84.06
64.41,64.41,78.79,77.59,82.97
64.25,64.25,80.02,77.14,82.80
62.57,62.57,76.52,78.04,78.64
63.93,63.93,77.57,77.00,81.79
61.44,61.44,70.18,77.46,80.32
59.98,59.98,73.70,76.96,80.89
60.97,60.97,78.28,81.62,83.77
61.25,61.25,74.47,73.16,84.11
59.99,59.99,73.96,77.30,83.62
58.52,58.52,74.62,71.14,84.33
59.38,59.38,72.51,76.82,85.08
56.39,56.39,73.38,75.49,84.33
60.36,60.36,67.26,77.86,82.41
59.23,59.23,66.94,78.67,82.67
58.10,58.10,64.42,79.39,83.36
52.26,52.26,64.84,79.35,83.77
55.66,55.66,65.26,76.91,83.81
53.66,53.66,68.99,77.83,82.12
56.71,56.71,62.50,78.05,83.35
53.72,53.72,64.30,75.93,83.07
53.87,53.87,56.83,78.97,83.99
52.31,52.31,57.85,78.14,80.14
49.95,49.95,62.92,77.26,82.12
46.52,46.52,61.10,71.27,78.01
48.90,48.90,62.19,78.42,79.97
43.06,43.06,70.83,80.53,85.70
43.61,43.61,65.63,81.46,84.66
45.14,45.14,64.12,79.59,81.43
44.86,44.86,62.59,83.17,81.64
45.17,45.17,58.59,82.73,82.25
44.08,44.08,64.10,81.63,78.68
44.83,44.83,62.47,79.88,79.35
44.61,44.61,59.74,80.72,78.83
43.58,43.58,64.01,81.14,77.80
43.96,43.96,62.36,79.19,77.64
42.47,42.47,74.87,80.07,81.13
42.33,42.33,78.38,80.10,82.28
43.20,43.20,81.64,80.43,78.70
43.69,43.69,84.66,79.19,79.64
42.48,42.48,81.30,79.58,79.06
41.92,41.92,75.28,79.25,82.24
41.30,41.30,69.85,81.62,81.67
41.78,41.78,77.51,81.82,83.41
45.91,45.91,72.37,78.30,85.30
52.55,52.55,68.27,78.51,83.64
59.36,59.36,80.23,81.43,81.38
67.20,67.20,80.61,81.51,81.86
72.90,72.90,81.93,80.56,79.09
76.27,76.27,80.61,79.22,79.70
75.85,75.85,80.19,79.51,77.38
76.49,76.49,81.96,78.34,76.96
79.54,79.54,81.77,77.83,77.43
77.39,77.39,75.65,80.63,77.57
73.48,73.48,74.24,83.91,78.67
79.14,79.14,75.14,78.54,79.06
75.90,75.90,77.96,78.56,76.71
77.40,77.40,81.57,78.92,75.99
80.75,80.75,86.83,67.39,77.97
76.57,76.57,88.13,72.53,75.06
77.79,77.79,89.78,70.18,75.49
78.52,78.52,90.09,70.33,79.87
74.34,74.34,86.10,74.77,78.20
77.01,77.01,86.51,74.23,75.39
78.66,78.66,85.62,75.05,80.22
77.13,77.13,89.99,76.60,78.90
79.11,79.11,88.05,75.14,79.76
77.33,77.33,87.76,75.26,77.44
77.34,77.34,91.16,76.72,80.88
80.25,80.25,84.53,80.13,80.00
77.95,77.95,87.94,82.87,80.11
77.45,77.45,82.87,79.98,78.88
78.60,78.60,85.53,78.57,79.18
76.21,76.21,86.10,82.55,79.57
77.43,77.43,87.42,82.20,78.13
77.99,77.99,84.53,82.30,78.98
72.86,72.86,80.39,82.33,78.64
72.33,72.33,72.65,82.88,79.70
75.41,75.41,70.45,82.99,78.47
77.52,77.52,71.20,83.13,81.84
76.70,76.70,73.66,81.79,81.06
82.04,82.04,72.88,80.79,79.41
81.23,81.23,69.17,83.80,79.23
81.10,81.10,73.67,82.82,81.26
80.20,80.20,69.60,82.45,76.29
75.05,75.05,68.10,84.01,76.98
72.92,72.92,72.51,85.14,75.84
72.93,72.93,68.70,83.28,77.63
73.43,73.43,71.17,83.57,78.19
75.64,75.64,69.62,83.04,79.30
76.33,76.33,75.24,85.12,83.13
82.67,82.67,76.13,83.76,81.25
79.77,79.77,68.45,82.83,83.27
80.46,80.46,60.31,83.28,81.92
81.19,81.19,69.09,83.27,83.41
80.06,80.06,70.15,83.35,81.62
77.75,77.75,69.38,83.92,81.63
74.79,74.79,72.29,83.84,83.92
70.75,70.75,70.29,83.90,84.33
72.76,72.76,64.14,84.64,83.39
70.08,70.08,59.27,81.08,82.45
76.30,76.30,59.40,82.35,83.62
80.42,80.42,61.27,81.87,85.13
80.35,80.35,63.50,82.61,84.47
81.16,81.16,61.86,81.75,83.75
83.36,83.36,60.26,83.60,80.91
80.67,80.67,57.56,84.16,83.41
79.39,79.39,62.32,84.98,83.66
81.82,81.82,62.39,81.93,82.05
80.40,80.40,60.52,84.03,79.24
79.28,79.28,63.97,82.35,82.18
77.11,77.11,64.37,82.34,83.79
79.25,79.25,69.01,84.01,81.86
79.04,79.04,63.57,84.50,81.96
74.05,74.05,58.81,79.35,82.01
73.30,73.30,54.56,83.58,81.30
65.98,65.98,50.18,83.31,81.74
70.15,70.15,47.03,85.00,83.45
69.61,69.61,46.01,83.24,80.00
68.78,68.78,55.23,82.64,81.46
64.51,64.51,63.96,81.24,80.66
70.31,70.31,75.69,81.90,79.66
74.58,74.58,88.20,77.77,77.92
78.47,78.47,79.45,81.76,78.91
82.38,82.38,79.52,80.57,77.68
82.18,82.18,80.58,76.64,76.63
84.35,84.35,78.69,82.18,78.89
82.86,82.86,78.24,81.02,76.07
85.06,85.06,78.20,80.45,77.68
79.84,79.84,79.06,82.26,76.28
81.03,81.03,74.69,84.33,79.85
81.08,81.08,75.74,80.47,79.46
82.93,82.93,77.10,76.21,80.54
84.78,84.78,73.67,80.19,81.80
83.05,83.05,78.57,81.50,80.06
82.22,82.22,73.27,82.01,81.59
80.12,80.12,69.22,83.36,78.03
83.36,83.36,73.68,80.66,80.15
81.57,81.57,71.82,83.68,78.64
79.79,79.79,71.01,82.07,77.46
81.39,81.39,67.04,83.61,77.05
82.68,82.68,69.48,82.01,77.39
81.74,81.74,68.86,82.61,74.63
82.86,82.86,62.79,78.41,78.20
83.92,83.92,74.40,81.35,78.02
76.93,76.93,72.46,79.19,76.20
76.23,76.23,71.55,80.99,78.74
78.11,78.11,68.60,79.57,77.49
74.22,74.22,69.26,82.16,77.54
73.82,73.82,68.61,80.51,77.86
73.04,73.04,63.56,82.22,76.70
71.22,71.22,64.71,80.32,79.32
69.69,69.69,70.36,82.01,77.69
69.76,69.76,69.95,80.18,79.50
66.94,66.94,75.88,77.85,80.27
62.72,62.72,86.94,77.56,80.51
64.22,64.22,81.45,78.20,80.61
64.83,64.83,78.95,78.80,82.56
64.77,64.77,82.31,79.11,81.86
61.48,61.48,88.07,81.07,81.38
62.25,62.25,79.06,78.71,79.49
61.30,61.30,81.21,81.06,81.52
61.18,61.18,75.73,77.00,82.48
59.54,59.54,74.07,79.39,81.73
60.48,60.48,75.27,76.32,79.75
61.33,61.33,84.11,77.69,79.24
58.84,58.84,86.21,77.33,81.14
56.23,56.23,81.11,77.74,79.75
54.16,54.16,78.26,77.11,80.06
56.71,56.71,88.82,76.60,82.24
59.52,59.52,86.67,78.69,81.88
61.92,61.92,84.20,80.12,82.10
66.07,66.07,80.65,80.36,80.10
76.26,76.26,76.93,78.13,81.05
77.77,77.77,78.05,75.83,79.83
80.29,80.29,87.11,79.90,76.91
78.65,78.65,80.44,80.45,77.52
76.07,76.07,84.33,78.78,78.44
66.98,66.98,83.61,77.23,74.95
62.95,62.95,92.26,75.06,78.29
63.33,63.33,84.34,71.25,80.58
62.70,62.70,82.96,70.86,79.97
61.23,61.23,85.20,72.35,78.95
68.27,68.27,83.93,70.88,76.68
72.92,72.92,86.92,70.93,74.91
77.45,77.45,83.83,69.13,74.09
83.93,83.93,82.23,68.10,77.80
77.35,77.35,90.01,71.65,77.84
77.94,77.94,90.31,73.10,76.16
76.62,76.62,92.32,71.99,77.40
82.12,82.12,89.13,67.66,76.61
80.73,80.73,87.37,73.02,78.99
85.01,85.01,82.64,70.65,79.95
84.09,84.09,82.93,69.25,79.60
82.70,82.70,87.64,69.93,80.91
81.71,81.71,89.87,69.54,79.89
80.55,80.55,89.62,70.61,78.40
82.14,82.14,85.94,76.38,78.47
83.64,83.64,90.64,76.98,79.49
82.56,82.56,83.42,71.57,77.96
81.12,81.12,84.85,71.88,76.67
83.58,83.58,84.76,69.10,79.44
79.07,79.07,85.73,74.68,79.69
81.44,81.44,84.36,76.03,80.18
82.19,82.19,82.25,78.23,79.50
78.59,78.59,75.31,76.24,81.45
76.62,76.62,75.83,78.91,82.81
78.81,78.81,76.35,79.33,84.02
77.58,77.58,73.26,76.45,83.80
78.12,78.12,77.01,75.09,84.42
74.59,74.59,77.03,75.89,83.67
74.80,74.80,72.56,80.29,83.96
75.28,75.28,75.98,81.87,85.12
72.48,72.48,76.22,80.43,85.51
73.34,73.34,74.25,76.86,83.33
73.54,73.54,76.75,78.27,82.96
71.85,71.85,72.66,77.92,82.27
72.73,72.73,69.08,75.80,80.10
76.88,76.88,71.04,77.62,78.97
83.07,83.07,65.11,76.37,77.77
83.30,83.30,69.80,77.81,75.97
80.00,80.00,68.88,80.22,76.62
83.24,83.24,61.32,80.87,74.15
84.85,84.85,67.66,81.18,74.69
84.38,84.38,74.26,82.23,75.49
84.94,84.94,72.03,78.74,78.00
80.52,80.52,70.82,78.60,80.45
80.85,80.85,61.27,77.96,81.01
80.67,80.67,64.62,75.01,77.62
82.14,82.14,63.95,71.28,79.19
80.35,80.35,71.48,81.06,79.52
80.91,80.91,73.36,81.65,77.17
82.15,82.15,70.52,80.08,75.42
80.84,80.84,64.50,77.08,76.60
80.08,80.08,70.74,76.82,76.33
77.56,77.56,63.80,80.05,75.46
75.73,75.73,62.08,75.98,74.72
77.51,77.51,65.36,77.62,75.03
76.56,76.56,68.53,78.17,73.37
80.95,80.95,69.50,75.93,77.41
80.85,80.85,72.85,76.63,75.27
80.23,80.23,78.33,75.34,77.80
80.35,80.35,81.70,80.15,77.88
76.29,76.29,70.63,77.13,78.38
74.85,74.85,75.32,74.76,80.23
70.42,70.42,77.52,78.93,80.39
71.78,71.78,73.86,78.54,78.66
68.46,68.46,66.07,78.12,79.66
65.12,65.12,72.20,79.31,79.22
68.20,68.20,71.88,81.91,78.07
74.09,74.09,75.64,81.11,80.23
77.42,77.42,83.19,79.41,79.37
79.81,79.81,80.72,78.36,77.66
82.99,82.99,80.46,77.75,78.89
84.23,84.23,80.20,79.17,77.42
83.45,83.45,82.02,74.74,79.01
83.47,83.47,79.42,77.08,79.63
84.08,84.08,79.54,75.58,78.34
82.57,82.57,76.17,77.23,78.12
82.37,82.37,79.30,78.11,79.13
82.90,82.90,79.22,77.25,78.49
82.85,82.85,77.00,76.86,75.45
84.87,84.87,78.99,80.84,76.59
85.41,85.41,71.49,78.51,79.85
83.69,83.69,65.55,73.87,80.62
86.81,86.81,69.62,75.09,81.33
86.71,86.71,64.34,80.61,80.23
83.79,83.79,74.14,81.03,80.66
85.82,85.82,66.43,79.12,79.45
86.20,86.20,69.49,79.62,80.12
82.39,82.39,68.36,81.73,81.73
83.54,83.54,71.94,81.28,79.86
87.11,87.11,67.94,77.45,76.96
82.83,82.83,64.95,77.95,79.69
84.59,84.59,64.00,80.59,79.66
85.17,85.17,66.99,79.09,77.84
85.27,85.27,68.43,77.10,79.49
87.23,87.23,62.45,78.27,77.65
86.29,86.29,63.85,78.14,76.05
87.22,87.22,61.54,77.84,75.29
85.98,85.98,55.60,79.33,76.36
83.48,83.48,62.37,77.35,75.46
84.97,84.97,60.75,79.81,72.46
84.89,84.89,61.68,79.89,73.99
84.39,84.39,66.41,78.35,75.35
83.34,83.34,67.49,79.62,76.82
85.24,85.24,64.61,78.74,74.73
86.28,86.28,65.06,78.33,75.80
85.04,85.04,59.65,78.17,74.59
85.27,85.27,57.90,79.07,76.70
84.88,84.88,60.25,79.54,75.55
83.73,83.73,59.82,78.83,75.97
81.79,81.79,58.77,79.84,76.86
82.50,82.50,65.01,81.23,76.41
84.46,84.46,60.14,80.26,73.90
82.53,82.53,62.17,79.49,74.74
83.27,83.27,62.96,78.78,73.83
82.89,82.89,64.49,81.72,75.17
83.46,83.46,64.58,81.05,74.44
85.86,85.86,67.99,76.64,72.97
84.51,84.51,63.56,78.98,72.75
82.19,82.19,63.67,81.91,71.46
84.13,84.13,60.45,81.00,71.79
85.29,85.29,65.86,78.86,70.63
83.46,83.46,64.72,81.40,70.36
82.18,82.18,60.71,81.44,74.67
83.82,83.82,59.57,80.43,71.83
83.31,83.31,55.00,79.45,72.76
83.13,83.13,56.20,81.10,76.40
83.19,83.19,59.25,82.91,77.36
84.08,84.08,57.99,80.67,75.75
84.33,84.33,60.56,78.32,75.22
85.26,85.26,63.94,78.10,75.82
81.06,81.06,72.70,79.41,72.83
82.60,82.60,70.91,72.80,73.52
80.07,80.07,87.30,59.67,65.71
78.03,78.03,85.05,51.80,70.71
80.22,80.22,79.41,49.59,76.44
80.56,80.56,73.99,48.24,77.24
79.41,79.41,71.42,52.62,75.68
78.62,78.62,72.21,54.35,73.23
74.67,74.67,70.00,52.33,69.81
73.01,73.01,67.85,48.38,70.00
72.15,72.15,60.51,41.67,70.96
73.12,73.12,62.67,43.49,71.04
72.21,72.21,60.98,43.07,69.99
70.62,70.62,64.09,36.10,74.97
70.83,70.83,54.02,31.95,74.95
69.73,69.73,59.24,36.07,73.76
68.03,68.03,63.85,39.06,74.77
67.13,67.13,61.56,33.73,74.68
69.80,69.80,69.04,38.18,74.38
69.85,69.85,58.04,32.65,72.87
67.03,67.03,61.88,36.45,72.85
69.82,69.82,53.61,32.46,73.82
68.35,68.35,60.67,32.06,72.80
67.42,67.42,62.15,35.26,73.83
68.43,68.43,54.59,36.11,75.11
67.25,67.25,64.09,34.92,73.75
64.94,64.94,54.17,28.86,73.70
64.39,64.39,59.29,31.44,74.53
66.21,66.21,56.78,26.69,71.74
65.87,65.87,54.32,27.29,73.89
63.12,63.12,54.87,31.10,71.82
62.61,62.61,60.81,23.72,73.78
63.88,63.88,55.57,23.58,73.95
63.73,63.73,55.95,17.03,73.65
62.71,62.71,59.68,15.76,80.92
62.70,62.70,65.23,18.03,81.39
61.98,61.98,71.42,19.23,80.18
62.38,62.38,66.56,14.42,79.06
62.27,62.27,57.24,19.97,77.90
61.56,61.56,56.53,29.92,77.48
60.03,60.03,59.54,26.69,75.87
61.94,61.94,57.65,29.01,75.25
59.90,59.90,57.20,32.64,73.70
60.55,60.55,52.84,35.52,71.09
60.98,60.98,55.19,30.98,67.52
57.13,57.13,52.55,30.66,68.26
57.10,57.10,55.19,30.49,69.33
60.91,60.91,51.29,31.11,70.42
59.63,59.63,49.60,39.08,70.85
59.91,59.91,47.27,35.59,70.26
60.68,60.68,59.12,37.11,68.81
57.71,57.71,49.36,38.55,67.79
60.33,60.33,50.95,37.30,66.96
58.75,58.75,49.85,41.21,68.72
55.53,55.53,48.94,38.03,67.21
55.81,55.81,49.74,37.72,67.47
55.59,55.59,44.62,40.96,70.26
55.93,55.93,48.96,40.76,69.74
57.91,57.91,51.45,40.04,69.69
54.93,54.93,49.55,35.86,69.85
55.48,55.48,51.57,46.91,66.94
56.40,56.40,52.90,40.20,67.49
57.18,57.18,50.11,36.52,67.68
56.74,56.74,53.88,33.24,67.89
59.87,59.87,52.95,24.58,65.73
62.83,62.83,54.66,17.37,66.00
72.69,72.69,64.04,15.43,73.12
80.36,80.36,83.41,5.11,74.96
75.47,75.47,86.08,6.09,74.32
77.30,77.30,80.44,13.15,74.04
79.42,79.42,77.05,20.05,74.65
81.13,81.13,72.54,20.86,73.34
80.67,80.67,70.61,17.40,72.34
81.30,81.30,70.11,11.78,72.03
79.57,79.57,70.17,1.09,71.09
76.63,76.63,67.61,-0.00,70.25
70.89,70.89,68.01,1.68,63.99
64.59,64.59,66.68,8.52,66.95
66.65,66.65,62.51,12.19,67.94
64.47,64.47,63.17,15.80,69.12
60.03,60.03,63.81,19.69,66.23
58.82,58.82,61.15,19.85,67.42
58.95,58.95,61.83,21.19,67.74
59.68,59.68,59.56,21.89,66.95
62.20,62.20,57.83,21.68,68.35
58.93,58.93,57.09,18.09,66.02
55.17,55.17,51.95,17.65,66.79
51.46,51.46,56.46,17.16,69.79
55.17,55.17,58.75,16.26,67.28
51.58,51.58,57.31,21.11,69.72
48.96,48.96,62.20,27.16,69.95
47.95,47.95,63.45,25.41,70.22
49.06,49.06,58.75,29.07,69.47
47.22,47.22,58.66,31.03,69.01
59.03,59.03,62.19,29.39,69.29
57.74,57.74,62.03,24.41,67.05
63.84,63.84,59.17,19.83,67.53
72.75,72.75,52.16,21.51,66.39
84.52,84.52,54.66,20.56,69.70
81.04,81.04,62.81,18.52,76.69
83.04,83.04,69.35,13.86,77.18
81.56,81.56,67.35,19.14,77.34
78.69,78.69,65.09,27.67,76.29
77.69,77.69,59.60,25.72,74.59
77.33,77.33,59.10,30.54,73.98
79.09,79.09,58.76,27.18,71.91
78.88,78.88,55.82,29.08,70.01
80.56,80.56,53.05,23.34,69.97
79.49,79.49,57.74,7.95,68.79
78.54,78.54,72.94,0.32,69.10
76.13,76.13,86.04,0.05,70.00
74.83,74.83,77.17,5.06,70.92
75.13,75.13,74.52,10.41,72.73
76.14,76.14,73.36,11.16,70.96
73.14,73.14,72.03,12.50,70.82
64.99,64.99,71.56,14.04,70.04
66.70,66.70,70.93,11.31,69.43
67.64,67.64,68.84,11.76,71.17
67.29,67.29,68.96,8.87,72.49
68.34,68.34,76.60,10.50,74.33
66.73,66.73,89.53,13.17,72.85
64.45,64.45,85.38,18.01,73.18
66.32,66.32,82.79,25.36,73.59
63.64,63.64,81.18,27.02,73.80
62.96,62.96,80.04,28.38,74.41
60.82,60.82,78.76,29.55,74.57
59.02,59.02,78.52,31.76,74.22
55.79,55.79,77.72,31.59,73.13
58.16,58.16,76.73,33.64,71.46
63.98,63.98,77.76,36.89,70.81
74.83,74.83,81.59,27.13,70.62
77.57,77.57,90.41,20.57,75.28
75.61,75.61,76.13,24.94,75.55
77.15,77.15,76.16,26.60,75.56
79.00,79.00,77.00,37.41,72.38
79.83,79.83,75.87,32.11,69.89
80.57,80.57,75.99,40.19,70.85
78.21,78.21,75.40,40.37,71.88
80.74,80.74,74.81,34.12,70.91
80.03,80.03,73.54,35.19,70.59
79.13,79.13,75.09,33.42,70.94
77.98,77.98,73.89,34.47,69.67
77.86,77.86,72.44,32.74,70.60
77.98,77.98,72.59,32.29,72.33
78.97,78.97,70.55,32.59,72.28
75.58,75.58,69.02,36.37,73.44
75.58,75.58,66.29,43.65,71.33
73.39,73.39,66.80,39.60,70.53
71.37,71.37,60.58,37.59,68.73
71.55,71.55,58.59,29.94,71.34
72.16,72.16,63.75,38.77,70.03
68.13,68.13,64.47,40.36,71.18
68.93,68.93,65.76,36.34,71.39
64.74,64.74,67.96,43.02,76.57
63.60,63.60,65.86,34.52,75.42
59.01,59.01,59.22,39.84,76.16
61.27,61.27,60.25,40.99,75.38
61.57,61.57,60.56,44.18,74.75
62.50,62.50,52.62,34.45,73.15
62.37,62.37,55.70,43.22,71.80
61.67,61.67,52.12,42.08,70.77
65.55,65.55,52.46,35.61,71.55
73.36,73.36,54.03,38.27,71.08
81.30,81.30,46.00,39.70,77.45
80.69,80.69,51.15,44.41,78.48
79.79,79.79,52.41,45.88,76.53
80.18,80.18,54.81,40.34,72.40
78.64,78.64,54.96,43.94,73.47
78.95,78.95,52.60,42.59,73.85
77.56,77.56,56.01,43.82,73.84
77.47,77.47,54.52,40.42,73.64
78.06,78.06,44.88,42.94,69.30
79.69,79.69,49.55,43.61,68.70
79.24,79.24,48.25,45.72,66.97
79.51,79.51,50.12,46.02,68.72
76.84,76.84,50.11,46.65,68.04
78.45,78.45,48.52,47.22,68.85
77.14,77.14,40.92,44.14,67.97
78.41,78.41,46.60,42.29,70.39
77.59,77.59,49.10,47.72,70.09
77.42,77.42,46.47,42.47,69.41
76.42,76.42,42.05,38.97,68.98
76.31,76.31,45.21,42.75,70.87
73.08,73.08,42.44,38.87,72.87
68.54,68.54,43.66,34.39,71.85
64.06,64.06,47.95,43.22,71.86
62.06,62.06,48.19,46.47,72.65
61.96,61.96,41.89,45.71,73.01
61.89,61.89,42.06,47.92,71.37
63.81,63.81,46.01,45.63,70.03
61.45,61.45,39.08,40.39,70.38
64.41,64.41,37.67,40.75,68.78
67.07,67.07,43.94,37.73,67.34
67.20,67.20,46.44,31.73,65.70
73.87,73.87,61.37,28.41,70.58
85.37,85.37,76.67,13.19,78.06
77.99,77.99,84.56,16.84,80.36
78.64,78.64,80.02,20.84,79.01
81.40,81.40,73.76,29.57,77.20
79.39,79.39,70.74,26.01,77.22
78.65,78.65,68.24,27.16,77.75
77.96,77.96,65.92,28.48,76.39
79.07,79.07,61.97,30.31,73.85
80.06,80.06,56.56,31.46,70.65
78.19,78.19,54.58,37.62,66.80
78.96,78.96,52.70,37.49,63.42
79.70,79.70,47.61,40.85,63.93
78.80,78.80,49.20,38.71,65.49
77.96,77.96,46.26,42.05,64.62
78.76,78.76,49.29,38.54,68.15
80.41,80.41,47.31,41.54,67.48
78.56,78.56,43.60,39.48,67.12
77.36,77.36,43.66,36.90,68.22
78.19,78.19,37.63,40.81,71.21
79.02,79.02,38.56,42.42,69.03
80.32,80.32,40.67,44.18,69.82
78.77,78.77,40.23,43.56,66.60
80.39,80.39,39.84,39.30,65.40
81.30,81.30,41.66,39.95,66.50
79.14,79.14,41.24,40.11,69.34
79.75,79.75,35.14,35.13,73.16
78.58,78.58,39.51,34.67,74.67
79.71,79.71,36.84,42.65,74.79
78.76,78.76,38.50,35.61,75.14
79.42,79.42,38.75,34.67,75.95
79.65,79.65,41.43,36.16,72.56
80.03,80.03,45.84,41.99,72.18
77.82,77.82,60.37,47.59,76.29
76.32,76.32,55.13,42.77,77.66
78.67,78.67,45.55,27.42,76.01
79.23,79.23,41.50,39.37,77.38
79.58,79.58,39.40,42.49,75.00
80.49,80.49,36.32,35.14,75.02
81.27,81.27,35.02,34.30,71.33
80.99,80.99,35.77,38.16,70.65
81.04,81.04,36.74,41.89,67.51
78.08,78.08,34.87,40.65,68.00
78.50,78.50,35.73,44.30,63.18
79.39,79.39,40.81,43.39,68.39
78.76,78.76,47.19,44.82,70.89
80.20,80.20,41.86,43.38,70.53
81.54,81.54,42.20,45.92,69.75
83.19,83.19,46.94,44.68,70.05
79.26,79.26,40.52,42.57,70.77
80.17,80.17,42.83,46.91,68.80
80.48,80.48,44.61,45.44,69.39
79.14,79.14,42.37,44.48,68.38
82.53,82.53,31.99,43.14,68.01
80.22,80.22,42.77,41.12,68.68
80.71,80.71,46.72,47.21,69.03
81.20,81.20,36.95,30.98,67.77
80.20,80.20,41.30,33.49,68.97
79.87,79.87,48.48,40.24,65.44
80.48,80.48,40.75,38.95,63.49
80.24,80.24,36.62,38.85,66.64
81.34,81.34,44.25,36.52,66.40
77.86,77.86,48.03,39.31,68.14
78.62,78.62,41.15,31.05,68.18
78.94,78.94,52.64,26.09,69.35
76.53,76.53,58.89,18.78,66.96
76.81,76.81,72.28,13.60,73.88
74.38,74.38,90.21,5.25,75.49
70.28,70.28,82.01,14.61,69.37
70.60,70.60,78.55,24.12,70.11
70.13,70.13,75.75,30.00,71.12
70.78,70.78,74.04,34.05,66.36
73.50,73.50,75.16,35.92,69.12
70.73,70.73,72.90,36.59,71.63
70.82,70.82,72.30,36.01,70.65
69.26,69.26,67.89,33.23,77.29
69.39,69.39,67.90,32.51,80.25
71.55,71.55,66.19,41.47,78.49
69.67,69.67,63.45,39.38,78.70
68.60,68.60,65.08,36.97,78.53
66.47,66.47,65.73,35.57,77.50
71.41,71.41,65.60,41.03,78.10
70.01,70.01,62.13,40.79,77.90
70.49,70.49,59.88,34.21,77.33
67.82,67.82,63.41,36.80,76.51
67.26,67.26,55.35,35.08,75.42
68.44,68.44,52.18,41.38,76.79
67.16,67.16,52.90,39.18,76.94
67.76,67.76,61.30,37.47,77.95
66.40,66.40,61.34,38.94,72.89
67.30,67.30,65.48,39.24,74.00
65.99,65.99,60.93,36.32,71.59
64.59,64.59,58.02,38.48,70.50
68.53,68.53,59.47,41.57,71.43
66.29,66.29,52.14,44.09,71.05
63.87,63.87,48.53,40.75,73.45
65.29,65.29,54.66,36.20,72.03
62.87,62.87,50.21,36.70,78.53
62.81,62.81,53.92,37.87,78.96
61.32,61.32,54.84,37.01,75.87
64.37,64.37,65.78,43.87,72.47
61.51,61.51,62.03,33.09,72.30
61.70,61.70,55.65,31.63,70.96
61.40,61.40,51.48,39.27,72.49
62.94,62.94,51.30,38.98,73.82
63.51,63.51,46.24,36.52,71.47
59.89,59.89,44.40,44.55,67.87
58.63,58.63,50.68,43.34,67.86
57.37,57.37,51.17,46.77,78.61
57.66,57.66,52.13,43.17,76.44
59.59,59.59,52.77,42.03,76.44
58.67,58.67,48.37,44.25,75.50
57.16,57.16,48.37,47.80,74.37
55.75,55.75,45.77,44.77,74.45
53.57,53.57,49.74,48.52,73.75
56.00,56.00,46.99,46.57,72.98
56.93,56.93,49.24,50.19,74.46
54.67,54.67,50.14,45.93,74.39
57.32,57.32,46.06,45.98,71.84
55.97,55.97,47.36,48.83,74.95
57.03,57.03,46.22,45.97,75.62
53.56,53.56,46.58,43.06,76.66
55.58,55.58,47.97,42.82,76.31
54.39,54.39,49.40,43.31,75.79
51.87,51.87,47.28,50.21,75.49
52.64,52.64,46.79,44.93,73.47
56.58,56.58,45.74,37.99,72.26
62.62,62.62,42.63,41.05,71.79
66.53,66.53,50.11,41.33,70.77
82.64,82.64,64.85,34.24,71.76
77.86,77.86,70.38,28.44,73.40
78.62,78.62,74.50,23.84,71.59
78.66,78.66,71.96,30.64,67.17
78.87,78.87,69.37,32.74,66.79
80.83,80.83,67.40,34.27,67.40
81.91,81.91,63.61,30.67,69.10
80.79,80.79,61.89,25.40,67.22
77.34,77.34,56.74,26.16,66.70
77.48,77.48,49.97,27.37,65.97
77.89,77.89,50.08,37.15,68.28
77.55,77.55,53.42,31.98,77.58
79.38,79.38,53.41,38.14,77.69
78.73,78.73,53.73,41.83,75.43
77.82,77.82,54.43,38.16,76.06
75.02,75.02,51.99,42.60,75.44
72.20,72.20,50.38,37.55,76.20
68.30,68.30,51.03,40.88,75.94
65.55,65.55,44.85,43.98,75.86
60.42,60.42,50.64,41.08,74.33
55.40,55.40,51.85,39.23,74.80
54.93,54.93,53.14,46.61,70.40
55.96,55.96,56.12,46.92,74.17
61.35,61.35,50.22,44.63,75.92
60.27,60.27,49.98,50.16,74.80
56.07,56.07,50.26,50.41,75.32
52.26,52.26,50.71,44.60,73.96
53.78,53.78,43.50,43.30,72.23
55.00,55.00,47.40,45.55,69.54
55.99,55.99,48.40,46.49,66.24
55.38,55.38,35.12,41.11,67.38
61.59,61.59,37.29,46.19,64.41
79.02,79.02,34.34,51.39,66.61
78.85,78.85,34.79,51.96,73.32
80.39,80.39,42.65,49.67,73.10
79.58,79.58,51.05,55.67,69.98
80.15,80.15,50.73,50.55,67.52
79.95,79.95,53.83,48.76,67.56
81.56,81.56,49.47,44.37,67.79
80.48,80.48,47.20,36.81,69.64
79.99,79.99,42.23,40.59,69.79
78.62,78.62,40.26,43.37,65.52
79.85,79.85,48.63,36.96,61.97
78.35,78.35,55.03,39.18,77.19
74.81,74.81,77.28,31.99,78.06
73.56,73.56,89.13,23.17,76.04
75.83,75.83,83.14,20.93,76.39
74.63,74.63,81.55,27.81,77.38
67.60,67.60,79.64,30.64,77.88
68.09,68.09,78.69,33.22,78.67
68.55,68.55,77.84,34.51,77.97
66.15,66.15,76.98,32.82,76.72
65.33,65.33,75.42,29.91,77.61
65.72,65.72,75.07,29.93,78.04
65.66,65.66,75.54,26.66,78.73
64.32,64.32,84.59,22.61,74.29
65.94,65.94,84.09,27.49,76.00
64.69,64.69,80.57,30.19,75.48
64.44,64.44,78.81,36.43,76.12
64.93,64.93,77.52,38.73,74.15
64.25,64.25,75.92,41.11,71.65
64.14,64.14,74.35,44.67,71.90
60.32,60.32,73.31,41.76,73.00
60.20,60.20,71.61,37.70,72.55
72.28,72.28,72.14,38.04,68.78
80.24,80.24,82.39,41.72,71.66
75.39,75.39,89.15,39.48,66.85
74.12,74.12,75.09,44.71,67.89
74.62,74.62,74.20,45.91,68.30
74.71,74.71,76.35,52.46,68.51
77.72,77.72,75.15,47.97,67.06
80.32,80.32,74.97,53.00,69.06
79.13,79.13,72.94,49.60,68.47
78.28,78.28,71.81,50.81,66.28
77.78,77.78,63.93,43.44,65.68
75.33,75.33,68.92,51.04,70.03
72.74,72.74,64.63,48.49,69.95
73.82,73.82,65.37,50.96,70.47
76.55,76.55,66.97,49.00,70.90
74.35,74.35,64.36,48.80,69.54
72.98,72.98,66.04,48.63,68.55
73.60,73.60,59.43,45.40,67.47
73.15,73.15,58.96,44.33,68.83
73.33,73.33,64.73,47.27,67.62
73.81,73.81,57.85,47.77,67.29
74.42,74.42,52.70,49.78,69.97
73.05,73.05,52.65,44.84,70.16
68.99,68.99,54.04,47.92,70.68
62.96,62.96,56.04,51.76,69.17
58.91,58.91,59.58,52.12,71.45
59.94,59.94,61.60,45.11,70.16
60.34,60.34,56.64,46.00,70.91
59.84,59.84,60.80,46.58,68.67
60.31,60.31,57.02,47.87,68.65
63.25,63.25,55.70,48.88,67.36
65.03,65.03,59.41,45.38,68.59
68.73,68.73,55.25,51.32,69.36
69.98,69.98,68.84,49.89,73.75
76.50,76.50,77.93,50.55,74.00
79.88,79.88,71.10,42.42,69.55
78.52,78.52,65.43,41.65,68.60
78.61,78.61,64.72,40.01,69.78
77.50,77.50,60.16,41.14,66.33
77.42,77.42,57.22,40.14,68.91
77.46,77.46,50.92,39.68,68.40
78.37,78.37,45.86,42.13,64.86
78.59,78.59,43.22,43.68,60.13
78.80,78.80,42.25,37.78,64.82
76.66,76.66,40.90,40.26,70.75
77.83,77.83,43.05,42.35,71.55
77.80,77.80,32.04,41.51,71.90
77.25,77.25,39.83,38.54,74.70
77.10,77.10,41.14,42.66,73.69
77.80,77.80,42.50,41.84,73.14
76.94,76.94,28.79,41.69,70.02
76.59,76.59,35.31,45.46,69.65
76.84,76.84,40.40,39.21,68.72
77.62,77.62,34.79,43.07,65.64
74.97,74.97,39.25,38.58,66.14
68.20,68.20,44.40,49.33,68.43
66.09,66.09,44.89,50.31,67.37
63.77,63.77,38.16,52.64,70.78
62.05,62.05,37.61,51.59,68.57
61.66,61.66,48.98,59.43,66.79
61.74,61.74,52.11,49.89,65.95
61.38,61.38,36.39,53.29,63.72
60.57,60.57,44.84,48.33,62.53
60.49,60.49,44.86,45.11,58.67
72.76,72.76,56.15,50.79,68.80
79.02,79.02,73.33,56.06,79.65
77.09,77.09,84.18,51.45,76.14
79.83,79.83,77.77,50.60,71.43
78.47,78.47,69.80,47.78,71.89
80.15,80.15,70.08,48.13,70.12
79.94,79.94,65.13,51.61,70.38
78.91,78.91,59.83,53.73,70.42
77.25,77.25,55.64,52.19,69.72
79.07,79.07,48.27,55.56,66.27
78.99,78.99,47.96,52.19,67.61
81.09,81.09,47.38,53.37,64.83
76.54,76.54,48.22,52.85,77.79
76.49,76.49,41.58,47.69,76.92
80.06,80.06,40.99,52.00,74.95
78.56,78.56,42.12,54.53,68.37
77.23,77.23,40.92,48.13,68.14
76.69,76.69,38.69,45.74,68.88
78.78,78.78,42.91,49.22,67.36
80.93,80.93,41.47,52.22,65.87
79.88,79.88,44.89,50.65,66.01
81.38,81.38,45.96,51.42,65.17
80.06,80.06,46.43,53.14,71.08
80.04,80.04,52.93,57.06,75.06
77.81,77.81,50.06,52.38,74.90
80.21,80.21,51.55,52.19,74.26
79.84,79.84,50.63,54.67,73.61
79.81,79.81,44.76,53.70,75.08
79.14,79.14,45.33,52.27,74.33
77.18,77.18,46.19,51.10,72.19
76.10,76.10,39.93,46.16,72.36
76.22,76.22,40.27,49.55,70.56
77.27,77.27,38.27,46.85,71.22
79.75,79.75,38.76,49.40,71.90
81.69,81.69,37.74,54.35,72.57
80.04,80.04,34.77,46.37,72.73
78.32,78.32,30.95,42.42,70.82
80.27,80.27,34.13,47.10,69.01
79.32,79.32,39.64,46.14,67.81
81.48,81.48,36.77,43.59,65.26
78.80,78.80,43.63,44.91,67.46
79.10,79.10,38.71,44.21,67.53
78.63,78.63,39.35,46.98,65.38
77.23,77.23,49.75,44.09,67.96
77.11,77.11,62.21,44.68,78.14
77.27,77.27,71.71,47.52,73.09
79.87,79.87,69.69,46.78,74.76
76.41,76.41,67.43,48.14,73.43
78.50,78.50,63.73,48.12,74.28
78.26,78.26,62.59,53.33,75.68
77.38,77.38,58.04,54.26,76.93
73.63,73.63,50.30,56.49,76.83
71.71,71.71,48.20,57.08,76.38
70.54,70.54,42.83,54.71,76.71
70.21,70.21,43.56,53.00,76.72
65.16,65.16,45.47,58.62,74.64
66.04,66.04,47.10,57.78,73.01
66.26,66.26,40.75,54.86,72.45
66.17,66.17,41.07,55.52,74.74
66.01,66.01,39.04,54.51,73.52
62.99,62.99,38.90,54.99,73.57
58.29,58.29,38.01,52.61,70.80
55.16,55.16,48.46,50.58,67.88
60.17,60.17,56.06,48.24,69.46
69.62,69.62,76.38,53.89,73.90
72.24,72.24,84.32,48.04,79.33
71.62,71.62,88.92,56.27,74.58
73.07,73.07,86.02,46.80,75.87
75.11,75.11,86.76,49.25,77.30
75.46,75.46,89.68,46.94,74.99
73.53,73.53,91.03,49.71,76.66
73.78,73.78,82.91,55.19,76.91
74.87,74.87,79.20,48.60,76.28
77.53,77.53,81.29,54.19,75.14
74.41,74.41,77.26,56.38,75.19
72.83,72.83,83.63,56.23,75.22
72.49,72.49,82.21,56.95,76.12
74.78,74.78,78.48,60.35,75.70
75.39,75.39,74.05,52.05,75.19
74.36,74.36,85.44,57.69,74.35
74.22,74.22,80.05,56.44,72.13
71.12,71.12,69.80,54.95,72.64
73.28,73.28,79.60,59.36,71.81
72.14,72.14,75.59,61.79,71.16
70.55,70.55,77.68,64.06,71.41
66.32,66.32,66.73,63.72,72.86
60.34,60.34,71.48,63.85,73.18
51.99,51.99,79.19,61.91,76.38
50.92,50.92,76.18,62.41,76.11
52.80,52.80,67.12,59.84,73.54
49.97,49.97,67.77,57.74,75.37
49.25,49.25,67.90,59.24,74.20
50.58,50.58,66.81,61.14,75.33
50.07,50.07,68.35,65.31,75.61
51.00,51.00,61.66,66.17,75.83
50.22,50.22,71.99,65.73,75.81
48.84,48.84,70.03,65.72,73.94
52.77,52.77,62.75,64.43,77.25
49.32,49.32,63.03,64.17,80.01
47.73,47.73,64.93,65.27,79.45
48.95,48.95,70.21,65.52,77.47
47.14,47.14,66.00,65.77,75.42
46.98,46.98,57.40,65.53,76.06
48.32,48.32,61.27,64.78,74.28
48.42,48.42,62.36,65.06,73.30
48.67,48.67,54.93,65.31,73.80
50.14,50.14,56.02,65.50,73.31
51.18,51.18,58.96,66.55,71.43
52.18,52.18,60.75,66.03,74.58
50.47,50.47,56.76,63.90,71.63
52.86,52.86,57.57,64.79,73.29
54.05,54.05,52.09,65.95,72.95
55.60,55.60,52.24,67.77,71.88
54.29,54.29,47.85,65.25,70.67
55.71,55.71,41.52,62.52,69.73
56.98,56.98,51.40,65.38,72.19
54.74,54.74,48.99,68.16,70.34
54.59,54.59,46.66,66.76,70.19
53.71,53.71,45.50,63.37,69.41
51.16,51.16,49.89,61.11,73.32
49.59,49.59,40.22,65.68,74.52
48.52,48.52,46.26,66.02,73.12
47.75,47.75,43.00,65.74,73.00
47.37,47.37,37.17,66.21,72.96
40.61,40.61,38.42,66.97,70.91
42.25,42.25,39.17,64.77,70.18
47.95,47.95,46.81,65.50,69.93
60.40,60.40,53.05,63.79,67.16
68.78,68.78,60.67,60.81,66.41
82.76,82.76,72.60,51.56,67.72
84.68,84.68,83.38,44.11,71.74
81.37,81.37,85.12,47.98,70.40
80.83,80.83,77.99,47.87,73.38
80.36,80.36,74.13,49.28,74.45
81.00,81.00,71.31,51.24,73.68
81.42,81.42,70.54,51.34,68.68
82.09,82.09,76.08,51.33,70.60
78.72,78.72,73.05,51.03,69.88
83.39,83.39,67.91,52.79,70.74
78.09,78.09,72.09,54.90,68.65
77.56,77.56,73.31,58.30,69.30
74.00,74.00,73.04,56.22,68.81
75.45,75.45,65.12,59.51,71.23
75.24,75.24,64.54,62.57,71.58
79.05,79.05,65.56,64.01,72.77
79.86,79.86,60.46,62.36,70.46
78.64,78.64,63.48,62.15,72.51
78.94,78.94,61.44,63.29,71.26
80.44,80.44,60.63,65.23,74.09
81.46,81.46,64.40,65.09,70.42
81.62,81.62,63.55,63.41,74.12
78.43,78.43,65.90,60.74,73.37
74.76,74.76,59.87,63.78,71.67
70.21,70.21,60.40,65.81,69.50
72.62,72.62,57.22,65.82,70.35
74.33,74.33,58.95,63.67,73.60
75.63,75.63,58.12,65.11,75.09
73.01,73.01,60.36,65.50,72.93
72.95,72.95,58.64,66.83,72.03
72.29,72.29,52.85,66.38,69.98
73.28,73.28,50.47,66.20,68.52
78.26,78.26,55.61,64.56,70.27
82.78,82.78,54.88,65.18,70.91
83.25,83.25,58.72,67.14,69.75
82.78,82.78,60.71,67.19,71.58
82.73,82.73,63.27,64.05,71.84
82.81,82.81,63.48,64.07,73.36
81.35,81.35,61.09,65.09,71.30
81.52,81.52,59.07,67.08,70.52
83.45,83.45,56.73,64.62,69.21
82.15,82.15,53.23,64.17,69.12
80.95,80.95,48.75,64.72,70.09
80.76,80.76,52.15,62.66,69.72
79.79,79.79,59.51,57.82,68.49
81.88,81.88,68.40,52.59,66.49
81.23,81.23,76.78,53.11,64.57
81.28,81.28,75.11,52.29,69.10
82.80,82.80,73.46,50.94,66.58
82.66,82.66,69.69,54.57,67.38
80.33,80.33,68.19,53.13,71.21
80.24,80.24,60.86,54.33,68.71
80.59,80.59,67.95,53.87,67.06
81.16,81.16,70.76,51.73,70.19
79.60,79.60,84.17,54.38,69.37
75.45,75.45,90.10,55.78,63.91
75.75,75.75,88.15,50.20,65.40
77.73,77.73,80.32,52.21,71.04
77.74,77.74,90.40,56.33,70.34
78.41,78.41,90.30,61.55,69.78
77.66,77.66,82.38,62.54,71.92
80.09,80.09,80.21,62.75,74.16
79.44,79.44,79.87,62.98,73.99
80.33,80.33,76.57,62.35,72.18
81.18,81.18,80.76,52.55,70.81
80.96,80.96,86.79,42.84,68.70
82.62,82.62,87.61,53.19,70.29
79.84,79.84,90.74,54.52,70.71
79.27,79.27,89.64,49.51,65.78
77.36,77.36,90.71,50.07,68.91
79.15,79.15,89.67,56.43,69.89
80.67,80.67,82.41,56.90,67.27
81.76,81.76,83.69,56.32,67.84
83.00,83.00,76.81,54.83,66.85
81.41,81.41,78.14,55.04,68.64
81.07,81.07,84.51,55.64,71.33
79.74,79.74,81.13,59.12,70.39
79.97,79.97,77.01,55.08,72.84
80.49,80.49,79.48,53.20,72.40
76.24,76.24,82.50,54.93,73.65
77.90,77.90,77.88,50.21,72.45
78.83,78.83,75.83,50.15,71.32
76.48,76.48,76.42,53.55,72.61
76.09,76.09,78.33,55.65,71.59
75.69,75.69,74.75,56.20,72.15
74.20,74.20,68.72,54.38,70.00
74.17,74.17,72.80,53.95,70.76
69.98,69.98,77.77,53.68,70.65
69.33,69.33,71.36,54.86,70.71
67.18,67.18,73.26,58.75,66.87
68.18,68.18,71.74,60.27,68.51
69.68,69.68,70.72,56.53,69.56
68.51,68.51,68.21,56.07,71.87
69.47,69.47,71.87,57.54,70.37
67.93,67.93,67.12,57.77,70.35
69.00,69.00,70.28,56.36,68.91
71.93,71.93,67.14,57.22,67.00
80.73,80.73,63.52,57.72,71.62
83.62,83.62,68.05,58.58,70.26
82.49,82.49,72.27,56.49,75.87
81.83,81.83,63.52,56.79,73.32
82.77,82.77,62.26,57.96,71.89
83.46,83.46,64.02,62.34,69.86
81.49,81.49,58.99,62.67,69.79
81.93,81.93,61.96,61.23,70.11
79.63,79.63,52.42,60.24,69.51
82.23,82.23,54.38,63.26,71.65
84.66,84.66,56.02,63.77,72.62
83.10,83.10,59.65,62.88,70.84
84.28,84.28,58.37,62.90,69.15
82.02,82.02,54.77,62.36,68.55
82.91,82.91,50.04,62.64,68.09
82.99,82.99,51.72,62.81,66.21
83.43,83.43,46.47,64.75,67.40
83.80,83.80,47.88,65.02,69.73
84.10,84.10,51.68,63.31,66.58
81.84,81.84,54.87,61.11,65.12
82.01,82.01,51.61,64.81,67.29
82.82,82.82,47.71,66.77,71.31
81.02,81.02,50.04,64.52,69.11
79.90,79.90,44.90,63.15,68.05
79.04,79.04,49.86,63.47,66.69
79.62,79.62,47.53,64.05,64.85
77.72,77.72,46.15,64.55,66.58
78.40,78.40,47.80,65.97,67.89
78.63,78.63,46.08,65.04,70.74
75.64,75.64,57.88,63.05,68.28
72.99,72.99,65.60,56.91,68.77
71.56,71.56,71.96,49.29,68.26
75.76,75.76,89.56,47.83,68.43
78.57,78.57,82.17,48.48,69.74
79.21,79.21,78.49,44.65,71.02
81.64,81.64,76.33,38.93,70.27
85.00,85.00,73.30,49.45,69.24
83.41,83.41,74.43,57.44,70.88
84.35,84.35,73.81,57.57,68.48
80.37,80.37,75.18,56.62,68.70
78.37,78.37,74.59,55.90,66.56
79.26,79.26,72.25,58.77,66.36
80.00,80.00,75.62,62.05,67.74
82.60,82.60,74.71,63.75,68.27
82.18,82.18,73.44,63.21,68.54
82.16,82.16,68.11,63.38,70.33
80.96,80.96,67.43,62.41,69.04
80.78,80.78,68.61,63.40,71.23
80.66,80.66,66.50,63.86,71.67
82.55,82.55,70.15,64.77,68.76
80.80,80.80,62.96,62.40,67.08
81.95,81.95,61.83,61.84,64.89
80.45,80.45,67.49,63.31,66.77
79.72,79.72,65.05,66.21,69.26
79.72,79.72,64.96,63.46,68.44
78.63,78.63,66.26,61.07,68.53
80.24,80.24,64.16,63.90,69.87
80.61,80.61,59.84,65.59,70.18
83.27,83.27,61.44,64.41,69.71
82.81,82.81,61.75,61.57,69.80
84.85,84.85,61.74,63.41,69.13
84.00,84.00,59.78,65.73,71.11
82.73,82.73,59.05,63.81,68.78
80.63,80.63,60.85,64.76,68.98
82.58,82.58,64.53,62.79,71.78
83.29,83.29,61.91,62.07,70.24
83.60,83.60,68.85,59.88,70.33
83.42,83.42,64.81,60.50,70.20
80.86,80.86,61.69,62.15,70.75
81.69,81.69,60.93,63.64,71.37
81.37,81.37,60.68,61.97,68.37
81.71,81.71,54.60,60.13,65.94
80.51,80.51,53.26,63.22,65.15
81.64,81.64,52.84,65.33,65.86
83.13,83.13,52.01,64.86,70.72
84.15,84.15,54.50,63.76,70.97
83.67,83.67,50.52,63.83,70.76
82.67,82.67,50.65,63.79,71.22
84.69,84.69,48.41,63.42,70.34
83.11,83.11,47.90,64.01,69.34
82.52,82.52,46.80,62.94,68.58
83.63,83.63,46.54,64.31,69.39
84.20,84.20,46.70,62.34,68.91
82.00,82.00,49.81,62.79,71.24
84.93,84.93,44.71,65.36,70.77
84.63,84.63,44.32,63.80,72.81
82.07,82.07,51.27,61.03,72.23
84.70,84.70,48.13,62.76,71.32
83.86,83.86,48.40,64.06,69.27
83.49,83.49,46.95,64.18,65.92
81.10,81.10,45.75,64.10,64.59
84.82,84.82,43.39,64.08,67.40
84.09,84.09,45.08,63.71,65.44
80.25,80.25,52.33,62.67,63.49
81.99,81.99,61.93,48.92,66.61
79.15,79.15,75.59,50.43,69.06
81.96,81.96,83.72,53.59,72.92
79.70,79.70,90.22,55.51,70.88
78.91,78.91,82.98,57.94,73.04
78.36,78.36,84.96,50.74,74.59
75.48,75.48,89.73,51.65,74.60
74.16,74.16,90.88,59.84,75.46
73.39,73.39,87.57,59.67,70.77
73.08,73.08,81.27,53.04,72.75
71.65,71.65,80.93,56.70,70.26
71.88,71.88,77.07,66.24,72.25
72.21,72.21,84.77,61.21,72.54
76.69,76.69,80.58,59.05,73.15
70.05,70.05,76.82,66.49,76.57
71.61,71.61,70.75,65.47,76.54
73.38,73.38,84.58,66.15,77.38
71.91,71.91,79.95,66.30,78.72
70.22,70.22,68.23,69.06,77.84
70.50,70.50,79.66,65.86,78.74
67.21,67.21,78.32,68.96,78.13
69.91,69.91,76.94,67.64,77.57
68.70,68.70,69.85,66.90,77.73
67.50,67.50,67.95,62.48,78.69
70.05,70.05,77.21,62.43,79.97
67.59,67.59,75.20,65.22,78.29
68.79,68.79,64.34,63.15,79.11
66.84,66.84,69.79,63.41,77.88
67.12,67.12,70.55,65.08,78.69
66.36,66.36,68.89,66.55,78.18
66.58,66.58,69.88,65.11,78.14
67.53,67.53,63.77,69.13,77.72
64.87,64.87,72.29,67.79,78.26
63.77,63.77,71.24,69.70,77.02
63.39,63.39,63.82,70.42,76.81
64.20,64.20,62.75,71.01,78.94
65.14,65.14,67.42,72.24,76.86
62.36,62.36,69.95,69.01,75.44
62.83,62.83,64.22,70.30,72.96
62.93,62.93,63.91,68.25,73.36
62.09,62.09,63.71,68.31,71.85
58.37,58.37,62.45,66.94,74.12
62.95,62.95,55.59,69.35,72.28
64.19,64.19,56.79,67.60,74.30
61.07,61.07,53.66,67.96,72.68
61.72,61.72,55.41,68.39,73.23
61.32,61.32,54.80,68.21,72.78
60.81,60.81,53.59,71.73,75.36
59.11,59.11,52.75,70.34,73.29
61.09,61.09,56.97,71.56,73.54
58.65,58.65,52.29,68.70,74.32
59.72,59.72,51.62,70.13,76.00
59.65,59.65,46.57,69.79,74.64
57.14,57.14,47.38,70.05,76.16
58.75,58.75,42.27,69.94,74.43
57.78,57.78,44.73,68.82,70.30
57.89,57.89,43.03,70.81,73.79
57.49,57.49,41.42,67.98,71.94
55.08,55.08,37.41,69.67,74.63
52.69,52.69,35.01,68.28,75.01
52.78,52.78,36.60,70.19,76.67
54.57,54.57,37.15,69.11,75.75
54.14,54.14,40.13,70.94,75.82
57.18,57.18,37.36,69.53,72.71
57.76,57.76,51.85,70.25,75.05
56.90,56.90,58.71,69.75,75.27
66.10,66.10,70.63,64.29,74.45
76.18,76.18,84.99,60.74,72.22
75.99,75.99,88.45,62.23,64.98
78.07,78.07,82.11,54.25,66.49
78.01,78.01,78.50,58.05,66.94
76.44,76.44,73.91,65.43,65.25
76.56,76.56,73.54,64.64,66.51
74.18,74.18,75.93,65.11,67.11
77.08,77.08,78.21,64.99,66.39
76.22,76.22,73.52,66.15,67.80
76.94,76.94,76.22,68.82,69.76
78.23,78.23,75.98,66.67,71.89
79.66,79.66,77.77,69.82,77.89
79.92,79.92,69.65,66.79,79.38
79.44,79.44,64.19,68.34,80.13
80.12,80.12,68.77,67.69,79.22
79.58,79.58,64.98,68.36,79.92
79.70,79.70,68.62,69.09,79.99
78.45,78.45,64.98,68.51,79.03
78.12,78.12,65.99,70.01,79.32
78.73,78.73,64.25,68.34,78.41
79.35,79.35,62.89,70.03,78.50
77.96,77.96,65.19,66.58,78.87
79.46,79.46,64.39,70.58,79.81
79.78,79.78,62.15,68.40,78.69
79.75,79.75,60.48,69.01,79.31
78.28,78.28,60.75,69.94,78.03
77.05,77.05,61.01,68.15,78.02
70.14,70.14,59.40,69.64,77.78
69.63,69.63,55.50,69.21,77.96
66.53,66.53,54.06,70.40,78.25
68.89,68.89,59.04,68.03,78.19
77.32,77.32,60.88,70.41,77.09
81.59,81.59,59.14,68.52,74.87
80.56,80.56,59.86,69.43,74.65
77.29,77.29,65.19,70.32,73.74
77.51,77.51,62.01,68.04,70.40
77.65,77.65,54.99,70.22,66.77
75.81,75.81,49.58,67.69,68.32
76.51,76.51,51.57,69.87,67.82
77.71,77.71,51.95,67.98,68.86
77.84,77.84,53.45,69.63,68.07
78.35,78.35,66.06,62.96,66.41
77.86,77.86,71.91,56.02,72.30
78.35,78.35,76.15,62.78,77.92
74.92,74.92,68.03,66.33,78.16
75.77,75.77,66.01,67.38,76.33
77.87,77.87,64.70,67.14,77.54
75.86,75.86,58.52,70.03,76.71
76.91,76.91,58.37,65.83,77.29
72.25,72.25,61.18,67.96,77.29
70.31,70.31,66.46,62.59,76.69
69.22,69.22,77.86,58.51,75.74
65.06,65.06,88.88,65.74,74.09
67.81,67.81,78.50,62.59,75.22
61.94,61.94,92.24,66.85,73.50
62.74,62.74,84.92,58.33,71.15
64.75,64.75,82.40,56.51,72.11
64.66,64.66,90.86,64.46,72.02
65.71,65.71,89.29,63.98,72.55
67.49,67.49,86.11,67.81,74.04
70.14,70.14,82.89,71.80,72.30
71.18,71.18,80.03,68.97,73.37
73.02,73.02,79.07,59.09,71.85
73.31,73.31,83.52,61.49,70.06
76.23,76.23,89.23,61.05,71.27
76.53,76.53,87.65,60.45,70.16
77.90,77.90,80.18,54.88,70.80
78.87,78.87,86.17,45.18,71.94
77.62,77.62,92.99,55.73,69.93
75.83,75.83,89.29,60.19,70.96
75.46,75.46,84.58,56.71,72.95
75.39,75.39,83.17,54.00,72.68
78.57,78.57,80.60,54.88,70.19
79.04,79.04,76.09,52.44,69.64
78.95,78.95,83.81,52.30,68.96
79.23,79.23,82.43,50.17,74.77
80.19,80.19,77.85,52.57,74.04
80.12,80.12,75.99,44.80,73.88
81.00,81.00,80.92,44.47,73.15
80.76,80.76,78.88,48.10,73.33
76.02,76.02,75.98,52.16,74.10
68.68,68.68,77.22,45.34,75.51
68.75,68.75,76.38,50.55,74.49
70.54,70.54,74.70,51.70,74.84
67.65,67.65,72.90,51.14,75.04
69.18,69.18,78.09,55.03,74.58
67.90,67.90,78.23,47.32,73.55
69.80,69.80,71.19,38.89,73.96
67.58,67.58,70.18,43.42,71.48
67.10,67.10,71.10,52.36,74.01
64.92,64.92,74.08,50.01,72.19
65.94,65.94,63.94,49.05,73.89
66.23,66.23,70.99,50.59,73.10
71.58,71.58,69.73,52.53,72.40
75.57,75.57,65.87,55.04,71.59
76.36,76.36,75.93,52.45,70.30
81.45,81.45,70.29,50.89,69.78
81.62,81.62,69.82,53.54,72.49
80.45,80.45,67.42,55.99,68.81
81.02,81.02,70.44,54.57,67.67
80.89,80.89,69.12,56.40,67.70
80.65,80.65,68.48,57.81,67.37
82.59,82.59,66.48,59.36,68.30
82.29,82.29,69.04,61.55,68.30
80.78,80.78,66.12,61.79,65.57
81.72,81.72,57.45,63.81,64.87
80.49,80.49,63.70,63.36,66.34
79.21,79.21,64.99,67.68,78.62
79.90,79.90,56.94,65.73,79.75
79.72,79.72,56.49,66.53,78.87
78.62,78.62,57.53,67.18,79.21
78.99,78.99,51.72,66.80,77.60
77.95,77.95,55.14,68.67,77.41
78.31,78.31,52.91,66.50,78.38
78.76,78.76,45.48,67.91,77.48
77.18,77.18,50.87,66.74,77.43
78.40,78.40,42.80,69.11,77.74
71.95,71.95,51.71,67.53,77.71
70.63,70.63,46.64,69.57,77.86
70.49,70.49,45.50,68.30,78.65
68.99,68.99,49.28,69.45,77.37
69.97,69.97,48.22,70.00,75.18
71.66,71.66,44.98,68.02,77.10
75.35,75.35,43.23,69.51,76.32
71.87,71.87,42.13,67.04,76.22
72.87,72.87,48.57,70.02,75.82
67.54,67.54,58.93,68.47,77.12
73.76,73.76,66.44,72.38,74.51
79.49,79.49,78.03,66.62,69.81
78.43,78.43,79.20,65.64,66.90
78.95,78.95,77.63,66.22,65.84
82.36,82.36,74.92,67.05,65.05
83.29,83.29,70.65,68.10,65.35
82.07,82.07,72.73,66.35,66.67
79.83,79.83,71.92,68.74,66.76
78.72,78.72,75.53,65.60,70.75
77.40,77.40,72.74,66.24,69.86
78.59,78.59,71.03,62.87,72.33
77.06,77.06,72.94,61.18,73.70
78.93,78.93,73.65,61.86,74.65
81.19,81.19,68.77,61.75,75.34
79.05,79.05,64.37,62.18,72.81
78.46,78.46,67.51,58.25,69.43
77.77,77.77,62.84,58.01,67.22
77.05,77.05,63.51,55.28,70.76
77.22,77.22,66.78,55.03,72.87
75.95,75.95,60.30,53.68,73.10
78.89,78.89,59.97,51.39,73.33
78.33,78.33,64.19,47.95,73.23
78.51,78.51,69.14,49.22,68.92
76.86,76.86,65.01,47.93,70.87
73.05,73.05,57.92,51.98,70.62
71.63,71.63,57.83,47.01,69.59
71.25,71.25,59.91,43.64,70.64
72.03,72.03,57.11,49.22,72.29
71.80,71.80,59.73,44.00,74.37
71.10,71.10,64.15,33.47,74.96
73.63,73.63,60.23,37.76,75.52
73.76,73.76,64.39,42.37,74.35
75.29,75.29,55.80,44.15,66.14
82.00,82.00,52.23,47.86,66.65
81.68,81.68,51.17,47.27,68.43
83.94,83.94,53.19,39.52,66.55
84.32,84.32,45.96,42.62,65.24
81.02,81.02,42.02,39.82,70.85
80.47,80.47,43.58,38.51,71.61
79.68,79.68,44.03,37.96,69.97
79.85,79.85,46.06,33.84,68.23
82.78,82.78,47.64,31.04,67.36
82.08,82.08,47.31,34.26,64.92
80.45,80.45,46.72,37.98,65.94
79.46,79.46,45.55,33.84,70.17
79.61,79.61,43.07,38.53,69.26
81.38,81.38,42.21,33.62,67.29
79.48,79.48,41.26,34.78,68.75
81.22,81.22,42.72,31.16,72.29
81.54,81.54,42.02,30.11,72.74
83.83,83.83,45.45,36.38,71.75
83.46,83.46,37.81,33.04,77.09
80.20,80.20,39.91,23.22,76.11
76.95,76.95,44.66,31.71,74.69
76.97,76.97,43.79,32.32,76.10
79.16,79.16,41.42,34.79,75.36
78.38,78.38,40.59,34.26,75.28
76.63,76.63,42.68,34.46,74.40
79.56,79.56,44.22,37.90,73.59
80.92,80.92,43.09,37.51,75.95
74.55,74.55,47.84,38.45,75.41
78.01,78.01,46.40,41.96,76.60
84.16,84.16,48.92,44.60,75.39
81.27,81.27,64.62,44.89,76.12
79.95,79.95,73.24,60.16,76.45
79.91,79.91,83.61,65.64,73.92
73.72,73.72,89.18,69.20,76.00
80.99,80.99,85.05,70.53,79.94
80.51,80.51,81.88,73.09,79.09
80.57,80.57,91.17,69.30,78.51
80.20,80.20,88.07,61.95,78.20
80.22,80.22,87.19,69.34,79.85
81.98,81.98,82.49,74.93,78.65
80.02,80.02,79.72,77.98,77.81
82.88,82.88,74.79,78.16,79.34
84.18,84.18,82.70,78.30,79.63
81.93,81.93,82.74,80.77,77.95
81.53,81.53,78.37,81.18,78.73
81.99,81.99,72.54,80.02,80.63
81.14,81.14,78.48,80.99,77.72
79.37,79.37,82.95,80.22,77.88
78.23,78.23,70.09,80.17,77.45
79.24,79.24,79.35,80.90,78.11
78.81,78.81,78.53,81.68,75.37
78.48,78.48,74.06,81.05,75.94
78.83,78.83,71.74,80.43,75.25
79.37,79.37,62.68,80.99,73.99
81.66,81.66,71.31,81.77,73.24
83.02,83.02,76.59,79.62,74.53
79.45,79.45,62.51,80.05,76.33
80.43,80.43,65.29,81.05,78.26
80.24,80.24,65.92,82.38,78.01
79.98,79.98,63.94,80.82,77.42
80.48,80.48,67.17,80.81,74.48
80.63,80.63,64.03,81.44,75.71
79.86,79.86,69.32,82.44,74.32
81.43,81.43,70.64,81.81,76.62
83.63,83.63,63.51,80.79,77.73
82.82,82.82,59.89,80.98,82.43
81.61,81.61,66.26,83.16,80.21
81.76,81.76,66.11,80.70,80.83
82.32,82.32,63.77,79.52,78.78
79.89,79.89,60.09,81.94,78.93
78.08,78.08,50.97,83.51,76.32
76.90,76.90,49.44,81.14,75.91
76.07,76.07,45.77,80.95,78.50
76.97,76.97,55.51,81.66,78.11
76.85,76.85,56.23,82.23,77.09
79.29,79.29,50.24,82.00,80.59
80.53,80.53,52.07,82.13,78.72
79.08,79.08,46.48,81.74,77.84
79.86,79.86,49.35,83.54,77.64
79.53,79.53,46.90,82.78,75.47
79.88,79.88,50.51,81.50,76.58
80.00,80.00,48.86,82.28,77.36
78.11,78.11,45.08,83.38,76.91
77.17,77.17,47.28,81.81,78.47
78.79,78.79,44.97,81.67,77.66
77.09,77.09,43.27,82.69,74.44
81.18,81.18,46.96,83.56,78.08
81.45,81.45,42.52,81.13,78.41
79.18,79.18,42.92,82.43,74.40
79.98,79.98,36.77,82.56,75.24
79.24,79.24,41.45,82.63,76.68
78.51,78.51,41.40,82.60,74.69
79.90,79.90,44.86,82.60,74.77
78.15,78.15,45.44,82.01,73.12
78.32,78.32,52.28,83.37,73.38
78.14,78.14,67.02,81.83,73.09
77.03,77.03,73.36,81.24,71.30
77.78,77.78,79.44,78.10,77.45
74.61,74.61,82.88,72.41,75.94
76.93,76.93,79.85,67.43,76.03
79.21,79.21,74.25,79.49,76.17
79.28,79.28,72.52,82.77,76.12
79.50,79.50,72.11,82.63,76.78
80.37,80.37,74.59,79.93,76.98
80.31,80.31,75.70,80.99,75.59
79.66,79.66,74.71,83.17,75.14
78.58,78.58,73.14,81.68,74.45
79.86,79.86,73.63,80.57,72.24
79.32,79.32,71.19,81.08,74.92
78.06,78.06,66.32,82.29,71.14
79.45,79.45,71.53,82.12,70.64
81.31,81.31,75.76,81.87,74.11
81.38,81.38,73.19,80.41,75.27
79.15,79.15,64.21,82.76,72.99
79.54,79.54,66.56,82.38,72.77
80.11,80.11,63.13,79.97,73.77
79.47,79.47,63.65,81.61,73.06
81.30,81.30,67.18,83.13,74.93
82.46,82.46,63.25,80.85,73.43
82.90,82.90,66.86,81.23,74.81
81.46,81.46,62.48,83.25,73.60
80.83,80.83,64.48,83.78,73.79
80.08,80.08,59.75,82.39,75.08
77.33,77.33,62.53,82.55,73.77
76.28,76.28,61.20,82.99,76.58
78.34,78.34,67.25,83.94,78.16
76.08,76.08,65.16,82.60,77.28
72.17,72.17,59.89,82.88,78.33
72.45,72.45,62.61,82.61,78.36
70.63,70.63,59.19,83.69,83.84
69.72,69.72,57.13,83.27,82.17
66.02,66.02,59.76,82.24,81.70
66.69,66.69,56.54,82.79,79.96
69.29,69.29,57.62,84.04,78.99
67.81,67.81,52.53,82.37,77.63
66.80,66.80,47.87,82.09,73.77
65.02,65.02,49.43,83.68,78.36
66.60,66.60,49.84,83.72,74.90
64.25,64.25,48.41,81.69,77.92
68.88,68.88,50.64,82.28,78.65
67.15,67.15,64.84,82.71,78.21
70.71,70.71,71.22,80.69,81.09
74.00,74.00,72.51,81.89,78.69
71.13,71.13,63.37,82.94,78.16
69.47,69.47,62.08,82.86,79.47
62.51,62.51,56.94,83.25,79.21
62.30,62.30,47.95,82.21,81.52
60.27,60.27,55.57,82.27,81.27
62.64,62.64,64.87,83.09,81.02
69.71,69.71,70.23,83.34,81.22
69.46,69.46,74.93,83.47,80.27
64.23,64.23,90.08,83.55,76.62
68.07,68.07,84.11,79.55,75.30
71.38,71.38,78.55,73.22,77.10
71.90,71.90,86.15,76.41,74.20
74.38,74.38,89.36,78.90,76.98
74.60,74.60,86.28,76.35,76.19
74.64,74.64,85.31,79.59,74.68
75.90,75.90,73.83,76.69,74.83
80.71,80.71,75.05,72.90,75.16
82.03,82.03,81.47,71.15,73.84
78.45,78.45,85.46,75.07,73.40
78.49,78.49,85.42,76.75,75.62
78.63,78.63,81.25,73.76,74.26
78.01,78.01,84.18,71.41,75.06
76.35,76.35,89.53,74.43,75.47
77.80,77.80,87.86,76.59,77.31
79.31,79.31,84.03,76.31,78.77
81.88,81.88,83.98,73.91,74.22
80.62,80.62,77.73,72.58,76.37
80.85,80.85,71.70,76.78,75.83
81.21,81.21,79.49,78.54,73.22
81.72,81.72,82.82,76.74,75.98
81.85,81.85,75.18,74.77,76.14
80.86,80.86,74.86,76.29,77.87
80.55,80.55,80.94,77.94,78.62
78.05,78.05,79.45,78.20,79.44
78.45,78.45,70.81,76.24,75.42
74.23,74.23,76.35,73.26,80.10
68.71,68.71,76.19,74.17,77.60
66.56,66.56,77.29,76.29,76.11
69.38,69.38,73.20,77.79,78.95
69.07,69.07,72.22,74.78,81.09
72.66,72.66,75.76,77.72,77.82
74.54,74.54,71.50,80.03,77.64
74.70,74.70,61.72,77.90,76.30
79.63,79.63,68.11,78.20,77.67
85.54,85.54,70.29,80.04,75.01
83.80,83.80,72.83,78.95,77.24
81.75,81.75,69.41,76.25,77.82
80.26,80.26,62.91,77.78,77.57
82.67,82.67,70.00,78.23,76.77
83.02,83.02,64.96,77.19,77.38
80.48,80.48,68.26,76.80,77.89
77.86,77.86,71.74,76.93,81.82
78.35,78.35,63.80,75.71,80.99
79.41,79.41,66.58,78.90,80.78
80.51,80.51,60.88,79.89,78.11
81.87,81.87,54.39,79.68,77.56
82.55,82.55,62.24,79.38,81.39
80.73,80.73,66.72,79.55,78.93
79.66,79.66,60.41,77.76,80.06
80.12,80.12,56.31,79.07,80.38
82.05,82.05,53.08,79.13,78.48
81.86,81.86,52.57,78.86,82.25
83.02,83.02,53.40,77.95,79.61
79.65,79.65,54.97,76.96,77.56
80.63,80.63,52.31,80.61,76.47
80.27,80.27,52.20,80.18,78.66
82.22,82.22,49.97,78.02,78.15
80.88,80.88,50.01,77.83,77.34
80.85,80.85,46.06,80.37,78.74
82.63,82.63,45.29,78.84,78.09
82.22,82.22,43.87,77.75,78.20
79.60,79.60,49.33,76.95,75.25
78.32,78.32,56.62,78.73,77.16
77.43,77.43,60.10,78.74,78.88
78.92,78.92,57.84,75.73,77.94
79.59,79.59,58.06,79.37,78.69
77.04,77.04,63.86,80.21,79.19
76.77,76.77,60.76,76.82,81.10
75.24,75.24,57.60,79.01,79.55
72.56,72.56,54.46,79.28,76.96
74.47,74.47,61.24,78.46,76.63
72.96,72.96,71.34,78.18,76.97
76.42,76.42,78.00,75.99,79.11
69.31,69.31,80.39,80.02,75.31
70.15,70.15,77.98,82.89,80.09
75.95,75.95,75.76,80.93,79.53
74.15,74.15,72.75,79.38,78.53
79.90,79.90,69.35,81.07,78.36
82.08,82.08,74.28,81.45,76.57
80.08,80.08,71.61,80.77,73.82
78.97,78.97,72.69,80.43,72.84
80.33,80.33,71.45,81.15,75.49
80.24,80.24,69.81,82.81,73.39
80.60,80.60,74.36,81.35,76.22
80.21,80.21,74.98,80.91,76.90
79.99,79.99,67.95,80.91,76.68
79.57,79.57,71.31,82.20,70.40
79.86,79.86,62.19,82.00,75.83
79.83,79.83,64.93,81.28,75.78
79.42,79.42,63.34,80.79,75.65
78.75,78.75,63.56,83.13,75.41
80.29,80.29,57.62,81.51,75.06
81.46,81.46,66.05,80.02,82.69
80.00,80.00,69.82,80.86,82.09
79.54,79.54,59.98,82.11,79.85
78.06,78.06,54.94,80.00,77.61
78.90,78.90,60.63,81.22,74.46
80.91,80.91,61.55,81.52,72.32
80.17,80.17,52.06,81.22,73.56
73.25,73.25,60.31,81.19,75.10
70.16,70.16,56.47,80.80,78.73
71.13,71.13,53.00,81.58,75.01
72.20,72.20,58.40,82.47,76.48
70.64,70.64,54.07,81.85,76.32
70.51,70.51,54.36,81.21,78.06
67.78,67.78,57.62,83.22,82.05
65.25,65.25,49.70,82.60,82.63
67.85,67.85,53.08,82.73,76.55
65.25,65.25,59.34,82.20,80.64
64.73,64.73,56.02,82.89,75.84
69.84,69.84,55.45,82.88,79.24
71.14,71.14,55.41,81.54,75.46
70.34,70.34,52.67,82.63,79.05
71.48,71.48,47.68,83.65,74.71
71.76,71.76,43.66,82.22,75.68
73.49,73.49,45.22,82.06,75.40
73.68,73.68,51.79,82.61,76.49
77.67,77.67,49.63,83.14,73.84
79.71,79.71,46.05,82.62,74.95
81.93,81.93,44.09,82.00,76.92
80.98,80.98,46.76,82.27,76.33
77.21,77.21,43.11,83.17,73.81
78.32,78.32,45.12,82.14,76.20
76.96,76.96,48.33,82.25,72.91
75.10,75.10,45.05,81.94,72.19
75.72,75.72,44.47,83.65,72.95
73.63,73.63,46.27,82.55,76.60
75.37,75.37,55.47,82.46,76.93
73.85,73.85,53.31,82.00,79.82
74.09,74.09,51.54,83.60,81.50
75.61,75.61,47.49,82.96,81.99
74.70,74.70,53.32,82.08,80.50
73.77,73.77,52.96,81.40,81.43
71.56,71.56,57.74,81.38,80.84
69.94,69.94,63.76,80.47,76.24
75.15,75.15,69.87,79.60,80.15
81.28,81.28,80.39,79.16,79.55
79.05,79.05,89.51,74.10,76.66
74.86,74.86,84.74,65.93,75.91
80.49,80.49,84.13,61.58,76.27
83.93,83.93,87.66,68.98,75.56
81.22,81.22,87.67,76.05,75.02
80.24,80.24,87.30,71.45,76.97
80.76,80.76,82.99,66.69,74.90
81.28,81.28,79.96,74.45,77.79
81.48,81.48,73.70,78.13,79.27
82.53,82.53,80.17,80.59,80.43
82.57,82.57,83.05,75.53,79.92
81.27,81.27,77.73,77.27,79.55
82.03,82.03,75.05,76.26,77.98
79.56,79.56,77.35,75.28,78.39
78.07,78.07,83.79,79.15,77.45
77.09,77.09,72.12,79.15,76.43
76.90,76.90,74.75,79.95,77.06
71.88,71.88,79.24,78.96,77.44
70.39,70.39,76.97,80.98,77.70
71.40,71.40,70.18,79.65,77.31
71.91,71.91,69.56,81.74,78.18
73.12,73.12,73.10,78.73,79.71
76.87,76.87,75.95,79.38,82.10
77.08,77.08,62.69,76.93,81.71
77.07,77.07,70.87,78.11,80.65
79.30,79.30,72.06,80.55,79.09
80.12,80.12,70.91,79.35,77.75
81.25,81.25,65.15,81.01,79.44
84.40,84.40,59.62,80.13,79.16
82.70,82.70,58.44,80.95,79.40
80.18,80.18,64.53,79.10,79.49
82.23,82.23,63.37,81.26,78.65
82.60,82.60,61.22,79.81,82.80
83.33,83.33,63.39,80.41,79.70
83.64,83.64,60.09,79.46,78.94
81.40,81.40,59.68,79.10,80.80
82.77,82.77,61.03,80.10,81.94
83.04,83.04,57.75,78.29,80.11
83.03,83.03,57.61,79.87,82.06
80.92,80.92,55.87,77.82,83.23
81.27,81.27,52.28,80.59,81.27
80.28,80.28,48.80,78.10,78.73
80.68,80.68,47.41,80.69,80.10
79.94,79.94,47.09,79.20,82.35
81.43,81.43,42.02,78.43,79.05
81.31,81.31,47.74,80.28,76.36
82.35,82.35,52.91,78.66,77.26
82.33,82.33,51.26,79.89,79.55
82.38,82.38,49.58,77.39,79.94
83.28,83.28,46.53,79.98,78.48
80.19,80.19,47.76,78.89,79.89
80.00,80.00,48.83,80.30,80.01
80.95,80.95,44.80,79.75,79.00
84.73,84.73,48.83,78.93,77.95
83.60,83.60,47.28,81.00,81.29
78.12,78.12,38.08,79.83,79.19
81.49,81.49,49.18,81.43,76.93
80.08,80.08,48.03,78.49,79.04
78.94,78.94,45.45,81.34,77.02
77.59,77.59,42.84,80.22,77.49
78.35,78.35,45.20,81.50,77.33
76.71,76.71,54.17,80.61,77.65
77.18,77.18,64.53,79.36,76.23
79.87,79.87,73.48,82.00,77.13
76.84,76.84,79.99,78.50,76.80
75.59,75.59,75.66,77.06,78.78
76.02,76.02,75.55,77.29,77.84
78.51,78.51,73.60,79.79,76.13
80.61,80.61,72.14,77.56,74.05
82.34,82.34,70.05,81.03,75.81
82.08,82.08,71.70,79.62,72.51
80.85,80.85,69.63,78.02,70.70
81.60,81.60,72.70,81.20,73.71
83.69,83.69,69.12,80.25,74.41
82.83,82.83,71.51,80.44,77.84
81.56,81.56,71.62,78.05,76.72
80.62,80.62,62.33,80.21,76.35
80.40,80.40,61.39,78.66,75.63
80.44,80.44,62.18,81.22,74.74
81.03,81.03,67.00,79.97,76.53
81.62,81.62,65.96,80.34,76.98
80.82,80.82,69.58,81.59,78.52
80.82,80.82,63.55,80.46,77.75
81.20,81.20,63.12,81.44,78.59
82.09,82.09,62.63,79.69,77.76
79.34,79.34,67.87,80.40,77.62
80.26,80.26,62.86,79.29,78.89
80.82,80.82,57.03,81.02,81.20
80.59,80.59,58.86,79.76,80.55
80.25,80.25,58.69,81.22,79.77
79.99,79.99,57.65,81.14,78.26
77.42,77.42,56.66,80.63,75.52
73.64,73.64,58.33,82.06,78.13
72.25,72.25,59.12,79.66,78.68
73.71,73.71,64.79,81.40,81.89
77.08,77.08,64.86,78.44,82.71
77.36,77.36,80.89,74.17,82.50
73.69,73.69,84.70,67.52,80.08
74.90,74.90,81.52,65.81,78.80
75.18,75.18,78.33,74.59,78.85
73.27,73.27,85.06,80.29,76.39
75.36,75.36,86.60,77.49,76.10
74.93,74.93,81.60,74.34,77.48
71.69,71.69,78.42,79.30,74.66
74.06,74.06,72.25,79.94,75.40
74.66,74.66,68.41,81.66,73.22
73.88,73.88,73.29,76.23,72.56
71.62,71.62,85.09,69.00,75.80
72.75,72.75,84.97,68.45,75.74
73.13,73.13,82.95,70.12,78.03
72.36,72.36,77.64,75.07,76.60
71.36,71.36,87.73,77.90,78.01
68.45,68.45,86.82,74.06,77.43
68.45,68.45,82.96,69.60,74.96
70.96,70.96,76.83,74.91,74.92
72.10,72.10,74.12,75.05,72.94
67.77,67.77,80.77,77.23,75.02
65.99,65.99,89.12,77.43,72.29
67.46,67.46,84.81,72.70,77.24
67.69,67.69,81.44,64.68,77.34
69.09,69.09,86.71,69.17,78.73
63.29,63.29,91.34,59.68,76.13
64.24,64.24,83.50,67.91,74.67
65.01,65.01,85.91,70.62,77.62
65.22,65.22,77.56,71.27,76.76
66.24,66.24,73.92,68.53,77.69
65.31,65.31,82.82,70.84,74.97
60.00,60.00,85.57,68.72,72.62
56.60,56.60,84.00,67.84,71.98
55.08,55.08,87.47,68.34,71.28
54.73,54.73,86.70,67.63,70.82
59.01,59.01,85.00,57.61,70.65
57.98,57.98,90.04,62.03,70.75
55.88,55.88,91.45,62.52,70.14
54.98,54.98,84.91,55.98,69.69
56.48,56.48,85.66,54.72,69.02
54.09,54.09,81.63,52.13,70.42
54.93,54.93,72.75,54.30,69.01
52.96,52.96,82.28,49.01,67.71
51.50,51.50,83.81,53.91,68.73
53.98,53.98,79.01,57.68,68.95
52.73,52.73,72.69,58.13,68.25
57.47,57.47,85.06,56.76,65.38
61.63,61.63,79.45,54.75,60.56
69.09,69.09,70.36,52.37,62.99
82.32,82.32,77.39,47.99,65.02
86.55,86.55,75.56,43.77,62.48
83.24,83.24,78.15,46.32,62.52
86.53,86.53,69.43,41.46,59.78
84.76,84.76,69.73,38.35,62.58
84.92,84.92,75.79,36.04,64.95
83.17,83.17,71.60,35.12,66.82
84.35,84.35,66.37,36.14,65.14
82.11,82.11,71.20,33.70,58.75
84.54,84.54,70.35,29.85,61.75
84.50,84.50,69.69,27.37,62.49
85.16,85.16,72.60,21.15,60.46
84.90,84.90,62.99,10.25,63.15
85.98,85.98,67.98,12.00,60.81
82.17,82.17,67.67,9.11,59.16
82.40,82.40,62.59,13.29,63.01
83.88,83.88,58.54,17.30,65.22
84.13,84.13,61.20,19.84,63.11
82.86,82.86,68.17,22.23,60.00
81.32,81.32,67.05,23.55,62.10
81.86,81.86,62.78,23.55,64.16
80.30,80.30,61.43,25.94,65.27
81.82,81.82,59.12,19.01,65.43
82.80,82.80,60.16,23.98,65.28
83.20,83.20,54.01,21.63,64.89
84.32,84.32,51.26,16.50,64.81
82.58,82.58,62.71,20.95,64.71
82.13,82.13,54.56,21.53,64.91
84.83,84.83,51.54,28.17,62.64
85.52,85.52,55.87,30.08,61.88
85.00,85.00,49.35,28.82,65.44
84.74,84.74,50.44,32.97,64.47
86.35,86.35,51.75,33.88,65.27
85.47,85.47,56.37,38.48,67.70
84.03,84.03,51.05,38.90,64.14
83.99,83.99,50.38,33.22,63.48
83.34,83.34,45.09,35.70,67.39
84.46,84.46,47.07,36.11,71.38
84.00,84.00,44.66,20.69,73.72
84.79,84.79,46.57,35.16,74.84
82.36,82.36,53.24,36.31,74.93
80.92,80.92,51.51,36.81,74.20
80.08,80.08,49.66,34.63,70.46
77.86,77.86,42.61,25.24,69.25
76.93,76.93,44.71,28.17,68.21
80.12,80.12,46.57,28.20,68.57
80.53,80.53,45.11,26.35,69.27
82.13,82.13,50.87,34.48,64.77
84.15,84.15,51.42,33.65,62.88
86.16,86.16,49.00,35.79,62.68
84.31,84.31,48.11,39.11,66.84
83.85,83.85,48.18,31.95,63.30
83.42,83.42,45.35,31.90,62.02
84.29,84.29,47.33,32.29,62.77
86.33,86.33,48.91,32.46,61.36
86.50,86.50,55.15,36.05,62.35
83.30,83.30,46.50,26.80,63.80
82.03,82.03,50.37,29.51,66.58
83.65,83.65,47.19,27.90,66.70
82.40,82.40,46.71,30.20,66.03
85.30,85.30,45.12,29.20,63.00
85.93,85.93,47.09,26.66,61.11
83.92,83.92,47.99,30.49,60.07
86.94,86.94,52.89,36.24,61.16
87.45,87.45,48.00,32.69,63.95
87.07,87.07,49.20,27.14,64.80
83.86,83.86,53.05,23.36,63.11
81.47,81.47,49.19,25.44,62.26
82.83,82.83,48.90,21.77,63.78
83.92,83.92,49.15,28.63,60.92
82.68,82.68,52.61,28.22,58.66
78.92,78.92,50.89,23.89,62.88
76.67,76.67,52.65,22.87,64.19
73.46,73.46,40.90,20.43,58.51
74.18,74.18,46.22,22.08,57.82
71.76,71.76,46.16,22.43,54.37
75.73,75.73,51.01,15.80,57.01
77.08,77.08,52.48,8.30,52.25
78.06,78.06,60.87,0.56,54.70
86.26,86.26,67.72,0.00,54.71
81.81,81.81,87.02,-0.00,56.96
79.97,79.97,86.58,-0.00,59.61
79.68,79.68,81.33,-0.00,59.84
82.14,82.14,79.65,-0.00,59.02
82.63,82.63,82.50,-0.00,61.31
82.42,82.42,85.52,0.77,61.70
77.75,77.75,81.89,2.13,61.25
70.08,70.08,80.00,0.88,61.03
70.57,70.57,76.99,0.04,60.08
68.51,68.51,79.13,0.04,57.03
72.01,72.01,84.76,4.24,58.75
77.88,77.88,89.07,22.10,62.25
79.95,79.95,87.77,30.58,61.89
81.07,81.07,87.29,34.31,62.48
80.94,80.94,84.81,30.77,60.87
78.84,78.84,91.95,21.86,60.18
79.57,79.57,85.00,30.36,59.80
80.02,80.02,83.47,32.84,60.07
81.91,81.91,77.10,28.35,59.89
83.26,83.26,81.36,23.54,59.94
82.55,82.55,84.37,33.61,61.33
79.14,79.14,88.55,31.77,63.34
80.96,80.96,87.98,29.08,62.37
80.77,80.77,80.71,20.45,60.71
79.70,79.70,89.41,32.13,62.15
80.10,80.10,85.29,35.74,59.95
80.53,80.53,84.69,34.06,63.80
81.62,81.62,84.84,28.78,63.43
81.36,81.36,81.16,33.84,62.47
82.01,82.01,69.92,36.19,63.96
82.17,82.17,71.95,53.55,62.71
81.40,81.40,84.35,62.35,70.61
75.87,75.87,90.03,63.25,76.62
79.44,79.44,86.38,73.82,79.05
80.84,80.84,87.72,80.52,75.94
77.00,77.00,90.67,81.18,74.04
79.70,79.70,86.17,81.25,76.43
80.71,80.71,83.69,78.25,75.56
84.87,84.87,85.53,72.45,77.36
78.61,78.61,90.55,73.25,76.21
82.34,82.34,89.02,77.46,77.88
81.31,81.31,87.21,81.47,76.65
81.07,81.07,89.45,81.21,77.80
81.21,81.21,85.94,82.11,79.47
84.16,84.16,85.85,81.93,78.92
82.16,82.16,82.83,80.41,79.08
81.22,81.22,82.66,80.12,80.47
82.79,82.79,85.49,83.37,78.32
83.30,83.30,87.02,84.02,78.87
81.68,81.68,81.08,83.09,77.39
81.45,81.45,82.84,81.51,76.64
79.71,79.71,81.24,84.11,80.23
79.18,79.18,74.57,86.61,79.31
80.99,80.99,73.00,83.89,81.58
78.31,78.31,74.07,78.84,83.07
77.04,77.04,73.96,80.58,80.79
76.89,76.89,73.79,84.74,83.02
76.86,76.86,75.65,86.17,82.56
76.34,76.34,81.13,86.67,80.29
76.29,76.29,75.36,84.11,80.79
71.45,71.45,73.73,83.30,79.00
71.03,71.03,71.84,84.66,78.40
73.65,73.65,71.19,85.32,77.59
72.41,72.41,75.42,86.26,77.71
74.08,74.08,77.92,87.60,81.32
72.68,72.68,76.91,85.46,83.49
71.67,71.67,77.78,85.40,82.65
71.53,71.53,74.62,86.48,83.16
71.36,71.36,71.45,86.59,82.89
68.34,68.34,72.01,85.13,83.22
72.04,72.04,72.38,86.02,81.34
67.54,67.54,67.31,85.95,80.44
68.26,68.26,68.60,87.88,81.45
72.27,72.27,63.69,87.58,79.11
69.81,69.81,65.85,86.92,78.74
71.26,71.26,68.42,86.29,79.70
81.47,81.47,66.28,85.86,80.48
81.34,81.34,69.09,84.60,78.62
79.06,79.06,70.25,85.96,77.29
80.47,80.47,68.54,86.62,78.39
82.43,82.43,68.31,87.59,78.23
80.28,80.28,64.69,85.58,77.70
79.35,79.35,62.19,85.99,80.13
75.64,75.64,62.43,87.82,73.66
76.28,76.28,62.75,88.36,77.54
75.69,75.69,63.29,84.69,77.01
80.64,80.64,60.31,86.67,83.66
78.01,78.01,60.98,87.33,81.27
75.42,75.42,64.59,84.27,84.30
79.13,79.13,63.76,85.23,82.22
79.41,79.41,63.01,85.33,82.80
80.90,80.90,64.64,85.95,81.46
79.91,79.91,59.71,86.44,78.54
80.06,80.06,61.93,87.31,79.69
81.74,81.74,66.61,86.25,79.46
79.32,79.32,73.13,86.43,73.78
82.54,82.54,78.96,86.96,76.04
86.28,86.28,81.00,85.89,76.13
85.14,85.14,77.41,81.39,76.94
85.41,85.41,76.73,86.28,77.45
86.37,86.37,76.19,86.00,79.05
85.21,85.21,73.74,82.88,78.22
85.87,85.87,69.74,85.68,77.02
86.41,86.41,69.09,88.56,78.53
87.45,87.45,69.36,85.54,77.49
86.17,86.17,73.88,85.84,74.19
83.25,83.25,76.58,85.80,78.67
85.88,85.88,72.03,82.34,79.00
87.27,87.27,67.87,84.68,77.41
84.82,84.82,67.46,85.64,79.98
85.23,85.23,65.76,84.76,81.07
86.84,86.84,68.73,85.15,79.74
83.66,83.66,72.02,85.05,80.83
85.73,85.73,71.90,83.82,79.95
86.56,86.56,65.91,86.27,78.69
84.64,84.64,63.60,86.94,77.89
85.48,85.48,63.02,85.02,78.19
82.76,82.76,65.27,84.31,81.86
83.29,83.29,66.77,84.91,80.79
82.50,82.50,66.86,86.33,82.56
80.89,80.89,65.30,85.37,79.32
82.35,82.35,63.68,84.76,79.85
81.39,81.39,61.67,86.16,80.14
80.35,80.35,61.07,86.60,78.88
81.36,81.36,60.66,85.35,79.77
80.91,80.91,57.58,86.17,79.55
80.68,80.68,58.42,84.83,82.61
79.86,79.86,54.70,84.26,81.62
84.27,84.27,58.19,82.12,81.00
82.50,82.50,56.72,84.08,75.88
85.66,85.66,56.15,83.68,79.62
86.00,86.00,57.23,83.11,76.14
85.37,85.37,57.86,83.03,75.71
83.33,83.33,58.08,83.24,77.43
82.80,82.80,58.27,83.17,76.62
85.60,85.60,58.44,81.76,75.00
85.82,85.82,56.89,82.87,75.81
85.64,85.64,57.19,83.69,75.45
86.05,86.05,56.74,82.72,79.30
86.23,86.23,54.41,82.92,76.09
84.16,84.16,55.59,82.61,78.29
87.41,87.41,53.88,82.90,78.78
87.78,87.78,55.00,82.28,79.11
87.54,87.54,54.99,83.40,79.10
87.39,87.39,55.19,82.99,78.93
87.69,87.69,56.15,82.60,78.89
85.20,85.20,58.49,84.74,78.19
83.78,83.78,61.05,83.79,78.05
87.21,87.21,69.64,81.13,79.34
82.07,82.07,77.06,82.45,78.17
81.17,81.17,85.15,82.43,77.17
82.88,82.88,86.73,79.92,76.68
84.73,84.73,80.24,77.05,77.00
83.50,83.50,81.58,80.02,75.34
83.29,83.29,88.59,82.35,74.79
80.40,80.40,85.35,83.48,74.98
79.22,79.22,77.07,82.90,77.60
78.71,78.71,82.09,81.73,76.31
78.16,78.16,86.08,82.00,75.26
78.78,78.78,80.04,80.55,72.82
73.87,73.87,84.42,77.02,78.01
70.63,70.63,91.00,74.32,78.08
69.35,69.35,90.45,71.14,79.30
66.06,66.06,93.26,61.71,77.17
68.02,68.02,90.64,67.65,80.12
63.16,63.16,91.39,75.90,79.98
70.11,70.11,86.47,77.98,82.05
69.10,69.10,87.08,80.27,83.96
61.75,61.75,85.68,80.70,80.58
63.62,63.62,91.11,80.68,82.58
62.23,62.23,91.86,80.47,79.55
66.93,66.93,86.49,81.22,82.09
66.08,66.08,90.14,80.54,83.23
63.87,63.87,81.39,81.62,83.49
63.91,63.91,82.78,82.10,83.54
66.62,66.62,89.27,80.68,84.42
62.44,62.44,87.44,80.97,84.65
63.36,63.36,84.19,82.52,83.33
63.11,63.11,80.39,82.35,83.60
62.68,62.68,72.37,81.02,83.30
64.31,64.31,72.92,81.77,83.86
61.92,61.92,77.92,83.42,82.25
60.25,60.25,79.65,84.42,85.12
63.10,63.10,79.01,83.41,85.28
56.62,56.62,78.36,82.44,85.18
55.82,55.82,69.15,79.20,84.02
58.75,58.75,75.32,78.97,83.46
59.06,59.06,72.46,79.79,82.41
53.81,53.81,69.91,82.87,83.71
54.39,54.39,70.69,84.22,84.28
56.47,56.47,78.92,82.79,83.58
56.45,56.45,74.66,83.63,84.07
57.22,57.22,68.84,83.79,84.53
56.44,56.44,71.45,83.14,82.33
56.12,56.12,71.02,81.49,82.11
53.36,53.36,69.82,82.28,82.99
54.98,54.98,71.98,82.30,82.60
48.95,48.95,74.32,82.09,80.98
49.31,49.31,66.42,81.79,83.69
53.49,53.49,70.90,83.88,83.32
49.09,49.09,61.56,83.78,81.84
48.44,48.44,64.42,82.24,81.05
43.35,43.35,67.89,82.39,81.21
46.88,46.88,66.97,81.50,80.43
42.60,42.60,73.31,82.21,83.20
48.84,48.84,70.45,80.93,82.35
41.87,41.87,74.77,82.14,82.08
44.65,44.65,78.72,81.20,80.59
46.97,46.97,64.55,79.94,81.11
48.65,48.65,66.45,79.60,80.38
46.70,46.70,69.56,81.48,79.03
43.84,43.84,64.97,81.87,79.59
41.67,41.67,74.87,82.14,80.15
43.25,43.25,75.55,81.67,82.21
46.62,46.62,77.56,82.96,82.21
41.41,41.41,75.90,80.08,81.97
42.45,42.45,77.74,75.95,84.53
42.40,42.40,79.58,80.99,82.72
45.01,45.01,72.82,82.49,83.12
46.06,46.06,71.80,82.04,83.22
45.09,45.09,63.92,80.95,82.44
52.60,52.60,66.21,83.93,79.44
58.59,58.59,66.84,85.22,80.86
66.67,66.67,72.31,84.54,80.34
75.85,75.85,79.98,80.39,80.47
80.52,80.52,84.41,69.34,79.75
80.83,80.83,80.67,71.65,79.68
83.90,83.90,80.25,78.64,80.27
84.39,84.39,78.15,78.89,79.91
83.68,83.68,78.14,80.67,81.38
83.87,83.87,77.99,83.78,82.08
82.83,82.83,76.45,80.21,80.62
82.63,82.63,75.34,79.13,78.44
82.57,82.57,77.73,83.63,82.93
81.00,81.00,77.48,83.87,80.67
83.37,83.37,78.47,81.63,79.01
83.65,83.65,76.74,79.20,81.66
81.87,81.87,72.27,82.17,80.15
82.95,82.95,72.71,82.08,80.75
82.85,82.85,68.73,82.32,80.03
79.77,79.77,74.61,84.47,81.82
75.38,75.38,73.44,84.32,82.72
74.05,74.05,69.82,84.80,83.19
74.55,74.55,71.84,83.63,81.91
75.17,75.17,71.75,84.35,83.85
77.79,77.79,72.00,83.75,81.83
85.97,85.97,66.43,83.14,81.68
82.30,82.30,69.25,82.11,82.30
79.88,79.88,68.36,83.69,81.71
83.59,83.59,67.38,83.66,83.62
80.64,80.64,66.03,82.91,80.71
80.28,80.28,66.24,83.66,78.69
80.48,80.48,63.88,83.71,80.78
81.94,81.94,65.19,83.58,79.23
81.42,81.42,66.39,82.56,79.09
80.66,80.66,67.87,81.51,77.10
84.62,84.62,66.38,81.26,78.91
83.02,83.02,72.70,80.88,79.75
83.68,83.68,73.23,79.84,80.28
82.48,82.48,68.34,84.90,79.87
85.06,85.06,66.15,80.12,78.63
85.50,85.50,66.13,78.49,79.63
83.53,83.53,66.36,79.51,79.89
83.74,83.74,66.54,82.04,80.33
84.10,84.10,63.54,80.68,81.39
83.57,83.57,61.83,80.39,82.27
82.89,82.89,66.45,81.22,83.50
81.50,81.50,65.70,81.75,84.22
81.98,81.98,70.16,81.81,84.62
79.31,79.31,69.85,82.57,84.79
79.77,79.77,71.58,78.56,84.90
80.20,80.20,67.23,80.55,84.83
79.97,79.97,63.88,80.86,82.75
78.64,78.64,62.26,80.49,83.49
77.92,77.92,65.07,79.65,82.31
80.46,80.46,63.10,79.01,81.09
77.32,77.32,64.39,79.19,81.25
83.10,83.10,68.18,78.32,80.24
84.58,84.58,72.14,78.09,79.29
83.35,83.35,78.39,78.16,78.75
83.68,83.68,79.02,78.77,77.45
82.38,82.38,76.25,81.86,78.01
81.04,81.04,74.08,80.97,78.55
76.40,76.40,78.16,80.97,78.56
75.13,75.13,72.09,82.62,76.23
72.31,72.31,76.06,81.20,79.45
72.87,72.87,82.77,78.69,77.46
74.56,74.56,76.10,83.42,78.41
75.98,75.98,77.26,79.47,76.94
80.69,80.69,84.73,73.77,80.78
81.14,81.14,83.99,73.88,81.54
81.19,81.19,88.78,73.88,78.17
84.62,84.62,90.12,69.61,76.00
78.31,78.31,82.75,72.88,80.39
82.77,82.77,86.46,72.28,75.61
85.63,85.63,84.18,77.64,81.68
80.01,80.01,85.59,77.62,82.35
79.72,79.72,90.88,71.12,81.62
81.55,81.55,87.85,71.23,80.25
80.18,80.18,86.11,73.72,81.06
82.40,82.40,89.26,75.30,81.41
81.79,81.79,86.27,68.67,81.84
84.78,84.78,81.73,74.57,80.15
87.12,87.12,85.52,73.50,79.62
82.36,82.36,84.88,78.48,81.02
81.44,81.44,86.00,70.52,79.28
84.58,84.58,85.20,71.88,78.90
83.54,83.54,76.21,73.61,78.60
84.09,84.09,70.85,72.04,78.24
82.54,82.54,79.69,75.11,79.77
80.68,80.68,76.81,77.56,78.14
83.03,83.03,80.36,79.29,78.95
82.66,82.66,73.27,74.57,77.95
78.10,78.10,71.17,76.68,79.66
78.34,78.34,66.64,76.69,78.47
80.07,80.07,65.23,75.86,79.45
79.67,79.67,71.01,79.24,76.21
79.07,79.07,73.79,75.48,79.18
78.70,78.70,69.26,82.59,78.72
79.02,79.02,73.63,74.70,76.35
77.60,77.60,68.81,79.53,78.32
76.89,76.89,73.06,71.65,77.96
75.21,75.21,70.75,79.96,80.63
76.51,76.51,70.00,74.77,80.62
72.82,72.82,71.95,81.11,78.88
69.33,69.33,73.71,75.06,77.50
66.67,66.67,73.44,82.46,74.69
68.50,68.50,75.97,76.36,79.00
68.72,68.72,73.51,80.70,79.32
70.09,70.09,75.36,79.20,80.77
69.59,69.59,72.07,80.52,79.98
68.37,68.37,68.87,80.22,79.97
69.67,69.67,73.34,81.10,81.40
71.93,71.93,73.76,80.49,82.44
72.38,72.38,67.43,80.80,82.70
73.77,73.77,66.13,81.99,82.03
74.75,74.75,61.82,79.99,80.27
78.73,78.73,56.61,82.22,78.68
76.30,76.30,61.40,78.62,79.44
74.49,74.49,68.51,82.24,77.39
76.92,76.92,69.98,79.74,80.46
73.50,73.50,65.44,82.59,77.11
76.91,76.91,69.88,79.08,79.69
78.20,78.20,71.33,79.73,81.31
71.96,71.96,64.84,79.71,77.82
73.96,73.96,62.30,84.89,81.36
72.11,72.11,55.50,80.95,79.68
65.82,65.82,54.83,84.56,79.49
64.98,64.98,56.02,80.04,82.22
65.11,65.11,63.02,83.29,81.31
66.26,66.26,70.98,77.41,80.54
65.01,65.01,71.33,84.57,79.69
70.07,70.07,72.52,78.95,79.32
77.35,77.35,86.08,80.94,75.64
80.87,80.87,79.77,76.00,77.70
83.75,83.75,77.53,80.32,78.68
83.17,83.17,73.16,79.05,83.17
84.54,84.54,79.96,81.90,77.20
86.56,86.56,72.40,79.70,78.71
85.61,85.61,74.32,79.80,81.88
84.29,84.29,76.64,78.73,83.19
87.10,87.10,73.25,81.44,80.59
83.39,83.39,75.04,80.74,78.53
85.85,85.85,77.43,74.80,78.53
86.85,86.85,80.04,76.28,83.33
86.52,86.52,72.96,79.71,79.54
87.02,87.02,73.09,72.49,79.25
86.62,86.62,70.98,78.25,77.56
89.27,89.27,69.79,76.44,78.65
85.86,85.86,69.64,75.82,79.12
86.98,86.98,70.30,76.13,81.14
84.27,84.27,69.90,76.05,82.69
82.96,82.96,68.05,77.30,79.80
80.41,80.41,68.66,72.12,80.40
84.79,84.79,69.10,77.69,79.95
84.29,84.29,66.00,75.59,80.86
80.14,80.14,68.49,78.61,81.28
81.41,81.41,69.51,76.73,82.11
81.30,81.30,66.25,79.89,78.64
81.42,81.42,62.48,76.76,78.28
80.10,80.10,58.49,79.19,80.35
79.48,79.48,59.82,79.04,80.69
79.17,79.17,60.82,81.28,78.35
76.50,76.50,59.98,77.26,76.61
79.96,79.96,64.28,79.85,80.26
78.14,78.14,64.80,75.63,79.55
81.74,81.74,67.51,77.71,80.10
85.92,85.92,69.80,75.48,79.35
86.67,86.67,70.25,75.87,80.00
86.95,86.95,71.21,75.56,80.68
84.20,84.20,71.98,77.91,83.90
87.07,87.07,72.12,74.10,81.29
88.18,88.18,70.05,73.21,81.67
86.56,86.56,70.38,71.90,79.97
84.01,84.01,71.31,75.79,78.70
84.50,84.50,71.05,75.81,79.51
83.96,83.96,71.03,74.53,80.21
83.72,83.72,74.28,76.49,79.20
88.37,88.37,70.13,77.91,76.44
85.90,85.90,68.51,77.47,80.34
87.12,87.12,68.97,72.58,80.84
87.41,87.41,66.65,74.74,81.56
87.34,87.34,66.52,73.89,80.04
90.78,90.78,65.04,71.50,78.44
83.70,83.70,64.89,74.97,78.73
86.47,86.47,72.24,76.95,83.35
83.84,83.84,73.59,69.10,82.67
84.09,84.09,82.91,66.88,79.63
80.91,80.91,88.06,73.25,76.45
81.11,81.11,83.96,73.94,81.25
82.66,82.66,80.62,69.84,79.80
80.00,80.00,87.68,69.21,79.73
85.15,85.15,88.40,75.00,76.41
84.53,84.53,83.27,80.35,77.37
82.55,82.55,82.76,80.49,74.05
76.60,76.60,69.65,80.67,74.72
77.17,77.17,78.40,75.86,74.94
81.26,81.26,83.02,76.36,76.31
73.70,73.70,90.48,77.34,78.05
72.02,72.02,90.69,67.30,77.16
66.95,66.95,92.33,65.32,77.23
69.73,69.73,91.59,68.52,75.55
70.94,70.94,94.22,76.66,73.92
70.67,70.67,82.30,79.84,77.61
76.43,76.43,85.34,80.17,75.66
72.98,72.98,83.54,78.90,77.51
70.33,70.33,88.85,80.74,77.35
68.00,68.00,92.55,78.66,75.37
70.11,70.11,88.80,74.16,80.61
70.01,70.01,91.15,75.92,79.62
69.44,69.44,89.13,76.87,82.28
70.41,70.41,86.16,78.42,81.55
67.45,67.45,87.11,81.06,83.73
66.25,66.25,89.75,80.36,78.97
62.34,62.34,85.95,79.36,84.12
65.60,65.60,83.52,79.32,84.10
62.39,62.39,81.90,78.92,83.52
64.62,64.62,78.94,78.34,84.99
59.62,59.62,78.08,78.61,81.66
62.95,62.95,79.37,76.47,84.42
63.61,63.61,80.94,77.53,85.87
60.87,60.87,79.22,80.08,86.73
55.91,55.91,75.40,76.40,87.65
58.84,58.84,74.05,76.26,87.25
60.02,60.02,79.94,79.45,84.99
54.60,54.60,80.08,77.91,84.27
58.25,58.25,76.71,76.43,82.55
57.65,57.65,75.03,79.67,83.45
57.77,57.77,69.50,78.37,83.87
51.55,51.55,75.11,77.62,80.35
52.71,52.71,70.18,78.56,82.22
48.77,48.77,69.81,75.08,83.53
49.55,49.55,75.52,76.24,81.63
55.66,55.66,79.52,79.35,78.83
54.67,54.67,65.61,79.51,77.97
52.14,52.14,74.68,78.50,80.00
47.74,47.74,78.80,79.35,79.47
49.21,49.21,75.08,79.15,79.74
46.82,46.82,73.52,79.43,79.74
45.33,45.33,62.48,79.37,79.93
47.05,47.05,67.13,78.63,83.38
45.32,45.32,73.64,80.92,80.77
41.91,41.91,70.44,81.12,80.21
43.53,43.53,71.54,78.12,80.93
44.84,44.84,68.84,76.67,82.33
41.40,41.40,71.83,76.73,79.81
40.10,40.10,74.16,74.80,82.24
42.78,42.78,75.32,75.40,81.93
42.57,42.57,76.20,77.59,79.35
37.88,37.88,68.24,78.47,80.56
35.29,35.29,74.66,74.82,80.63
36.22,36.22,82.46,73.33,82.17
36.63,36.63,83.12,69.47,82.81
36.91,36.91,81.03,70.25,82.34
36.77,36.77,82.40,74.73,81.75
40.42,40.42,78.31,77.00,82.88
51.41,51.41,83.78,77.60,79.80
59.23,59.23,77.82,77.50,77.34
63.67,63.67,81.74,80.19,81.72
67.71,67.71,73.45,79.37,81.52
72.96,72.96,78.16,77.44,82.76
79.02,79.02,79.48,73.97,82.44
79.40,79.40,86.34,70.09,82.61
82.56,82.56,80.08,72.01,82.49
83.28,83.28,78.28,78.53,78.98
81.95,81.95,81.78,75.92,81.76
83.52,83.52,76.94,77.15,81.34
81.14,81.14,74.46,80.09,82.35
84.38,84.38,79.19,74.61,81.79
82.54,82.54,78.46,76.12,81.58
82.80,82.80,73.72,73.98,81.29
84.54,84.54,74.47,77.48,79.92
81.81,81.81,78.02,76.96,77.81
85.09,85.09,75.34,79.53,78.28
84.38,84.38,75.95,78.27,80.24
81.94,81.94,71.89,82.40,84.37
84.55,84.55,72.85,79.85,79.80
81.20,81.20,72.34,79.85,82.65
80.02,80.02,73.43,80.12,83.49
80.24,80.24,72.98,80.06,79.19
74.93,74.93,72.64,80.40,84.09
75.70,75.70,72.91,80.74,85.22
75.74,75.74,75.98,80.15,79.64
78.96,78.96,72.59,80.18,77.15
84.59,84.59,69.60,80.20,80.76
84.59,84.59,65.54,79.15,77.55
84.24,84.24,67.61,77.99,78.77
83.16,83.16,69.12,78.57,81.57
82.46,82.46,69.92,81.68,82.97
84.17,84.17,69.79,81.07,78.33
85.34,85.34,69.03,81.41,81.42
80.31,80.31,64.74,79.77,79.75
81.18,81.18,67.54,79.29,79.58
80.93,80.93,68.25,78.82,78.98
82.55,82.55,64.28,76.30,80.60
82.29,82.29,69.35,75.10,82.39
83.99,83.99,62.96,80.85,84.38
82.87,82.87,67.49,82.39,82.04
82.63,82.63,65.19,81.94,79.12
87.53,87.53,64.85,82.06,83.07
81.73,81.73,62.86,82.05,82.40
84.18,84.18,64.42,83.28,83.93
82.59,82.59,60.14,82.90,83.49
79.22,79.22,62.53,82.81,83.18
76.88,76.88,64.89,83.76,81.01
78.12,78.12,69.14,84.79,82.25
74.48,74.48,70.51,83.03,84.58
81.25,81.25,70.27,80.30,82.30
78.04,78.04,70.46,80.24,84.03
80.30,80.30,67.48,82.01,83.03
78.19,78.19,63.66,80.81,83.39
81.75,81.75,63.07,80.77,85.19
79.71,79.71,62.53,79.51,78.39
77.52,77.52,65.27,79.30,80.39
78.36,78.36,68.63,81.55,75.79
80.24,80.24,72.98,81.34,81.14
79.11,79.11,77.17,82.54,79.87
82.05,82.05,73.33,83.01,79.09
84.32,84.32,74.93,79.35,80.62
80.54,80.54,77.77,78.27,81.43
80.93,80.93,73.49,77.72,82.43
80.13,80.13,76.65,77.86,80.67
80.44,80.44,69.10,82.09,80.59
83.75,83.75,73.05,83.74,80.18
74.11,74.11,66.86,83.52,78.24
78.89,78.89,79.73,82.27,82.20
76.63,76.63,83.74,78.53,80.50
72.23,72.23,88.46,73.74,82.25
76.68,76.68,88.13,77.02,78.57
78.33,78.33,90.30,77.44,79.59
80.11,80.11,87.01,76.01,79.29
85.13,85.13,88.41,72.17,78.35
84.11,84.11,86.97,70.22,79.76
79.97,79.97,88.39,65.61,78.31
81.68,81.68,90.80,70.88,76.74
84.03,84.03,90.02,73.90,78.98
83.95,83.95,88.53,72.53,79.03
79.56,79.56,90.16,74.58,79.04
80.81,80.81,86.46,73.25,78.90
83.12,83.12,86.19,69.80,79.95
81.14,81.14,87.28,69.71,80.40
80.99,80.99,88.87,71.07,76.62
80.80,80.80,85.64,71.85,79.27
80.59,80.59,87.68,75.76,79.37
82.96,82.96,81.90,77.59,77.66
81.80,81.80,84.25,78.39,78.12
80.11,80.11,84.10,77.90,80.68
81.93,81.93,80.10,74.61,81.66
76.62,76.62,81.89,69.83,85.13
73.45,73.45,81.69,72.93,85.47
75.39,75.39,80.18,72.99,86.57
74.51,74.51,75.49,76.18,85.17
70.49,70.49,78.85,79.20,84.21
74.92,74.92,71.27,75.23,85.77
71.82,71.82,79.53,71.90,82.97
67.33,67.33,76.83,74.95,80.56
68.64,68.64,79.26,77.21,84.54
65.06,65.06,74.82,79.10,82.56
71.31,71.31,74.88,82.32,82.18
69.90,69.90,75.58,80.62,85.63
65.40,65.40,74.62,78.16,85.64
69.04,69.04,70.35,77.81,84.41
64.20,64.20,74.77,77.81,84.55
65.96,65.96,71.97,75.24,82.11
61.44,61.44,70.80,79.06,85.40
63.33,63.33,76.72,77.46,83.73
62.83,62.83,73.31,77.76,82.44
60.86,60.86,75.72,80.26,81.13
65.18,65.18,72.53,78.39,81.90
64.43,64.43,76.12,76.53,81.20
64.23,64.23,77.46,77.36,83.22
62.95,62.95,77.69,76.66,78.69
62.67,62.67,79.81,72.30,81.47
62.16,62.16,80.67,76.86,79.68
60.63,60.63,75.09,76.64,79.69
57.51,57.51,76.20,77.76,81.74
56.81,56.81,74.89,78.53,78.96
55.72,55.72,69.55,79.03,81.72
58.42,58.42,71.88,75.09,79.56
61.41,61.41,74.88,77.19,79.13
63.48,63.48,78.43,80.12,82.37
57.14,57.14,80.39,80.60,86.05
59.78,59.78,83.59,80.41,84.89
66.68,66.68,78.47,77.60,84.00
70.38,70.38,80.80,73.32,83.18
71.32,71.32,81.35,77.33,83.42
73.73,73.73,75.68,76.82,80.89
71.09,71.09,77.63,78.03,81.78
65.10,65.10,81.02,76.78,78.96
60.54,60.54,81.21,79.04,80.50
68.44,68.44,85.65,74.90,80.75
72.99,72.99,84.66,71.73,77.17
83.21,83.21,82.56,77.21,78.62
81.23,81.23,77.06,77.45,76.67
84.25,84.25,76.94,78.74,80.12
84.17,84.17,75.82,76.19,78.80
84.89,84.89,80.22,73.86,80.82
82.35,82.35,81.20,69.91,79.52
84.81,84.81,76.31,71.69,79.66
84.26,84.26,76.13,77.88,78.81
84.07,84.07,79.06,79.73,79.50
82.52,82.52,77.97,79.98,80.71
83.71,83.71,68.99,81.33,82.38
81.40,81.40,78.52,81.60,84.25
81.45,81.45,73.39,80.02,82.82
83.04,83.04,77.73,77.54,81.57
81.40,81.40,77.06,76.41,81.95
83.39,83.39,72.87,77.52,81.33
82.00,82.00,77.21,77.09,83.11
82.21,82.21,74.84,79.01,80.54
81.86,81.86,70.60,79.42,80.00
82.64,82.64,74.45,78.84,82.78
81.94,81.94,78.88,77.73,84.22
83.86,83.86,76.36,76.16,82.52
83.79,83.79,74.14,74.48,83.18
80.98,80.98,72.95,73.57,79.87
78.14,78.14,71.41,79.73,76.28
72.95,72.95,69.18,79.21,76.05
72.99,72.99,72.18,78.58,75.68
71.53,71.53,75.01,77.85,76.41
72.98,72.98,71.62,77.61,77.80
74.36,74.36,73.40,78.13,76.98
80.74,80.74,69.39,83.48,80.60
82.16,82.16,64.74,78.76,79.96
84.20,84.20,63.68,72.30,80.33
83.38,83.38,62.04,74.13,79.45
83.36,83.36,62.13,80.60,81.92
84.96,84.96,59.98,78.97,81.20
83.24,83.24,62.75,76.79,82.85
80.67,80.67,60.23,76.61,82.52
81.93,81.93,64.23,79.50,82.92
79.25,79.25,55.58,79.82,81.10
74.98,74.98,60.42,80.27,81.87
77.14,77.14,67.15,81.16,80.34
78.37,78.37,68.82,82.15,78.92
78.98,78.98,67.44,84.44,81.23
82.12,82.12,64.09,77.31,79.12
82.30,82.30,63.69,77.82,81.81
80.99,80.99,62.85,81.54,80.48
79.59,79.59,67.31,81.94,79.70
80.15,80.15,68.58,81.87,80.60
78.54,78.54,65.91,83.21,81.85
80.15,80.15,71.16,82.39,82.39
81.48,81.48,73.99,81.36,78.54
79.82,79.82,81.52,80.76,79.93
78.71,78.71,85.86,76.25,80.85
79.35,79.35,86.77,71.57,81.84
77.16,77.16,84.49,62.24,82.52
75.55,75.55,86.99,57.23,83.01
78.03,78.03,89.41,64.52,80.42
76.92,76.92,83.01,66.81,82.81
74.43,74.43,82.68,74.07,83.79
72.80,72.80,79.77,75.73,83.07
71.61,71.61,80.83,76.31,79.22
73.34,73.34,84.23,78.12,77.57
73.43,73.43,89.97,76.26,76.34
77.76,77.76,92.52,72.47,76.58
88.90,88.90,87.45,61.91,77.12
86.41,86.41,91.27,67.64,79.69
84.44,84.44,92.43,71.48,79.27
85.43,85.43,84.36,72.03,79.29
86.12,86.12,86.19,64.01,80.15
86.12,86.12,87.77,67.32,82.15
83.44,83.44,86.17,70.00,82.57
81.16,81.16,91.37,70.33,78.11
80.27,80.27,90.10,68.37,82.12
82.62,82.62,88.53,64.67,80.12
83.96,83.96,87.74,65.71,78.14
82.77,82.77,84.46,70.19,80.61
82.85,82.85,82.81,69.53,80.71
82.78,82.78,87.18,66.06,80.37
82.62,82.62,80.41,64.39,80.22
81.86,81.86,81.61,63.47,80.06
83.92,83.92,75.41,66.92,82.42
82.14,82.14,77.33,71.15,81.35
81.67,81.67,81.24,67.48,79.66
81.42,81.42,77.85,70.33,79.51
79.92,79.92,82.17,69.42,83.66
79.26,79.26,72.89,70.85,84.87
78.08,78.08,77.79,72.60,82.02
77.08,77.08,79.88,67.95,81.38
76.18,76.18,73.51,64.89,82.40
76.78,76.78,74.33,68.67,80.06
74.71,74.71,79.83,69.50,81.21
73.02,73.02,71.15,69.69,80.07
76.23,76.23,69.51,69.03,80.38
72.85,72.85,80.31,68.64,80.70
73.82,73.82,71.24,69.52,78.50
74.10,74.10,74.09,68.40,78.55
69.46,69.46,70.02,71.28,79.38
69.31,69.31,72.76,74.28,77.44
65.61,65.61,73.48,76.04,81.81
65.38,65.38,78.48,75.81,83.00
69.73,69.73,76.87,74.05,81.29
65.90,65.90,77.11,74.68,79.32
67.37,67.37,74.05,71.62,80.58
64.96,64.96,67.62,70.07,80.58
62.69,62.69,73.28,67.06,82.55
62.61,62.61,78.62,72.62,82.09
61.01,61.01,74.49,69.98,83.81
59.69,59.69,72.50,70.56,84.50
58.61,58.61,61.44,70.32,82.65
62.59,62.59,73.86,70.86,84.04
58.79,58.79,72.53,70.04,84.51
59.38,59.38,72.08,67.57,82.38
60.45,60.45,62.68,74.45,84.97
58.70,58.70,72.67,73.86,82.15
57.21,57.21,74.97,68.29,79.84
55.41,55.41,72.35,67.77,82.09
54.41,54.41,85.46,72.95,81.46
52.37,52.37,78.14,71.92,83.34
51.45,51.45,83.93,74.53,83.22
50.99,50.99,79.30,71.58,84.52
52.05,52.05,81.07,74.90,83.10
49.65,49.65,79.42,72.17,82.39
51.77,51.77,80.70,74.55,81.62
51.99,51.99,74.53,72.71,81.35
51.75,51.75,74.17,73.57,80.64
51.24,51.24,73.68,71.45,80.11
52.75,52.75,88.06,69.12,83.29
45.14,45.14,83.78,78.36,82.01
52.14,52.14,80.27,75.07,80.83
52.17,52.17,79.46,79.26,79.35
49.07,49.07,79.69,80.84,80.60
43.65,43.65,83.51,77.00,82.01
43.74,43.74,80.83,75.34,80.05
36.34,36.34,77.83,75.22,79.89
36.55,36.55,78.64,79.10,79.17
34.14,34.14,77.95,77.70,78.07
32.66,32.66,79.66,75.50,79.95
35.67,35.67,77.51,78.22,79.59
38.88,38.88,74.77,77.05,80.73
37.64,37.64,73.22,78.70,78.65
31.80,31.80,71.32,77.78,80.01
25.85,25.85,71.66,78.51,77.62
28.34,28.34,70.29,78.79,78.19
31.64,31.64,73.38,80.09,79.05
31.78,31.78,72.79,77.01,77.35
29.15,29.15,68.73,80.51,79.93
27.22,27.22,66.70,74.92,78.04
31.26,31.26,68.94,72.92,80.35
32.87,32.87,68.73,73.32,84.07
28.18,28.18,65.55,76.71,83.74
24.76,24.76,65.16,75.03,82.95
24.81,24.81,63.39,71.85,83.23
23.41,23.41,64.30,68.47,82.19
23.47,23.47,65.10,68.84,81.52
23.44,23.44,59.51,71.39,81.02
25.53,25.53,57.45,72.79,78.65
24.69,24.69,60.54,75.17,77.78
24.94,24.94,65.45,75.59,78.36
28.38,28.38,70.66,74.67,83.55
28.47,28.47,74.99,76.70,83.69
26.75,26.75,68.34,73.94,83.68
28.61,28.61,66.64,70.32,85.04
29.81,29.81,65.03,76.05,85.40
30.37,30.37,63.25,77.27,82.88
29.51,29.51,63.86,72.43,82.68
30.42,30.42,58.94,74.28,83.40
31.03,31.03,64.93,76.94,82.81
31.14,31.14,73.32,68.65,82.81
31.10,31.10,74.27,72.34,81.98
31.51,31.51,77.61,73.25,81.53
29.81,29.81,79.45,75.17,82.69
32.88,32.88,79.87,72.56,82.94
33.92,33.92,74.66,72.70,80.26
38.33,38.33,82.64,74.53,82.41
37.82,37.82,71.69,71.93,82.72
38.93,38.93,78.60,71.45,84.74
45.57,45.57,82.38,73.63,82.13
48.57,48.57,64.71,75.22,85.54
56.83,56.83,68.09,78.84,80.09
66.74,66.74,76.86,78.46,81.79
70.84,70.84,82.81,79.31,81.51
71.07,71.07,84.05,74.46,79.81
74.42,74.42,79.06,77.13,80.35
75.04,75.04,75.76,76.22,78.47
75.93,75.93,81.72,73.32,78.76
77.61,77.61,78.42,73.34,79.00
78.34,78.34,78.21,78.30,78.77
80.01,80.01,82.29,76.47,79.38
82.99,82.99,82.79,72.45,77.76
79.51,79.51,78.57,64.41,79.79
80.21,80.21,81.32,68.97,79.90
77.81,77.81,86.33,74.23,82.30
77.68,77.68,87.50,75.14,81.27
76.62,76.62,91.26,76.63,81.56
78.17,78.17,89.78,73.52,81.36
78.62,78.62,90.64,74.90,79.97
79.11,79.11,86.17,75.97,81.06
80.64,80.64,90.15,74.67,80.75
77.31,77.31,90.62,71.32,79.87
80.05,80.05,88.74,75.59,80.87
78.47,78.47,88.91,75.38,80.25
76.69,76.69,86.45,73.90,82.51
79.35,79.35,88.94,76.37,81.95
81.56,81.56,81.16,77.43,84.05
78.80,78.80,85.21,79.62,83.11
76.10,76.10,85.87,79.18,85.02
77.98,77.98,88.49,78.24,83.67
79.59,79.59,86.66,78.69,83.11
79.01,79.01,81.36,80.41,81.35
78.71,78.71,80.08,80.70,84.58
77.87,77.87,73.53,80.46,84.14
75.34,75.34,74.97,79.81,81.98
73.61,73.61,75.44,78.18,83.58
84.30,84.30,82.59,79.16,80.58
85.26,85.26,78.55,79.17,80.30
84.35,84.35,77.12,79.46,82.94
81.44,81.44,73.45,78.23,80.32
78.74,78.74,76.19,79.34,81.48
78.20,78.20,75.62,80.42,79.32
76.49,76.49,77.73,80.58,81.50
75.96,75.96,64.75,81.56,78.99
74.86,74.86,68.44,82.79,79.23
78.59,78.59,77.16,81.79,79.64
80.62,80.62,76.12,78.34,78.43
82.08,82.08,75.14,78.46,78.48
83.02,83.02,80.03,77.33,79.79
84.21,84.21,67.83,78.49,78.70
87.05,87.05,77.01,77.34,76.17
80.75,80.75,74.02,78.39,77.00
78.96,78.96,67.37,79.28,78.06
73.88,73.88,77.76,78.44,77.55
70.39,70.39,76.78,78.54,78.66
72.98,72.98,67.21,78.82,76.77
77.39,77.39,74.45,77.48,81.14
81.19,81.19,74.90,78.12,81.63
78.22,78.22,62.80,74.45,80.34
81.04,81.04,63.69,75.41,78.74
81.81,81.81,70.60,78.45,78.81
82.46,82.46,73.88,75.71,77.45
81.74,81.74,65.31,78.65,76.27
82.59,82.59,61.23,77.00,78.92
83.46,83.46,70.49,78.40,76.31
82.20,82.20,74.48,76.68,77.57
80.64,80.64,71.29,74.47,78.42
80.05,80.05,70.37,76.79,81.99
77.02,77.02,75.97,75.45,81.27
75.74,75.74,71.64,78.50,81.05
76.16,76.16,68.58,76.72,82.35
73.45,73.45,69.70,80.36,80.05
70.69,70.69,69.54,78.63,78.71
71.37,71.37,66.29,78.53,79.79
71.04,71.04,69.65,77.91,80.99
68.78,68.78,69.62,74.93,79.27
72.61,72.61,76.32,74.47,76.18
78.36,78.36,80.56,75.68,76.24
77.75,77.75,81.88,76.87,75.38
82.50,82.50,81.51,78.23,81.12
84.67,84.67,79.23,77.37,76.45
84.20,84.20,77.91,73.94,76.97
83.15,83.15,79.21,72.10,78.54
82.30,82.30,79.81,72.90,75.40
85.98,85.98,74.90,74.16,76.27
84.65,84.65,77.73,73.88,78.92
82.54,82.54,76.33,72.65,76.89
85.69,85.69,79.00,75.16,77.05
84.26,84.26,78.89,77.38,77.69
82.83,82.83,77.06,75.33,77.69
80.96,80.96,75.63,73.51,82.24
84.57,84.57,72.68,73.23,81.74
85.83,85.83,72.21,74.34,81.30
84.77,84.77,76.71,76.16,80.03
82.51,82.51,75.62,75.56,78.80
82.58,82.58,72.33,76.99,77.99
83.35,83.35,66.32,77.91,77.80
85.69,85.69,69.37,76.50,78.29
82.08,82.08,70.04,75.64,79.97
81.90,81.90,70.74,75.77,80.11
80.68,80.68,73.90,75.71,78.59
78.21,78.21,70.59,71.26,80.30
80.50,80.50,65.98,75.00,79.57
81.67,81.67,65.66,74.74,78.82
78.69,78.69,65.93,76.50,79.37
76.29,76.29,67.03,77.24,78.10
76.98,76.98,61.36,76.30,76.55
75.46,75.46,64.38,76.75,78.32
74.98,74.98,71.63,76.14,78.95
72.53,72.53,74.91,72.72,73.59
72.31,72.31,83.38,70.49,78.97
72.99,72.99,87.81,75.63,77.80
70.84,70.84,75.19,78.02,78.48
69.75,69.75,74.53,78.88,80.79
67.96,67.96,85.38,78.30,80.85
69.58,69.58,84.76,77.27,78.68
70.83,70.83,78.39,79.43,79.83
67.45,67.45,76.21,80.53,79.54
66.22,66.22,74.27,79.61,78.15
68.14,68.14,75.83,77.64,75.11
66.45,66.45,81.31,73.80,77.80
64.38,64.38,82.70,71.12,79.70
62.63,62.63,85.27,73.83,78.96
63.89,63.89,73.27,77.01,80.12
64.62,64.62,84.79,77.79,80.56
62.12,62.12,90.07,75.26,77.21
63.76,63.76,83.56,75.55,78.67
66.28,66.28,81.72,76.95,81.01
66.05,66.05,80.45,78.45,82.84
75.21,75.21,75.58,80.13,80.20
77.75,77.75,85.30,79.77,80.87
73.23,73.23,89.13,73.80,78.00
77.31,77.31,84.92,66.09,78.93
74.96,74.96,83.50,61.49,79.06
65.34,65.34,91.53,67.02,78.71
63.43,63.43,89.21,70.82,79.50
60.63,60.63,80.96,74.91,79.00
62.38,62.38,79.53,76.27,78.10
65.16,65.16,82.14,75.00,78.03
69.87,69.87,81.09,75.22,79.30
73.72,73.72,83.52,70.65,77.46
79.16,79.16,83.37,63.46,75.59
80.55,80.55,87.44,68.17,77.73
80.25,80.25,89.89,72.68,76.82
84.52,84.52,90.19,71.60,76.76
84.14,84.14,90.81,69.92,76.25
82.82,82.82,87.45,59.29,76.06
81.47,81.47,88.59,69.69,79.51
79.52,79.52,86.13,74.37,82.06
82.20,82.20,86.92,75.09,80.33
84.37,84.37,86.68,68.50,76.94
81.29,81.29,86.28,52.81,78.49
82.10,82.10,91.58,62.54,79.79
85.04,85.04,85.87,69.75,77.93
83.54,83.54,85.75,67.89,79.32
84.87,84.87,78.76,69.26,78.67
82.39,82.39,81.61,66.26,78.53
83.42,83.42,81.95,68.63,78.43
82.50,82.50,86.62,67.37,77.00
82.36,82.36,83.66,70.09,76.87
84.23,84.23,74.90,68.09,78.79
84.69,84.69,81.61,70.58,79.62
78.48,78.48,83.45,73.48,80.60
81.14,81.14,76.69,72.88,78.87
84.40,84.40,75.25,73.56,80.32
86.20,86.20,78.00,72.16,80.50
86.23,86.23,75.53,72.10,81.94
87.13,87.13,66.66,74.66,79.97
87.26,87.26,71.64,72.36,78.85
84.68,84.68,62.79,75.35,78.68
84.94,84.94,78.30,73.52,79.20
83.68,83.68,71.20,74.70,81.92
80.44,80.44,70.49,76.30,83.01
80.01,80.01,79.40,76.84,80.64
82.08,82.08,72.35,75.49,81.51
84.19,84.19,76.12,77.40,80.50
82.39,82.39,65.70,77.35,80.05
83.17,83.17,73.65,75.62,78.86
84.53,84.53,68.22,76.71,81.80
81.80,81.80,66.55,76.46,80.93
82.39,82.39,69.18,76.33,82.50
83.42,83.42,68.36,79.03,77.56
83.15,83.15,58.65,75.77,79.71
82.34,82.34,60.13,75.32,78.83
82.10,82.10,66.47,77.15,80.20
84.48,84.48,66.24,76.40,82.73
82.45,82.45,63.58,76.23,82.46
85.07,85.07,63.64,75.25,80.83
85.87,85.87,68.48,77.33,80.12
81.74,81.74,65.94,77.51,80.28
83.15,83.15,65.66,76.88,81.54
83.38,83.38,56.51,77.16,83.05
80.95,80.95,55.30,79.25,82.43
81.60,81.60,69.01,77.56,82.81
81.98,81.98,64.39,76.32,80.69
82.57,82.57,70.84,74.71,81.47
79.36,79.36,75.04,74.81,82.61
81.60,81.60,80.59,78.35,82.14
81.42,81.42,80.86,74.79,81.31
80.62,80.62,73.35,77.69,83.19
81.66,81.66,73.28,78.72,82.51
83.68,83.68,62.68,76.49,82.32
81.54,81.54,68.59,75.87,81.97
81.23,81.23,66.41,75.40,81.29
83.13,83.13,67.95,75.55,80.82
82.16,82.16,72.59,68.97,80.26
81.66,81.66,82.80,73.01,80.62
82.94,82.94,83.49,78.58,80.05
83.92,83.92,79.81,75.87,78.37
85.15,85.15,79.44,78.27,81.53
82.09,82.09,82.80,77.95,79.47
84.11,84.11,79.72,76.27,80.29
86.23,86.23,75.05,75.38,82.46
84.81,84.81,76.71,77.99,82.92
84.29,84.29,74.97,78.22,84.30
82.94,82.94,74.38,75.00,82.53
85.62,85.62,76.81,78.86,80.31
87.24,87.24,74.34,76.06,79.27
85.87,85.87,72.60,78.72,79.14
85.20,85.20,70.00,76.03,79.05
86.62,86.62,71.72,76.02,79.82
84.95,84.95,66.85,78.02,77.90
89.48,89.48,63.01,80.41,78.43
87.27,87.27,64.57,80.28,78.85
88.18,88.18,66.20,78.30,79.08
88.93,88.93,71.78,79.16,77.60
85.85,85.85,67.16,79.61,76.73
84.79,84.79,70.11,80.10,78.77
85.52,85.52,63.57,77.07,78.35
85.02,85.02,60.03,76.05,75.39
82.96,82.96,63.30,78.85,78.73
84.58,84.58,64.62,78.82,79.63
86.20,86.20,63.42,78.26,79.87
84.92,84.92,62.97,78.61,79.19
84.91,84.91,62.82,77.71,80.08
83.94,83.94,63.92,81.18,76.89
81.89,81.89,66.25,78.77,77.21
82.00,82.00,70.17,75.25,76.72
83.56,83.56,79.95,76.57,75.12
80.91,80.91,76.96,74.97,77.71
82.78,82.78,73.12,77.81,78.66
83.33,83.33,68.28,74.53,75.94
84.10,84.10,69.77,77.05,75.11
84.12,84.12,66.95,74.51,75.07
83.73,83.73,72.40,76.36,78.38
83.91,83.91,74.90,73.38,77.04
83.94,83.94,71.86,72.97,77.78
81.82,81.82,70.10,70.41,76.88
83.55,83.55,71.30,70.13,79.68
79.27,79.27,82.49,71.37,78.81
82.45,82.45,81.72,75.02,80.00
84.36,84.36,75.83,67.19,78.59
82.81,82.81,76.64,72.41,79.04
83.43,83.43,79.09,72.91,76.39
86.10,86.10,75.72,69.35,77.20
82.86,82.86,78.11,77.84,78.10
83.80,83.80,79.18,78.34,76.08
81.60,81.60,78.69,71.63,74.24
82.54,82.54,77.44,75.78,76.19
83.82,83.82,76.88,73.66,76.87
83.16,83.16,82.18,71.26,77.84
80.74,80.74,81.30,75.36,76.28
81.54,81.54,77.23,70.01,76.38
84.23,84.23,74.60,64.78,80.24
81.05,81.05,69.89,61.61,76.98
83.53,83.53,78.22,67.77,78.59
86.68,86.68,76.14,76.26,76.39
84.95,84.95,74.54,75.32,79.95
83.71,83.71,74.88,73.51,81.45
85.25,85.25,78.58,69.84,79.28
85.61,85.61,80.38,66.83,80.53
80.78,80.78,85.85,76.27,80.78
84.71,84.71,85.62,76.73,79.76
80.54,80.54,90.20,75.15,80.35
82.81,82.81,87.39,68.47,80.10
79.31,79.31,89.20,78.92,77.17
83.20,83.20,79.52,73.47,80.24
84.48,84.48,87.21,73.53,78.42
82.57,82.57,86.66,77.71,77.96
80.18,80.18,91.37,77.61,77.86
83.31,83.31,89.75,75.90,78.63
83.08,83.08,84.54,75.96,81.10
84.68,84.68,89.34,78.11,80.28
84.24,84.24,83.15,79.71,82.81
85.66,85.66,85.27,80.95,80.59
87.02,87.02,85.04,77.39,81.81
82.12,82.12,81.36,75.11,79.28
81.11,81.11,82.59,75.75,82.09
83.26,83.26,80.54,78.92,78.64
82.56,82.56,76.67,75.35,81.78
78.79,78.79,74.65,76.82,82.38
79.58,79.58,77.94,79.27,82.02
77.66,77.66,79.75,79.32,79.78
77.04,77.04,75.76,83.94,83.59
75.33,75.33,75.27,80.33,80.43
81.74,81.74,76.73,78.06,81.66
79.51,79.51,78.07,75.05,81.53
76.04,76.04,78.08,81.59,80.17
72.06,72.06,73.56,79.32,82.66
77.57,77.57,72.88,79.71,81.40
75.80,75.80,74.97,82.63,81.93
77.06,77.06,74.99,75.81,78.24
81.48,81.48,76.16,77.84,80.47
83.31,83.31,74.12,80.46,81.57
83.64,83.64,72.55,75.21,81.82
84.16,84.16,72.08,75.85,83.50
83.77,83.77,71.22,78.99,79.96
85.51,85.51,69.86,72.33,80.29
84.12,84.12,69.04,72.91,80.80
85.19,85.19,70.30,75.96,78.99
81.86,81.86,69.02,81.21,80.54
84.64,84.64,67.99,81.00,79.44
84.15,84.15,68.69,81.11,78.86
85.47,85.47,67.87,78.49,79.80
83.05,83.05,67.73,73.43,79.17
85.97,85.97,68.67,80.41,81.19
85.70,85.70,67.25,80.50,80.42
84.56,84.56,67.85,78.88,79.83
83.80,83.80,66.32,80.20,80.93
82.26,82.26,66.76,78.48,79.21
84.12,84.12,65.21,76.38,80.03
85.55,85.55,67.07,78.27,80.49
85.05,85.05,66.82,79.79,79.31
82.18,82.18,69.20,75.71,82.24
84.22,84.22,76.31,77.20,83.95
83.32,83.32,71.77,81.40,82.77
80.68,80.68,68.86,73.38,81.47
81.69,81.69,71.16,78.84,82.62
80.17,80.17,69.95,80.78,84.06
81.74,81.74,67.42,82.23,84.73
78.73,78.73,65.92,82.38,85.69
77.63,77.63,65.91,80.86,84.01
78.34,78.34,68.09,75.42,81.66
78.36,78.36,69.24,78.32,78.32
81.71,81.71,72.45,82.22,79.94
82.14,82.14,73.39,82.11,81.44
84.72,84.72,71.80,81.48,82.00
85.97,85.97,71.20,69.38,82.89
86.09,86.09,70.02,73.57,81.60
84.55,84.55,70.80,82.37,79.14
85.03,85.03,71.94,78.13,81.20
88.76,88.76,70.50,81.54,80.38
85.59,85.59,70.17,75.37,77.88
85.72,85.72,69.60,75.52,80.98
85.91,85.91,68.74,67.71,79.67
84.56,84.56,70.91,80.46,80.29
84.60,84.60,70.90,78.22,82.54
84.50,84.50,69.87,71.54,78.59
86.04,86.04,68.33,76.48,80.49
86.16,86.16,68.47,76.70,81.59
85.37,85.37,65.15,78.39,80.83
83.74,83.74,65.88,77.18,79.40
84.26,84.26,67.49,78.45,79.15
87.11,87.11,61.97,74.48,79.72
83.00,83.00,62.85,75.07,81.52
81.64,81.64,63.80,81.31,81.72
82.31,82.31,65.52,82.31,82.09
80.79,80.79,62.93,77.72,82.43
80.27,80.27,61.10,77.99,79.89
83.16,83.16,62.38,81.34,81.10
79.72,79.72,64.69,75.00,82.02
78.75,78.75,64.75,77.59,81.62
77.59,77.59,64.51,81.90,83.31
78.11,78.11,63.60,78.40,83.36
79.26,79.26,64.95,77.54,80.02
80.74,80.74,66.18,81.58,79.25
78.57,78.57,72.74,70.11,78.02
83.82,83.82,81.57,83.11,78.17
83.80,83.80,76.46,80.02,79.16
84.94,84.94,74.81,81.51,78.85
86.24,86.24,71.48,79.55,80.42
85.50,85.50,72.91,79.95,80.62
84.48,84.48,70.28,82.13,78.89
82.19,82.19,70.39,79.59,80.96
86.38,86.38,70.63,77.67,80.35
86.78,86.78,70.69,79.02,81.23
83.64,83.64,71.55,78.21,79.85
84.42,84.42,70.84,79.74,80.82
83.53,83.53,74.95,77.57,82.65
84.92,84.92,69.16,75.26,82.16
83.61,83.61,69.82,75.75,84.48
85.14,85.14,67.02,78.84,80.08
83.97,83.97,65.93,76.13,78.73
84.69,84.69,65.36,76.94,80.35
88.42,88.42,63.55,79.48,78.90
81.79,81.79,63.74,78.41,82.10
84.87,84.87,66.77,80.31,80.36
82.35,82.35,70.78,80.81,80.77
83.73,83.73,79.61,80.33,78.35
83.42,83.42,85.77,78.95,77.56
80.61,80.61,82.71,71.80,80.05
82.53,82.53,78.20,74.66,79.29
80.18,80.18,90.69,74.42,80.10
82.58,82.58,89.09,76.66,77.41
80.78,80.78,87.35,76.98,77.37
77.66,77.66,79.26,76.60,76.64
75.79,75.79,77.89,76.79,73.92
77.76,77.76,73.96,78.34,74.39
78.05,78.05,78.37,79.69,77.22
77.24,77.24,88.13,77.52,78.97
79.66,79.66,91.32,73.55,77.55
80.66,80.66,90.37,70.93,77.42
76.01,76.01,92.93,70.42,76.59
79.06,79.06,90.60,77.02,76.10
80.59,80.59,88.20,78.18,79.34
78.92,78.92,81.39,75.42,79.97
83.73,83.73,86.43,75.41,81.02
82.52,82.52,87.35,78.75,78.75
79.22,79.22,86.61,74.90,80.76
86.48,86.48,90.77,71.89,78.63
79.35,79.35,89.97,74.57,80.95
80.56,80.56,88.62,76.03,81.82
82.12,82.12,83.72,75.20,80.50
84.03,84.03,82.45,74.55,80.82
85.29,85.29,80.07,76.54,79.67
85.80,85.80,82.05,75.38,81.43
81.87,81.87,83.98,73.68,83.07
84.06,84.06,83.69,64.34,81.97
83.04,83.04,84.10,70.29,84.00
82.88,82.88,76.74,70.83,82.81
83.34,83.34,79.60,65.92,84.01
80.20,80.20,81.02,64.79,85.68
79.24,79.24,76.22,70.07,85.41
80.41,80.41,66.03,74.08,83.64
82.64,82.64,77.26,77.79,83.11
79.05,79.05,79.80,78.29,80.62
81.36,81.36,72.72,75.49,81.65
77.64,77.64,74.80,69.08,80.98
79.04,79.04,75.27,71.37,80.19
80.80,80.80,68.78,73.93,79.41
80.23,80.23,66.72,72.09,80.38
78.38,78.38,72.00,75.54,82.07
79.24,79.24,70.44,69.00,78.48
83.23,83.23,76.22,72.29,80.50
79.89,79.89,71.46,72.83,82.00
83.47,83.47,64.56,70.91,81.00
81.40,81.40,75.36,72.72,82.07
80.77,80.77,74.01,69.25,82.53
78.96,78.96,70.99,67.26,82.65
82.20,82.20,73.38,70.95,82.59
83.50,83.50,71.40,74.29,83.01
81.70,81.70,65.51,75.88,83.27
78.09,78.09,71.34,78.73,83.73
81.38,81.38,72.95,73.12,85.45
81.56,81.56,66.03,74.19,84.06
81.02,81.02,69.01,72.63,85.15
82.80,82.80,67.65,74.86,82.71
88.11,88.11,72.21,70.08,82.69
80.78,80.78,77.77,74.40,84.86
81.40,81.40,76.26,71.30,82.97
81.57,81.57,66.26,70.26,82.93
79.97,79.97,66.25,71.73,82.86
81.86,81.86,69.43,77.06,80.16
77.81,77.81,73.96,74.11,82.18
79.94,79.94,74.10,75.31,80.49
79.99,79.99,71.67,78.27,82.64
80.59,80.59,70.88,76.65,82.38
81.46,81.46,66.05,77.93,83.36
80.00,80.00,71.88,81.47,82.69
79.36,79.36,70.94,78.96,83.62
75.47,75.47,65.09,71.14,84.04
74.79,74.79,65.50,77.06,84.92
74.55,74.55,73.91,75.51,81.88
74.92,74.92,80.33,76.79,83.60
79.18,79.18,77.30,71.83,81.56
81.83,81.83,80.43,74.70,82.51
84.91,84.91,75.86,77.83,82.94
85.92,85.92,75.91,82.92,79.82
81.75,81.75,77.03,80.49,79.89
79.93,79.93,76.49,80.29,80.69
74.93,74.93,78.18,78.07,82.41
76.68,76.68,76.61,78.55,82.03
79.38,79.38,75.28,79.67,81.01
81.31,81.31,72.38,78.06,79.59
81.40,81.40,73.00,79.43,81.36
81.88,81.88,72.66,79.37,82.92
83.73,83.73,68.79,72.66,80.81
84.49,84.49,67.66,72.13,79.47
85.47,85.47,69.98,76.87,82.97
84.22,84.22,66.90,80.83,80.51
82.95,82.95,67.90,80.50,80.76
81.53,81.53,67.45,77.54,80.74
80.30,80.30,67.05,78.48,78.57
78.87,78.87,70.28,81.08,81.56
78.49,78.49,66.06,78.36,81.54
80.58,80.58,67.01,79.16,81.23
82.53,82.53,69.90,77.36,81.55
83.06,83.06,65.31,74.02,81.13
80.47,80.47,65.66,73.22,82.95
79.33,79.33,63.55,77.22,83.54
76.25,76.25,61.94,80.69,80.44
74.25,74.25,64.85,77.53,80.65
71.80,71.80,61.40,72.91,81.24
71.88,71.88,67.25,72.78,78.73
72.28,72.28,67.29,79.76,76.91
77.74,77.74,70.62,80.22,83.95
77.49,77.49,72.13,77.77,84.80
83.66,83.66,68.91,81.21,83.38
82.71,82.71,72.15,77.61,81.94
80.17,80.17,69.82,80.53,81.11
81.22,81.22,70.44,75.16,80.30
81.69,81.69,70.10,77.55,79.80
81.65,81.65,68.18,79.07,82.67
75.23,75.23,66.55,76.55,83.40
75.18,75.18,64.20,78.10,83.35
74.88,74.88,65.82,78.70,83.12
77.48,77.48,68.36,77.47,83.01
74.76,74.76,65.84,81.86,84.98
76.59,76.59,61.43,66.72,83.70
77.71,77.71,59.74,80.58,81.33
75.05,75.05,60.54,75.65,80.81
78.67,78.67,58.16,75.02,81.97
84.52,84.52,56.21,77.01,82.40
79.34,79.34,56.47,70.97,80.30
77.08,77.08,57.42,72.98,79.49
75.91,75.91,62.61,72.31,77.88
73.95,73.95,68.35,75.14,81.26
75.76,75.76,77.26,75.61,83.38
76.23,76.23,77.06,81.75,82.89
75.13,75.13,77.62,76.88,80.46
76.15,76.15,73.38,78.29,82.35
72.05,72.05,67.72,75.45,81.80
72.30,72.30,53.76,72.92,82.00
73.32,73.32,60.46,77.84,80.72
71.81,71.81,70.03,74.58,81.69
71.48,71.48,70.85,77.71,79.40
74.27,74.27,71.58,79.76,78.36
78.74,78.74,82.71,74.63,82.42
81.65,81.65,83.21,75.67,82.41
83.88,83.88,86.12,71.98,79.75
84.37,84.37,88.61,70.84,77.32
80.52,80.52,88.47,73.70,74.80
80.54,80.54,92.58,75.56,75.55
81.64,81.64,84.18,74.89,75.75
82.34,82.34,89.36,74.73,75.87
80.60,80.60,87.03,78.17,76.90
82.87,82.87,88.60,79.02,78.67
80.04,80.04,89.32,77.63,76.15
82.90,82.90,85.85,76.65,76.95
80.27,80.27,86.22,78.20,77.27
85.31,85.31,84.06,79.96,78.73
88.80,88.80,81.02,78.60,79.46
86.63,86.63,83.33,78.32,80.04
81.36,81.36,86.47,77.39,80.62
82.90,82.90,83.56,76.41,79.58
83.09,83.09,82.47,79.48,80.01
86.11,86.11,78.82,78.98,76.50
80.34,80.34,77.65,77.68,77.93
81.13,81.13,80.18,78.07,79.96
85.51,85.51,71.88,79.10,80.18
83.42,83.42,72.86,78.85,80.55
82.21,82.21,71.57,80.43,80.70
80.23,80.23,71.69,79.79,83.08
82.38,82.38,71.35,79.99,81.75
78.53,78.53,69.35,80.32,80.95
73.43,73.43,64.82,80.64,82.57
72.17,72.17,68.36,80.55,79.90
74.21,74.21,70.51,81.43,78.42
73.74,73.74,75.40,81.69,80.90
80.70,80.70,78.54,79.83,81.03
81.54,81.54,74.28,78.87,82.12
84.07,84.07,63.02,78.76,80.35
84.22,84.22,59.65,77.45,77.49
85.80,85.80,62.23,77.54,79.13
84.58,84.58,63.26,76.62,78.91
86.67,86.67,66.20,78.04,79.53
86.40,86.40,66.59,77.59,80.71
84.48,84.48,64.16,78.78,79.24
84.96,84.96,61.80,78.77,78.99
84.37,84.37,55.51,78.40,77.91
84.85,84.85,58.28,80.23,80.84
84.47,84.47,64.03,77.63,78.93
84.64,84.64,63.83,71.88,83.10
82.84,82.84,64.01,70.22,85.16
82.79,82.79,62.22,72.47,85.17
84.25,84.25,54.95,74.03,84.71
86.52,86.52,51.42,77.31,81.10
82.73,82.73,52.50,78.59,80.97
82.16,82.16,56.30,77.89,82.17
81.61,81.61,57.85,78.31,81.71
82.63,82.63,67.08,80.23,82.35
85.79,85.79,79.41,80.62,80.01
82.17,82.17,73.28,80.85,78.55
81.17,81.17,70.01,78.72,76.95
81.58,81.58,65.01,79.87,78.17
79.13,79.13,64.05,80.01,80.10
82.09,82.09,64.59,76.36,79.35
79.12,79.12,65.06,78.47,79.20
79.83,79.83,72.10,79.69,78.36
79.62,79.62,63.13,80.75,79.17
78.85,78.85,70.78,81.79,76.89
79.22,79.22,80.47,79.83,77.47
77.99,77.99,87.71,74.26,77.60
81.48,81.48,78.32,81.34,80.59
84.54,84.54,75.51,82.12,79.84
83.46,83.46,75.35,79.87,78.00
86.72,86.72,75.52,79.96,77.91
86.73,86.73,72.34,79.14,79.36
84.80,84.80,75.10,75.73,81.86
86.98,86.98,74.65,75.10,79.41
83.81,83.81,68.75,78.11,78.49
84.69,84.69,70.61,74.39,79.68
82.48,82.48,77.70,74.13,81.14
84.73,84.73,72.52,79.74,80.80
85.30,85.30,67.37,74.19,79.87
83.96,83.96,71.18,69.03,82.37
84.78,84.78,65.55,75.92,84.81
83.05,83.05,67.18,76.09,82.53
79.13,79.13,67.44,78.55,81.52
78.77,78.77,68.33,77.31,83.40
76.38,76.38,67.75,78.67,83.26
76.18,76.18,64.63,78.57,82.09
76.68,76.68,67.48,78.19,80.72
78.30,78.30,66.98,79.60,83.80
83.73,83.73,63.76,78.58,80.76
84.40,84.40,64.04,76.43,79.13
81.45,81.45,63.70,76.27,82.04
83.62,83.62,62.98,79.15,79.65
80.38,80.38,62.53,79.96,78.89
82.38,82.38,62.97,79.57,78.70
81.77,81.77,61.60,81.08,79.12
82.74,82.74,60.41,80.93,74.22
83.16,83.16,62.09,81.03,77.43
82.83,82.83,64.06,81.44,79.01
85.79,85.79,66.34,80.33,83.16
85.55,85.55,67.39,80.77,83.10
86.46,86.46,67.66,81.64,79.76
87.32,87.32,65.72,81.52,80.32
89.31,89.31,64.32,80.11,77.91
82.55,82.55,64.91,80.02,80.87
88.52,88.52,64.27,80.14,81.23
86.10,86.10,65.15,79.54,79.02
88.33,88.33,62.50,77.73,80.40
87.30,87.30,62.28,77.94,79.03
83.55,83.55,63.30,76.88,81.70
86.14,86.14,63.81,72.46,83.25
84.81,84.81,63.88,73.69,84.04
84.87,84.87,63.02,75.21,83.44
85.04,85.04,61.20,72.14,83.05
86.03,86.03,58.95,68.18,82.96
86.01,86.01,57.23,70.64,82.99
84.82,84.82,56.13,72.03,77.87
85.89,85.89,56.56,73.94,81.92
85.44,85.44,64.77,71.60,80.95
87.61,87.61,68.06,70.34,79.44
80.34,80.34,78.25,71.30,78.90
83.96,83.96,86.72,68.76,81.10
85.11,85.11,87.88,70.96,79.77
84.19,84.19,80.83,74.80,76.63
79.46,79.46,87.67,73.61,80.63
81.92,81.92,88.99,72.86,82.10
81.52,81.52,80.05,71.89,77.91
80.10,80.10,85.74,71.18,77.10
78.14,78.14,75.34,68.75,78.62
81.55,81.55,75.02,65.07,75.87
76.66,76.66,81.41,66.97,76.75
81.08,81.08,82.16,77.39,80.68
78.52,78.52,91.33,76.78,77.77
77.46,77.46,88.28,64.96,78.22
74.09,74.09,93.05,68.62,79.21
77.61,77.61,93.04,71.48,78.98
80.66,80.66,87.16,75.11,81.28
82.51,82.51,86.87,76.66,83.58
82.80,82.80,84.80,72.46,82.78
78.92,78.92,90.95,72.46,82.36
81.77,81.77,90.25,76.11,81.54
77.52,77.52,90.50,75.62,83.62
80.40,80.40,88.36,73.35,82.77
81.86,81.86,89.93,74.83,82.80
82.25,82.25,85.33,78.83,82.93
79.18,79.18,81.83,80.34,84.55
78.25,78.25,85.21,78.22,80.55
76.07,76.07,86.95,76.25,81.61
78.07,78.07,85.53,78.19,83.30
77.11,77.11,80.24,81.21,79.52
79.23,79.23,75.44,79.10,79.81
77.26,77.26,84.06,77.65,81.88
78.01,78.01,77.20,76.85,80.93
79.54,79.54,78.83,79.26,80.42
79.60,79.60,77.46,79.17,80.59
79.41,79.41,76.96,76.33,83.10
80.26,80.26,73.96,77.21,83.44
76.02,76.02,71.96,80.97,82.83
78.57,78.57,71.00,79.23,82.72
78.40,78.40,76.73,74.62,78.36
79.78,79.78,69.17,73.42,78.12
80.20,80.20,70.91,78.44,78.94
79.22,79.22,68.14,74.03,78.11
83.04,83.04,71.22,80.18,78.28
80.82,80.82,69.64,80.25,80.28
78.73,78.73,66.46,76.52,79.63
84.56,84.56,65.35,76.31,78.51
85.18,85.18,71.63,76.76,80.32
86.06,86.06,73.60,78.18,80.63
83.24,83.24,66.98,78.18,80.32
83.40,83.40,65.67,77.94,78.59
85.88,85.88,74.01,78.00,80.18
83.04,83.04,69.95,77.94,81.44
81.97,81.97,62.64,76.80,79.34
84.50,84.50,65.66,73.93,82.02
84.15,84.15,72.85,76.54,80.44
81.86,81.86,73.68,78.75,81.74
86.05,86.05,71.66,73.89,80.04
85.99,85.99,68.98,75.85,81.84
86.25,86.25,68.46,76.04,81.51
85.00,85.00,61.27,77.44,80.51
80.70,80.70,67.51,76.42,77.61
81.59,81.59,65.41,75.97,79.84
80.99,80.99,69.40,76.66,81.16
82.80,82.80,70.32,77.95,77.84
83.05,83.05,81.29,74.27,80.79
80.66,80.66,84.47,71.79,80.84
84.12,84.12,85.01,75.14,76.92
83.53,83.53,82.39,75.46,77.52
81.70,81.70,74.46,75.55,77.83
75.41,75.41,80.16,74.62,77.45
81.31,81.31,74.68,76.29,77.88
82.10,82.10,71.47,77.24,77.57
78.89,78.89,81.79,76.78,77.84
82.43,82.43,70.74,74.14,81.56
81.94,81.94,75.71,74.55,80.36
81.80,81.80,74.74,77.57,81.33
82.95,82.95,80.10,81.74,79.81
83.18,83.18,75.84,78.68,80.58
84.45,84.45,77.17,79.62,80.37
83.92,83.92,76.35,81.48,79.46
85.86,85.86,73.41,81.99,78.78
84.61,84.61,73.25,80.57,77.01
84.66,84.66,71.63,82.65,78.07
83.12,83.12,69.69,82.89,80.21
83.38,83.38,71.42,80.90,80.78
84.45,84.45,71.70,79.66,79.26
84.92,84.92,67.20,81.96,79.89
85.28,85.28,67.53,81.57,78.57
83.27,83.27,66.57,82.30,79.01
85.10,85.10,66.11,83.34,79.84
83.79,83.79,63.32,82.22,81.25
84.64,84.64,62.85,83.15,78.91
84.54,84.54,61.48,81.69,77.87
82.30,82.30,58.92,81.79,77.19
84.11,84.11,59.35,81.93,79.26
86.73,86.73,64.45,82.07,79.95
80.37,80.37,63.98,80.51,80.86
81.02,81.02,66.17,79.30,81.04
81.42,81.42,65.72,80.86,80.93
78.39,78.39,60.18,79.86,81.26
79.15,79.15,61.39,80.81,82.61
75.89,75.89,61.14,80.65,81.12
77.92,77.92,52.70,81.96,79.96
77.77,77.77,58.64,78.83,83.10
78.77,78.77,58.70,78.96,81.93
81.24,81.24,62.90,76.96,82.32
81.04,81.04,64.13,80.20,77.54
81.62,81.62,69.30,67.46,82.93
80.41,80.41,70.56,67.85,86.38
81.73,81.73,68.19,71.51,85.28
82.76,82.76,66.76,76.77,85.89
82.18,82.18,67.70,76.37,84.66
85.85,85.85,66.45,71.26,80.04
81.75,81.75,68.35,75.21,84.02
82.80,82.80,66.61,74.22,83.75
81.48,81.48,71.08,72.04,83.92
78.19,78.19,66.78,72.85,81.87
78.86,78.86,71.92,76.43,82.38
77.24,77.24,65.63,79.83,82.04
78.99,78.99,58.43,75.66,84.31
75.99,75.99,62.76,73.20,84.46
79.53,79.53,56.59,71.85,84.95
80.21,80.21,60.55,75.30,84.76
77.68,77.68,57.13,78.46,82.22
77.49,77.49,57.02,78.66,83.12
77.29,77.29,58.50,76.09,84.25
77.84,77.84,67.48,78.48,86.02
78.36,78.36,72.07,71.76,80.44
79.38,79.38,71.90,72.70,82.51
81.90,81.90,65.08,80.06,82.29
80.36,80.36,66.68,78.06,80.69
82.45,82.45,64.90,75.41,81.77
76.02,76.02,61.48,80.18,79.37
74.64,74.64,69.01,81.62,76.48
74.56,74.56,68.63,82.73,80.52
72.40,72.40,70.63,81.57,79.22
72.18,72.18,70.00,73.94,79.18
74.33,74.33,75.25,71.75,76.51
75.94,75.94,80.09,74.54,78.71
78.11,78.11,85.27,73.27,80.21
78.26,78.26,87.72,77.48,79.76
78.63,78.63,90.30,74.83,78.53
77.64,77.64,90.79,70.07,77.69
86.15,86.15,90.26,71.92,77.12
84.92,84.92,82.62,67.33,81.37
84.27,84.27,84.07,69.73,78.43
82.90,82.90,89.62,66.01,77.94
85.82,85.82,87.89,69.78,79.46
80.69,80.69,91.61,71.25,83.06
84.00,84.00,86.67,71.46,80.37
81.42,81.42,83.96,68.89,80.30
81.96,81.96,87.20,72.20,81.88
83.16,83.16,75.64,73.77,80.50
82.30,82.30,82.77,71.17,80.90
81.02,81.02,86.63,74.56,80.64
85.66,85.66,85.48,67.97,81.80
83.20,83.20,78.63,69.38,80.23
81.14,81.14,77.78,76.78,80.21
76.57,76.57,77.92,73.87,81.21
74.77,74.77,81.83,74.78,81.12
78.62,78.62,77.69,75.02,83.53
72.66,72.66,83.45,77.17,87.66
71.65,71.65,76.59,75.99,85.91
72.78,72.78,74.09,73.01,84.73
78.46,78.46,72.84,76.53,86.71
78.18,78.18,74.46,74.76,84.53
78.07,78.07,76.48,74.25,83.00
75.97,75.97,76.52,75.60,84.90
73.30,73.30,77.07,78.27,82.26
76.59,76.59,81.74,71.58,80.41
76.60,76.60,78.41,75.53,81.14
72.00,72.00,77.84,77.34,82.62
73.40,73.40,76.94,76.93,82.78
76.50,76.50,72.65,73.41,81.21
74.30,74.30,71.98,77.07,78.49
71.22,71.22,72.89,79.07,82.89
68.69,68.69,72.28,73.79,80.02
71.45,71.45,79.43,75.97,83.13
74.28,74.28,80.68,76.06,80.83
68.90,68.90,77.33,77.68,80.63
68.32,68.32,79.85,74.16,80.16
70.03,70.03,76.16,80.36,82.57
68.53,68.53,69.79,77.31,81.97
66.22,66.22,75.25,75.20,81.97
69.96,69.96,73.90,80.02,81.17
63.99,63.99,71.90,78.20,82.74
62.27,62.27,77.02,77.40,81.56
67.68,67.68,71.72,78.25,81.13
67.63,67.63,66.51,77.84,82.17
72.05,72.05,67.55,77.50,79.76
78.23,78.23,60.59,74.04,80.62
83.52,83.52,63.13,73.72,80.92
81.31,81.31,71.83,73.11,84.33
79.19,79.19,77.15,71.53,84.16
78.19,78.19,78.84,74.81,85.14
76.33,76.33,79.87,74.92,83.58
79.03,79.03,72.53,76.60,85.25
75.62,75.62,84.04,80.10,81.56
74.61,74.61,78.06,79.68,81.74
79.26,79.26,80.84,74.60,79.77
81.57,81.57,79.47,75.34,80.42
85.50,85.50,79.93,73.36,78.08
81.72,81.72,76.17,73.30,78.55
84.02,84.02,84.42,70.51,78.54
83.04,83.04,80.85,80.21,79.30
86.72,86.72,75.93,76.70,77.17
85.13,85.13,73.95,78.19,76.89
83.15,83.15,74.77,73.03,76.72
87.43,87.43,76.55,73.44,78.37
86.25,86.25,78.38,66.82,78.35
83.09,83.09,76.64,73.95,77.74
84.34,84.34,72.41,73.20,78.76
85.76,85.76,74.13,75.57,79.44
84.52,84.52,71.84,78.26,80.84
84.05,84.05,74.13,77.34,80.54
85.31,85.31,72.36,67.84,77.87
87.76,87.76,67.27,78.04,79.04
86.96,86.96,67.96,74.25,78.89
85.02,85.02,66.52,71.69,79.84
84.49,84.49,70.38,77.15,79.75
84.18,84.18,71.35,73.82,77.71
83.42,83.42,72.58,73.80,79.08
84.34,84.34,65.35,71.24,82.01
81.51,81.51,65.11,77.44,80.79
83.53,83.53,63.43,74.54,78.27
83.85,83.85,70.42,73.76,82.59
82.51,82.51,65.21,75.14,85.24
82.69,82.69,65.65,72.99,82.07
81.24,81.24,61.05,70.93,83.29
79.55,79.55,64.99,77.64,81.39
78.17,78.17,58.67,77.69,77.29
77.14,77.14,61.79,73.62,76.75
76.00,76.00,63.28,76.11,77.49
76.48,76.48,56.24,76.42,77.82
77.43,77.43,55.10,79.42,76.34
81.19,81.19,57.79,80.62,81.64
80.07,80.07,57.01,83.44,81.19
82.67,82.67,58.09,81.87,82.99
79.84,79.84,56.17,79.46,81.56
81.75,81.75,54.88,81.32,79.71
80.16,80.16,54.89,80.16,80.27
81.65,81.65,53.13,77.18,81.63
80.56,80.56,55.04,81.79,83.27
79.21,79.21,54.83,83.39,82.06
78.19,78.19,55.54,81.07,82.82
76.40,76.40,54.27,81.02,80.74
79.13,79.13,62.00,77.86,87.73
81.32,81.32,55.00,83.52,82.20
80.58,80.58,56.32,82.12,82.00
83.29,83.29,57.61,77.36,83.05
81.96,81.96,56.30,80.19,83.34
81.22,81.22,59.91,81.24,80.67
83.14,83.14,57.67,83.00,81.05
80.23,80.23,61.34,82.69,83.31
79.48,79.48,60.42,82.87,81.18
81.39,81.39,73.30,82.60,80.11
82.71,82.71,76.64,81.72,81.19
82.63,82.63,85.21,80.42,83.71
81.08,81.08,86.04,79.22,82.69
82.54,82.54,81.58,75.57,84.51
81.56,81.56,84.98,75.42,82.39
80.86,80.86,91.26,75.47,80.87
80.77,80.77,80.82,76.61,78.71
79.14,79.14,81.09,78.37,80.98
77.95,77.95,67.01,82.11,77.72
77.55,77.55,78.05,83.53,76.47
76.28,76.28,79.56,81.58,74.79
78.00,78.00,84.51,79.38,79.03
76.50,76.50,84.08,78.66,80.72
77.64,77.64,89.77,73.77,81.52
78.84,78.84,90.27,70.88,81.94
83.51,83.51,88.40,77.51,81.73
80.57,80.57,88.32,79.36,81.91
79.09,79.09,84.93,76.59,84.12
82.09,82.09,82.13,68.34,81.35
84.97,84.97,88.41,65.70,80.14
84.11,84.11,80.94,71.18,79.60
84.71,84.71,87.78,69.44,79.73
80.63,80.63,88.34,73.14,80.81
83.11,83.11,88.71,77.33,80.98
82.93,82.93,82.21,78.79,79.06
84.44,84.44,83.86,76.97,81.70
85.13,85.13,76.40,75.91,80.03
85.67,85.67,83.19,77.90,81.95
86.04,86.04,84.00,78.31,81.58
85.10,85.10,83.91,79.87,80.83
83.30,83.30,80.60,83.67,80.13
86.98,86.98,64.40,82.32,80.68
85.99,85.99,75.85,74.05,80.73
84.05,84.05,70.52,72.51,83.52
83.82,83.82,65.22,80.69,79.54
85.32,85.32,79.11,83.50,80.58
83.49,83.49,74.23,83.72,81.86
85.64,85.64,71.25,83.43,80.88
84.77,84.77,74.06,82.97,81.41
82.06,82.06,76.52,82.88,81.94
87.87,87.87,68.50,81.13,79.77
85.10,85.10,73.47,82.96,80.40
81.08,81.08,71.65,82.73,80.37
82.31,82.31,73.31,82.96,80.71
85.21,85.21,65.72,81.89,82.15
85.12,85.12,71.99,83.19,82.70
84.53,84.53,68.71,84.13,82.80
84.01,84.01,65.04,84.80,81.41
83.95,83.95,67.59,82.27,81.48
84.76,84.76,75.83,81.53,80.32
84.72,84.72,75.31,81.36,80.68
84.35,84.35,78.17,81.41,81.04
85.05,85.05,70.45,82.37,79.89
85.23,85.23,63.63,81.67,81.83
81.09,81.09,73.24,82.95,82.58
80.88,80.88,74.63,81.47,84.12
84.14,84.14,72.26,82.45,83.57
82.14,82.14,65.70,82.99,81.36
84.29,84.29,68.81,83.00,82.74
82.58,82.58,66.16,80.09,83.52
82.96,82.96,66.48,80.68,83.98
83.42,83.42,72.58,81.65,83.37
81.62,81.62,74.86,81.24,84.16
83.67,83.67,67.39,82.58,83.43
82.78,82.78,63.02,81.23,83.20
82.09,82.09,70.32,80.49,83.14
80.74,80.74,69.24,79.49,81.91
80.78,80.78,68.34,82.01,84.58
76.79,76.79,68.35,82.39,83.86
80.24,80.24,70.55,80.12,84.28
80.81,80.81,67.83,81.17,82.13
81.33,81.33,65.35,81.94,81.43
78.19,78.19,68.13,82.52,79.51
79.04,79.04,68.10,81.99,80.37
78.70,78.70,76.39,81.55,80.34
73.28,73.28,80.35,77.95,76.63
71.16,71.16,82.26,81.55,76.92
69.42,69.42,81.38,77.06,80.63
71.99,71.99,77.00,78.36,80.12
69.79,69.79,77.36,80.92,83.08
69.10,69.10,76.20,78.43,81.43
69.33,69.33,75.62,79.68,80.63
69.18,69.18,73.61,81.68,82.70
69.02,69.02,74.99,82.66,81.59
65.67,65.67,72.83,80.19,80.31
62.92,62.92,76.11,81.94,86.27
63.05,63.05,73.78,80.06,85.60
62.57,62.57,71.62,79.00,84.69
59.73,59.73,68.39,78.72,81.50
60.03,60.03,69.06,81.22,82.55
59.11,59.11,69.41,77.39,83.47
59.33,59.33,70.55,79.51,82.84
58.20,58.20,68.32,78.55,83.47
57.93,57.93,66.25,75.11,82.35
58.58,58.58,65.16,79.21,84.37
56.87,56.87,61.17,79.60,83.35
56.96,56.96,63.13,83.04,84.59
57.78,57.78,64.17,77.61,82.19
58.30,58.30,61.65,79.72,83.07
60.33,60.33,59.16,79.32,83.17
57.98,57.98,55.45,79.75,80.35
56.06,56.06,52.99,82.72,81.62
53.86,53.86,56.74,79.00,82.11
51.66,51.66,54.87,81.31,81.67
49.37,49.37,53.52,80.63,79.76
49.54,49.54,50.60,84.01,77.53
46.08,46.08,57.90,81.62,78.04
49.54,49.54,66.81,83.48,81.23
51.97,51.97,67.43,82.25,86.35
52.35,52.35,63.95,84.98,86.00
53.47,53.47,61.23,85.37,84.44
51.83,51.83,61.37,84.29,85.75
53.10,53.10,58.67,86.55,85.43
56.22,56.22,58.10,83.81,84.76
55.16,55.16,56.95,81.99,85.99
52.66,52.66,57.02,83.26,84.56
51.79,51.79,58.55,84.99,85.96
52.34,52.34,69.34,84.78,84.10
54.97,54.97,77.66,81.75,83.10
53.56,53.56,82.23,82.52,82.22
50.18,50.18,78.33,80.76,83.27
49.37,49.37,73.69,79.50,81.34
48.40,48.40,77.87,79.64,81.54
50.63,50.63,82.50,80.71,81.36
48.65,48.65,76.86,82.47,82.00
53.83,53.83,76.70,82.35,80.62
52.47,52.47,75.23,80.13,82.42
63.37,63.37,75.11,79.80,80.74
73.49,73.49,77.83,81.91,81.26
77.22,77.22,79.02,82.02,80.61
78.14,78.14,81.26,82.74,78.28
79.71,79.71,78.07,78.15,77.77
80.39,80.39,76.57,78.25,80.24
77.46,77.46,80.21,80.13,78.72
80.87,80.87,69.56,80.79,80.01
80.10,80.10,64.44,80.89,78.09
77.72,77.72,63.52,78.53,78.78
80.02,80.02,64.65,79.65,78.68
79.25,79.25,74.03,79.82,77.67
76.92,76.92,79.03,76.48,79.61
77.79,77.79,86.62,73.04,80.84
77.93,77.93,88.62,73.67,79.87
77.29,77.29,91.45,68.02,79.55
77.75,77.75,90.17,68.21,78.41
77.87,77.87,88.25,70.95,79.00
77.70,77.70,83.64,68.58,82.75
78.27,78.27,85.78,67.57,79.00
80.33,80.33,89.02,67.15,78.77
77.56,77.56,90.14,72.44,78.28
77.39,77.39,87.73,69.57,77.88
78.59,78.59,90.06,68.54,81.45
77.09,77.09,86.20,69.34,83.32
76.45,76.45,87.59,72.13,82.94
77.89,77.89,82.44,72.59,83.84
75.89,75.89,84.50,71.22,85.03
78.10,78.10,88.18,74.76,84.48
78.49,78.49,85.97,76.15,82.48
81.63,81.63,85.65,74.41,84.25
79.16,79.16,81.79,74.69,82.60
74.25,74.25,80.61,76.31,84.01
70.59,70.59,72.51,74.52,84.81
77.27,77.27,72.66,73.52,85.42
78.05,78.05,73.50,75.83,85.86
77.34,77.34,68.77,72.63,84.02
79.47,79.47,66.44,78.38,83.07
78.51,78.51,63.03,77.59,83.60
76.59,76.59,57.08,75.58,82.49
75.95,75.95,56.13,77.06,83.34
76.68,76.68,57.70,76.42,83.56
77.75,77.75,61.83,74.64,83.40
75.77,75.77,67.61,75.28,82.98
75.92,75.92,72.21,73.37,83.32
79.56,79.56,70.96,77.56,85.39
80.35,80.35,67.47,73.29,84.79
79.44,79.44,68.27,76.26,83.09
83.01,83.01,71.11,74.18,83.29
82.15,82.15,68.00,75.01,82.54
82.29,82.29,62.78,73.39,81.43
79.77,79.77,59.50,75.89,80.82
76.48,76.48,63.72,78.75,80.16
75.54,75.54,66.94,75.57,82.13
69.78,69.78,65.51,74.19,81.97
71.05,71.05,63.67,76.27,83.07
77.84,77.84,58.18,77.28,84.05
79.64,79.64,54.02,75.75,83.18
82.67,82.67,49.64,77.59,82.17
78.52,78.52,49.83,71.26,84.05
78.67,78.67,48.40,76.83,83.16
78.48,78.48,44.56,71.68,81.79
77.75,77.75,43.44,77.70,83.82
77.37,77.37,48.94,73.59,83.01
77.31,77.31,58.45,77.09,82.38
79.61,79.61,65.46,75.12,82.56
77.89,77.89,78.80,70.71,83.78
77.67,77.67,83.03,72.55,83.33
77.59,77.59,78.90,68.01,82.70
74.98,74.98,69.12,76.49,82.13
74.80,74.80,79.55,80.79,81.52
72.92,72.92,77.81,76.26,81.12
65.29,65.29,77.95,73.16,81.90
68.55,68.55,74.43,68.88,81.10
66.00,66.00,71.40,79.11,81.90
66.10,66.10,71.51,76.15,79.11
68.38,68.38,75.83,81.64,77.71
76.56,76.56,83.41,75.22,79.04
80.78,80.78,82.05,78.36,78.75
83.97,83.97,79.66,73.88,78.70
82.43,82.43,74.89,77.56,82.44
86.22,86.22,75.01,74.33,80.76
84.15,84.15,75.15,76.63,80.54
83.05,83.05,75.99,75.88,81.35
81.64,81.64,78.79,76.81,82.26
83.47,83.47,75.37,78.20,82.72
79.64,79.64,74.98,77.74,83.54
81.15,81.15,74.08,77.31,82.87
84.28,84.28,71.11,80.22,82.74
83.12,83.12,73.36,75.24,81.01
81.97,81.97,67.60,77.39,83.38
82.05,82.05,71.05,75.89,82.38
83.48,83.48,69.85,77.76,83.09
83.13,83.13,66.64,79.05,79.22
81.97,81.97,66.79,78.58,80.63
82.50,82.50,63.86,76.35,79.59
83.37,83.37,63.83,77.97,79.30
85.75,85.75,67.19,75.89,80.66
83.34,83.34,60.62,77.43,79.74
80.97,80.97,62.57,76.57,79.63
76.10,76.10,62.73,76.96,80.59
76.63,76.63,62.06,74.15,81.62
75.38,75.38,57.25,77.20,81.42
72.57,72.57,59.88,75.12,80.62
75.84,75.84,57.24,75.76,79.82
72.94,72.94,57.01,81.04,82.00
71.76,71.76,58.13,74.70,78.23
70.49,70.49,61.48,78.13,80.12
69.52,69.52,70.93,76.25,80.09
70.45,70.45,75.51,75.35,84.43
68.22,68.22,84.46,75.65,82.86
66.44,66.44,78.71,65.97,84.21
65.48,65.48,78.94,68.62,85.83
67.46,67.46,82.15,62.47,83.62
62.65,62.65,87.18,67.11,82.98
62.51,62.51,82.32,73.44,80.63
63.71,63.71,80.36,74.33,81.88
61.72,61.72,73.01,80.94,83.31
63.15,63.15,68.32,68.95,81.20
62.55,62.55,73.11,77.86,82.98
64.51,64.51,79.86,75.74,81.98
56.36,56.36,87.76,75.10,81.51
58.04,58.04,77.47,69.18,80.58
57.50,57.50,80.03,74.74,80.87
56.41,56.41,85.96,76.34,80.22
57.98,57.98,86.48,74.26,84.14
61.17,61.17,85.11,76.62,84.23
63.51,63.51,79.64,78.18,82.57
68.85,68.85,82.46,79.33,81.02
72.78,72.78,78.39,81.47,82.16
77.36,77.36,84.83,80.13,82.55
79.19,79.19,80.44,74.99,80.91
71.82,71.82,85.30,75.02,79.72
67.64,67.64,84.62,75.97,79.82
62.31,62.31,87.19,74.75,79.76
66.67,66.67,82.45,73.19,81.82
60.51,60.51,80.79,73.53,80.50
61.30,61.30,77.03,74.15,79.97
69.78,69.78,77.15,72.67,80.64
74.62,74.62,83.70,70.48,77.90
77.56,77.56,80.30,73.05,72.76
82.81,82.81,81.83,72.19,81.10
79.43,79.43,86.41,70.54,81.03
78.12,78.12,89.64,68.48,82.62
77.86,77.86,91.32,73.82,79.90
80.27,80.27,88.79,65.54,79.08
79.31,79.31,90.15,73.11,78.29
80.14,80.14,85.94,76.55,81.03
82.70,82.70,87.93,70.69,79.64
83.60,83.60,87.73,69.06,79.52
81.01,81.01,88.33,63.16,82.27
80.14,80.14,87.83,65.06,84.41
80.38,80.38,87.77,60.61,83.18
81.30,81.30,90.88,68.51,80.95
81.63,81.63,85.14,69.91,81.51
79.84,79.84,84.83,71.78,82.21
84.67,84.67,87.34,74.14,81.68
81.81,81.81,86.95,72.24,80.15
82.18,82.18,81.22,73.73,79.96
83.34,83.34,76.88,79.09,81.10
79.94,79.94,74.65,77.10,83.05
80.42,80.42,70.21,79.02,81.89
79.75,79.75,74.76,77.78,81.57
77.14,77.14,68.43,78.40,84.35
78.01,78.01,75.75,78.75,82.96
79.26,79.26,72.55,77.04,81.83
78.60,78.60,67.10,79.27,82.87
76.72,76.72,68.62,82.03,82.52
75.71,75.71,69.15,81.10,84.32
74.41,74.41,72.30,77.13,81.46
73.61,73.61,66.59,77.00,82.09
75.07,75.07,67.77,74.93,82.66
72.73,72.73,70.81,78.82,81.54
79.15,79.15,70.88,81.23,82.30
78.66,78.66,65.03,82.24,80.88
81.42,81.42,62.17,80.43,78.74
83.14,83.14,66.24,80.58,80.97
80.18,80.18,62.88,79.87,79.54
79.52,79.52,66.43,79.49,79.51
80.09,80.09,67.58,80.36,80.23
83.18,83.18,62.97,81.30,82.08
82.02,82.02,62.49,80.03,79.92
79.64,79.64,64.50,79.02,78.60
80.76,80.76,63.43,78.02,78.89
82.70,82.70,61.57,75.49,78.95
82.82,82.82,58.28,82.06,79.60
82.71,82.71,59.97,83.17,79.87
84.84,84.84,63.56,83.42,80.57
81.66,81.66,57.57,82.23,80.76
79.82,79.82,60.26,82.73,80.73
77.85,77.85,55.92,84.10,80.60
76.08,76.08,60.12,83.82,78.83
75.29,75.29,56.79,84.82,78.50
76.30,76.30,57.31,85.86,76.90
79.64,79.64,62.65,83.31,78.78
80.02,80.02,73.50,79.94,83.91
82.01,82.01,66.46,74.03,79.52
80.62,80.62,66.99,75.73,79.14
76.09,76.09,58.60,81.13,78.71
77.35,77.35,59.23,82.66,78.53
70.71,70.71,55.73,82.01,78.78
66.96,66.96,55.48,81.60,79.57
70.57,70.57,52.97,77.55,80.32
65.09,65.09,62.25,77.93,79.30
66.89,66.89,66.55,75.52,78.32
71.33,71.33,77.11,74.73,79.76
74.34,74.34,84.09,79.07,82.27
79.65,79.65,76.01,77.97,84.04
82.06,82.06,76.02,85.79,83.95
84.84,84.84,73.51,81.53,80.92
84.27,84.27,71.36,80.36,80.20
81.30,81.30,74.42,75.50,81.11
83.52,83.52,73.37,74.48,84.39
81.29,81.29,73.60,73.99,84.62
80.71,80.71,74.66,78.41,82.65
82.47,82.47,69.93,77.83,81.87
84.27,84.27,78.46,74.81,80.90
83.98,83.98,80.05,79.23,82.79
84.07,84.07,75.00,79.39,83.31
86.26,86.26,73.47,73.38,83.79
83.18,83.18,72.06,82.14,83.07
85.99,85.99,62.49,79.66,84.30
88.05,88.05,61.06,81.27,82.69
85.80,85.80,59.47,74.06,81.97
82.99,82.99,66.31,75.64,83.33
84.35,84.35,69.43,82.58,82.04
87.55,87.55,71.22,77.54,81.17
85.59,85.59,75.18,78.50,81.81
84.74,84.74,71.20,83.15,80.88
83.70,83.70,67.39,80.19,81.20
86.50,86.50,64.50,80.48,82.32
85.01,85.01,56.89,74.29,81.60
84.88,84.88,59.34,71.55,81.99
87.62,87.62,61.05,73.47,82.30
86.07,86.07,63.51,79.14,81.77
84.83,84.83,61.64,79.54,81.56
82.30,82.30,65.90,74.80,83.07
83.60,83.60,67.24,79.86,82.08
81.56,81.56,66.29,79.80,83.41
83.73,83.73,62.56,78.30,81.63
83.00,83.00,58.79,81.17,83.12
83.22,83.22,59.98,80.43,82.52
84.11,84.11,55.98,71.10,80.60
84.40,84.40,55.83,83.42,83.38
84.02,84.02,51.39,78.39,80.97
82.64,82.64,52.35,75.51,82.55
82.20,82.20,53.58,80.52,81.75
82.04,82.04,54.98,77.62,82.64
83.37,83.37,62.83,79.38,80.68
82.60,82.60,68.99,81.81,82.43
80.08,80.08,69.69,79.59,84.31
77.96,77.96,67.64,76.89,86.34
79.64,79.64,61.98,78.65,83.81
81.87,81.87,59.06,76.77,81.98
81.90,81.90,55.83,80.40,82.24
82.85,82.85,52.07,75.86,82.77
83.17,83.17,54.92,80.10,80.45
82.51,82.51,61.02,82.13,78.83
86.24,86.24,61.54,76.37,79.77
83.86,83.86,72.14,78.81,83.19
83.11,83.11,76.28,80.88,82.02
83.28,83.28,69.54,85.33,81.95
81.75,81.75,67.68,80.56,82.38
80.38,80.38,62.37,83.53,82.39
81.31,81.31,56.70,87.89,81.75
81.32,81.32,54.46,84.04,82.58
83.31,83.31,52.39,86.77,81.81
83.14,83.14,57.77,74.36,81.40
79.45,79.45,65.91,81.99,79.69
76.37,76.37,74.64,80.59,82.50
75.49,75.49,83.96,74.10,85.89
74.90,74.90,79.02,82.37,84.53
75.60,75.60,81.73,82.30,85.24
69.48,69.48,86.73,78.52,80.34
65.14,65.14,88.59,76.22,82.66
66.09,66.09,83.31,83.05,82.82
65.47,65.47,79.19,76.61,82.81
64.77,64.77,87.92,78.64,82.61
64.12,64.12,90.41,79.38,82.52
63.90,63.90,87.64,78.46,82.94
64.71,64.71,90.51,75.30,81.49
68.02,68.02,86.72,76.72,82.03
65.35,65.35,89.39,73.38,82.06
66.05,66.05,85.04,75.70,83.59
63.72,63.72,87.06,82.96,83.21
60.55,60.55,85.13,77.98,81.63
61.54,61.54,86.89,76.33,83.09
57.22,57.22,83.63,77.48,82.68
60.48,60.48,81.70,82.84,82.74
56.91,56.91,73.44,79.03,84.43
56.81,56.81,76.20,80.94,84.85
58.05,58.05,80.26,81.96,83.10
56.33,56.33,78.83,82.72,84.11
59.29,59.29,72.66,82.04,81.91
61.44,61.44,75.67,79.85,82.47
60.03,60.03,77.61,77.33,82.71
63.43,63.43,75.47,75.05,81.10
66.33,66.33,74.61,79.51,82.87
71.01,71.01,70.37,80.42,81.11
73.24,73.24,70.31,81.15,80.86
75.15,75.15,72.70,80.43,79.51
79.02,79.02,71.38,81.73,80.29
85.23,85.23,70.45,78.50,77.70
83.04,83.04,70.00,78.13,79.93
82.21,82.21,67.05,77.99,79.63
84.10,84.10,67.78,74.78,82.17
85.18,85.18,68.03,77.77,81.21
84.93,84.93,67.25,78.88,80.87
79.97,79.97,65.65,76.30,79.73
81.11,81.11,68.34,76.62,81.96
79.60,79.60,65.39,77.05,82.19
79.53,79.53,65.83,77.05,83.84
80.36,80.36,67.27,75.09,81.09
82.61,82.61,66.29,73.19,82.20
80.83,80.83,63.89,73.64,83.77
79.06,79.06,62.56,78.80,82.83
78.20,78.20,62.91,79.53,84.10
77.14,77.14,63.85,79.50,82.78
79.26,79.26,64.99,77.55,83.06
77.41,77.41,62.97,77.01,81.34
78.48,78.48,59.90,79.09,84.09
79.65,79.65,62.52,78.40,82.36
82.52,82.52,61.30,78.25,84.21
86.01,86.01,62.97,77.94,83.62
84.83,84.83,71.38,82.66,82.96
83.46,83.46,65.20,80.21,81.84
81.74,81.74,61.29,80.99,80.99
81.36,81.36,60.58,79.85,83.40
84.04,84.04,61.57,81.13,82.40
82.73,82.73,61.60,81.19,81.05
84.91,84.91,61.37,79.54,80.79
84.42,84.42,61.97,77.85,79.42
81.05,81.05,63.89,79.27,82.27
81.30,81.30,68.51,80.15,80.62
79.75,79.75,77.44,79.70,84.94
82.63,82.63,78.60,76.43,82.21
82.17,82.17,74.97,80.30,81.90
81.55,81.55,74.21,76.14,81.51
82.41,82.41,72.49,79.59,81.58
84.12,84.12,72.25,72.26,82.78
86.20,86.20,70.55,72.80,80.52
84.85,84.85,67.54,76.27,78.84
83.36,83.36,69.15,80.70,82.69
80.16,80.16,70.34,77.35,82.83
83.36,83.36,72.14,80.58,84.18
87.25,87.25,71.12,71.75,82.88
86.36,86.36,69.31,77.88,81.15
86.23,86.23,67.09,75.73,81.17
85.17,85.17,65.50,78.77,82.49
87.58,87.58,65.48,79.66,80.19
87.92,87.92,61.54,78.43,81.01
83.92,83.92,63.85,77.57,80.95
88.37,88.37,67.49,73.63,81.50
86.56,86.56,62.89,75.91,79.51
80.66,80.66,61.25,75.17,83.72
81.18,81.18,62.54,70.80,82.93
84.48,84.48,60.86,78.99,83.06
87.74,87.74,57.59,76.32,83.12
88.38,88.38,58.07,75.24,84.46
87.24,87.24,57.00,77.39,82.40
79.95,79.95,55.31,78.99,81.42
82.73,82.73,57.18,79.63,83.96
83.41,83.41,56.95,80.85,81.57
81.24,81.24,56.64,76.30,83.17
79.88,79.88,59.74,81.34,81.56
77.94,77.94,64.40,81.88,80.58
81.66,81.66,69.40,77.58,82.36
80.71,80.71,73.32,77.14,85.00
81.11,81.11,69.49,79.05,85.39
82.91,82.91,65.58,75.01,83.65
81.52,81.52,67.63,73.55,83.90
84.58,84.58,63.83,74.17,83.70
82.30,82.30,59.87,81.26,84.97
84.31,84.31,59.70,78.85,83.23
84.47,84.47,59.65,76.31,83.57
86.59,86.59,57.79,75.79,84.01
81.08,81.08,58.86,81.64,81.63
81.08,81.08,62.22,79.10,88.14
79.30,79.30,61.29,77.89,83.14
79.88,79.88,61.84,72.74,84.04
82.34,82.34,57.43,76.48,83.94
81.74,81.74,58.05,74.25,83.97
79.13,79.13,55.93,80.12,84.59
80.48,80.48,57.12,75.26,82.36
80.25,80.25,56.63,75.66,82.47
79.70,79.70,56.65,75.06,82.35
78.38,78.38,57.58,78.46,84.72
79.13,79.13,65.00,76.44,84.47
80.10,80.10,75.35,81.49,86.63
78.45,78.45,78.21,84.14,84.60
79.06,79.06,78.57,81.37,83.40
76.19,76.19,78.52,73.34,85.09
78.49,78.49,87.72,72.27,81.57
81.58,81.58,86.28,72.34,82.11
79.44,79.44,79.22,76.72,84.20
77.25,77.25,73.39,75.36,81.81
83.12,83.12,72.24,73.44,82.21
83.46,83.46,69.16,73.71,82.14
81.34,81.34,79.72,80.34,82.55
79.07,79.07,88.58,82.27,81.21
76.24,76.24,88.50,79.96,79.37
77.87,77.87,92.04,76.28,78.98
78.44,78.44,90.26,74.68,77.90
78.27,78.27,92.58,79.57,79.35
80.01,80.01,80.91,80.92,82.92
82.82,82.82,84.93,77.68,82.19
81.84,81.84,84.35,81.71,83.94
78.48,78.48,86.07,81.06,82.82
78.15,78.15,91.56,76.40,81.29
77.88,77.88,87.58,76.32,81.24
77.02,77.02,90.95,79.56,81.79
78.35,78.35,85.91,78.07,84.41
79.04,79.04,80.02,79.91,84.86
79.70,79.70,81.17,79.96,83.30
80.41,80.41,83.82,78.35,82.26
82.82,82.82,82.14,76.16,82.22
74.46,74.46,82.57,75.70,81.62
68.65,68.65,85.75,74.16,81.78
65.98,65.98,81.45,77.95,82.34
65.27,65.27,79.02,80.33,84.03
66.82,66.82,80.18,81.53,85.54
64.04,64.04,76.99,78.32,84.74
63.64,63.64,76.86,70.31,85.13
63.05,63.05,76.05,73.86,83.58
62.17,62.17,70.56,72.38,84.15
61.93,61.93,77.04,76.18,83.25
64.85,64.85,76.46,76.18,83.23
67.70,67.70,60.70,78.20,83.43
68.22,68.22,70.35,79.15,82.02
69.52,69.52,65.41,78.85,82.33
82.25,82.25,59.72,77.22,84.84
85.23,85.23,63.86,72.77,82.82
83.91,83.91,63.03,75.88,83.54
84.47,84.47,59.03,73.58,81.68
84.83,84.83,58.59,73.71,80.95
84.37,84.37,55.96,71.95,85.14
83.24,83.24,58.63,78.97,85.41
85.86,85.86,61.44,74.00,84.70
83.96,83.96,56.18,73.75,84.72
82.44,82.44,57.67,72.55,85.63
83.69,83.69,53.30,72.22,85.20
82.90,82.90,56.18,77.38,83.71
83.45,83.45,65.53,77.54,83.58
81.91,81.91,60.04,74.84,84.67
81.30,81.30,60.09,75.67,84.51
81.74,81.74,52.74,77.67,82.30
81.63,81.63,55.48,77.53,83.32
80.38,80.38,56.71,78.83,84.12
79.12,79.12,54.87,76.60,83.65
80.90,80.90,48.98,75.07,82.13
80.41,80.41,53.55,74.96,82.71
81.65,81.65,51.86,75.58,82.29
82.89,82.89,56.32,78.43,84.41
82.24,82.24,54.17,81.12,84.27
82.02,82.02,57.14,81.33,83.29
80.81,80.81,59.81,82.14,81.46
79.13,79.13,61.80,77.97,83.29
81.74,81.74,54.08,81.03,82.25
79.85,79.85,54.60,80.09,81.40
79.54,79.54,55.87,82.70,81.64
79.17,79.17,55.98,82.07,84.37
79.12,79.12,64.29,79.18,82.92
81.52,81.52,72.79,80.87,83.20
81.39,81.39,80.32,78.87,84.91
83.27,83.27,76.26,80.32,82.48
80.65,80.65,73.21,78.89,82.26
80.72,80.72,70.31,83.69,83.83
84.16,84.16,67.40,79.36,81.19
83.21,83.21,64.68,82.48,82.12
84.15,84.15,61.23,78.40,82.61
84.52,84.52,60.36,78.07,82.76
86.40,86.40,58.81,77.75,85.72
83.73,83.73,57.73,76.99,83.40
83.01,83.01,56.82,79.59,83.28
85.36,85.36,56.90,79.43,83.67
85.35,85.35,55.28,83.85,82.55
84.13,84.13,54.12,77.33,85.10
84.57,84.57,54.69,77.86,84.33
82.36,82.36,54.94,77.96,83.26
80.47,80.47,55.08,77.51,84.02
81.56,81.56,55.07,82.23,82.50
81.57,81.57,53.20,80.69,83.08
81.96,81.96,51.49,77.44,83.23
81.23,81.23,52.43,78.80,85.24
80.69,80.69,51.69,76.67,84.78
80.03,80.03,49.94,78.57,82.47
79.03,79.03,51.29,83.67,83.74
78.29,78.29,53.20,84.49,83.62
76.92,76.92,55.10,81.73,81.90
76.56,76.56,51.43,80.63,83.13
78.69,78.69,54.27,74.68,83.30
75.15,75.15,51.78,78.92,84.74
74.85,74.85,51.46,79.68,83.93
73.24,73.24,50.18,81.02,83.89
76.56,76.56,52.69,80.16,81.75
77.98,77.98,59.56,77.16,82.77
81.21,81.21,59.18,84.08,83.67
87.72,87.72,58.17,79.87,82.75
82.35,82.35,56.93,81.65,82.82
81.35,81.35,52.86,80.04,83.81
82.04,82.04,52.51,81.65,81.70
83.43,83.43,51.47,77.52,81.99
81.27,81.27,49.89,77.17,83.71
80.90,80.90,53.16,80.27,82.12
79.33,79.33,56.41,79.55,81.44
78.95,78.95,64.47,80.82,82.01
77.14,77.14,74.91,79.09,84.84
79.02,79.02,65.23,83.99,84.56
82.59,82.59,60.70,78.73,81.54
81.09,81.09,55.86,81.95,83.69
79.97,79.97,57.77,81.50,83.75
79.93,79.93,56.12,77.69,82.76
80.68,80.68,56.65,79.57,84.47
77.44,77.44,52.43,81.34,84.96
79.33,79.33,51.40,80.34,83.89
80.55,80.55,50.79,77.27,85.40
77.43,77.43,52.57,80.39,85.33
74.29,74.29,56.64,82.55,84.82
70.57,70.57,53.67,84.87,84.23
73.04,73.04,50.67,82.18,81.85
75.41,75.41,50.99,81.71,82.93
73.88,73.88,48.91,86.54,83.47
74.92,74.92,50.24,83.80,83.28
74.88,74.88,50.61,81.53,80.26
76.56,76.56,60.31,84.93,82.67
77.24,77.24,65.53,79.19,81.20
75.95,75.95,71.14,76.37,80.48
75.98,75.98,84.77,72.28,86.37
70.64,70.64,86.12,75.27,84.01
75.59,75.59,85.42,74.25,84.45
74.86,74.86,90.41,71.54,83.30
75.28,75.28,81.87,75.84,81.94
74.43,74.43,89.37,79.80,82.32
79.73,79.73,87.72,80.24,79.31
80.30,80.30,87.73,78.83,79.14
79.71,79.71,89.72,80.66,79.82
80.29,80.29,87.94,80.70,80.02
74.74,74.74,86.04,81.03,80.60
76.98,76.98,86.67,82.07,84.53
79.73,79.73,84.94,81.27,81.17
80.84,80.84,82.34,80.17,81.59
83.31,83.31,85.47,77.47,78.85
81.99,81.99,84.22,79.24,80.15
82.19,82.19,84.95,78.85,81.00
82.39,82.39,82.31,78.60,80.01
81.04,81.04,79.70,81.55,80.97
77.31,77.31,78.10,80.09,81.91
78.13,78.13,78.61,81.66,83.04
74.30,74.30,75.01,81.58,83.36
78.12,78.12,68.16,80.23,85.03
77.44,77.44,69.75,83.97,82.91
81.59,81.59,70.42,83.22,82.94
80.83,80.83,68.91,80.27,84.39
81.41,81.41,65.43,80.61,85.53
83.01,83.01,68.07,83.56,83.69
83.00,83.00,66.20,84.28,82.95
82.73,82.73,63.30,84.89,83.78
83.90,83.90,62.73,81.78,81.38
85.06,85.06,68.04,79.58,82.89
81.49,81.49,69.21,82.85,82.36
80.79,80.79,70.10,82.31,84.68
80.19,80.19,66.29,80.64,83.26
84.02,84.02,62.62,77.21,83.38
83.49,83.49,59.60,79.16,83.89
83.13,83.13,60.97,83.06,82.82
84.36,84.36,68.91,82.44,81.82
83.88,83.88,68.75,81.41,83.37
85.27,85.27,70.31,80.94,82.04
82.69,82.69,70.92,82.89,82.59
77.59,77.59,68.04,79.51,82.02
81.93,81.93,66.81,82.67,81.04
82.30,82.30,68.02,79.80,85.25
82.68,82.68,65.11,79.23,85.09
80.96,80.96,61.60,77.45,83.68
79.37,79.37,60.61,80.69,82.36
79.73,79.73,63.97,77.63,84.89
80.36,80.36,64.29,78.31,83.48
80.37,80.37,61.65,79.38,81.03
82.82,82.82,60.93,78.28,82.05
80.43,80.43,63.57,79.84,82.27
78.10,78.10,73.54,81.60,82.89
79.34,79.34,76.47,81.77,82.43
79.61,79.61,74.87,82.23,83.19
80.23,80.23,76.16,78.72,82.20
80.14,80.14,82.39,78.19,81.45
79.61,79.61,83.12,75.03,81.49
78.55,78.55,80.61,77.34,83.62
77.41,77.41,77.71,80.88,81.99
80.29,80.29,72.62,83.06,83.67
78.55,78.55,71.09,80.75,83.32
76.70,76.70,74.12,79.30,83.78
83.03,83.03,75.66,76.12,84.62
81.64,81.64,74.22,81.64,81.50
82.48,82.48,74.34,81.90,80.60
81.96,81.96,74.10,78.68,82.12
81.59,81.59,75.46,81.98,83.75
82.16,82.16,73.61,77.45,84.29
82.61,82.61,68.88,81.38,82.95
84.72,84.72,65.26,76.37,82.13
86.46,86.46,63.31,80.64,81.66
81.59,81.59,62.16,74.44,81.10
83.23,83.23,61.86,75.41,81.81
84.47,84.47,60.37,80.66,83.25
81.31,81.31,59.93,79.94,82.19
84.49,84.49,62.41,76.59,83.07
81.25,81.25,64.75,83.39,84.03
82.69,82.69,68.41,80.05,84.70
81.78,81.78,68.43,80.05,84.31
82.75,82.75,64.35,78.19,84.26
85.08,85.08,57.82,76.92,84.07
84.36,84.36,55.47,80.14,80.97
84.31,84.31,54.86,82.20,82.54
81.97,81.97,54.29,77.30,82.38
75.80,75.80,52.44,76.79,82.49
74.51,74.51,49.64,79.65,84.10
77.34,77.34,49.93,81.72,86.27
75.28,75.28,51.97,80.08,83.28
76.21,76.21,53.13,82.08,83.44
75.16,75.16,52.78,81.26,85.23
74.95,74.95,52.85,75.58,83.92
73.16,73.16,53.07,82.52,83.75
73.20,73.20,57.06,81.58,85.23
72.70,72.70,64.21,84.84,82.58
77.81,77.81,70.06,77.95,81.93
77.95,77.95,70.56,83.15,81.45
81.73,81.73,71.96,80.43,81.49
85.15,85.15,71.41,78.78,82.64
84.04,84.04,64.80,80.68,83.66
83.05,83.05,63.73,76.39,81.34
81.52,81.52,60.83,77.37,82.21
81.41,81.41,63.15,80.29,81.67
83.87,83.87,64.77,78.11,84.47
83.00,83.00,63.36,79.31,83.16
83.82,83.82,70.49,78.37,83.22
84.10,84.10,74.26,77.94,81.78
82.68,82.68,72.68,76.12,81.41
82.87,82.87,70.15,84.14,82.52
82.04,82.04,62.06,75.36,83.05
82.33,82.33,66.44,79.37,82.85
83.94,83.94,68.78,81.65,84.11
83.62,83.62,70.05,83.07,82.78
82.83,82.83,72.27,83.29,81.37
87.60,87.60,69.38,79.40,78.36
84.78,84.78,73.78,77.43,78.11
84.57,84.57,74.05,77.46,79.29
81.07,81.07,82.98,80.81,78.82
79.19,79.19,85.58,80.03,80.42
76.71,76.71,84.05,77.65,81.80
80.77,80.77,83.35,77.71,82.94
78.78,78.78,86.79,77.65,82.44
81.25,81.25,90.66,77.99,79.98
80.17,80.17,81.83,77.09,81.17
84.47,84.47,78.17,76.96,80.44
85.09,85.09,74.09,78.57,81.25
82.27,82.27,80.38,78.18,78.93
82.45,82.45,74.75,74.85,80.90
75.90,75.90,84.82,76.44,79.03
75.24,75.24,90.17,75.09,78.27
75.67,75.67,87.19,78.53,81.38
77.88,77.88,89.68,75.69,80.50
76.17,76.17,90.79,74.35,75.10
83.27,83.27,85.30,76.79,79.64
82.62,82.62,85.00,77.72,80.09
80.62,80.62,87.40,78.83,78.36
80.42,80.42,85.80,76.24,76.34
77.15,77.15,91.03,75.11,77.22
77.28,77.28,88.62,78.00,80.83
79.18,79.18,83.25,81.59,80.37
80.07,80.07,85.84,84.50,81.02
79.35,79.35,81.89,81.90,80.83
79.51,79.51,83.28,81.10,80.67
81.02,81.02,76.96,82.55,80.79
79.59,79.59,83.17,84.39,81.47
80.62,80.62,82.39,82.32,80.19
79.25,79.25,77.70,80.85,81.84
81.96,81.96,72.95,81.60,80.85
78.59,78.59,67.13,81.88,77.24
79.33,79.33,66.50,82.37,81.21
79.40,79.40,70.41,83.48,84.22
78.02,78.02,68.66,82.96,81.92
80.09,80.09,73.48,84.34,82.99
80.43,80.43,71.67,81.65,83.33
79.37,79.37,73.93,80.92,82.49
81.48,81.48,74.76,82.17,81.55
81.26,81.26,72.45,83.66,79.86
81.50,81.50,72.68,81.26,79.11
79.07,79.07,66.65,80.30,80.72
82.00,82.00,63.96,82.44,82.89
84.31,84.31,67.98,83.49,86.16
88.20,88.20,64.38,82.73,80.98
83.88,83.88,64.10,82.59,80.33
85.37,85.37,70.40,77.98,82.14
84.66,84.66,76.10,75.61,81.77
87.61,87.61,76.35,78.77,81.16
85.02,85.02,72.32,75.56,81.49
82.86,82.86,73.05,77.76,83.31
85.76,85.76,68.99,81.13,83.11
85.15,85.15,70.77,78.44,83.04
84.53,84.53,71.15,78.48,81.33
87.22,87.22,69.63,77.14,81.58
87.53,87.53,70.45,79.44,81.91
83.73,83.73,77.23,79.23,83.81
82.43,82.43,73.74,79.76,83.19
85.74,85.74,68.84,80.42,81.41
84.98,84.98,71.56,80.49,83.19
85.30,85.30,66.75,77.68,82.35
84.16,84.16,67.20,77.74,81.19
83.25,83.25,63.51,78.87,81.65
81.42,81.42,67.68,78.96,81.68
82.29,82.29,69.96,78.68,83.87
81.54,81.54,65.39,79.72,82.11
79.65,79.65,68.60,77.94,82.78
79.96,79.96,63.82,77.56,82.23
78.79,78.79,65.42,77.72,81.22
80.29,80.29,64.28,77.38,81.78
79.82,79.82,55.68,78.95,80.25
76.69,76.69,64.58,80.63,79.24
77.39,77.39,64.22,80.33,80.00
77.46,77.46,69.31,79.38,80.79
78.17,78.17,75.36,78.74,80.12
79.61,79.61,84.03,67.05,81.67
80.59,80.59,78.63,76.62,80.20
83.67,83.67,75.90,80.43,81.17
83.45,83.45,72.81,84.08,81.92
87.06,87.06,71.94,75.98,80.68
86.00,86.00,70.34,75.81,80.17
85.72,85.72,67.37,79.76,82.59
86.60,86.60,68.22,77.01,82.00
86.21,86.21,68.24,77.26,82.76
86.42,86.42,66.31,78.14,81.70
87.51,87.51,63.55,76.08,86.53
86.82,86.82,61.85,75.10,82.80
90.09,90.09,60.83,77.95,78.91
90.29,90.29,58.07,72.91,78.26
87.06,87.06,58.93,75.61,80.35
85.36,85.36,55.66,72.79,81.72
84.71,84.71,54.70,72.19,84.11
84.90,84.90,54.87,75.50,82.27
84.66,84.66,55.39,71.35,79.65
82.20,82.20,53.77,72.90,84.01
81.50,81.50,54.34,75.27,81.37
84.15,84.15,54.44,73.00,83.08
81.40,81.40,55.69,82.13,85.46
79.35,79.35,54.06,79.92,84.06
77.28,77.28,51.53,83.04,80.65
76.61,76.61,52.80,82.53,80.19
76.75,76.75,51.90,79.48,80.75
78.03,78.03,51.34,81.65,80.80
77.35,77.35,51.22,81.83,80.61
76.96,76.96,53.56,77.12,81.08
77.01,77.01,58.07,76.55,79.32
80.77,80.77,63.26,83.16,81.40
84.39,84.39,67.17,79.93,82.49
79.79,79.79,65.63,84.20,82.56
81.95,81.95,63.35,85.24,84.41
83.72,83.72,62.56,78.77,83.28
84.37,84.37,58.00,83.76,79.60
86.44,86.44,57.80,83.30,83.31
83.54,83.54,57.78,84.10,84.12
81.38,81.38,57.40,84.07,83.00
83.71,83.71,57.46,78.56,81.02
84.35,84.35,57.65,75.28,85.27
84.64,84.64,58.07,79.81,84.24
84.90,84.90,59.79,79.24,86.09
84.35,84.35,61.51,74.86,83.51
83.06,83.06,63.27,80.47,83.09
83.35,83.35,62.87,74.27,84.34
84.88,84.88,62.45,75.28,85.43
82.36,82.36,62.29,82.25,84.25
83.78,83.78,62.19,75.67,84.24
83.76,83.76,62.02,72.02,85.70
83.64,83.64,60.76,75.87,84.00
84.27,84.27,61.40,71.40,84.80
83.37,83.37,62.64,76.34,83.35
87.74,87.74,63.25,72.35,84.20
87.52,87.52,62.64,69.28,84.55
85.06,85.06,62.21,77.49,81.88
83.43,83.43,61.73,78.60,84.82
83.62,83.62,60.43,81.29,84.37
84.58,84.58,58.63,78.07,83.89
83.70,83.70,59.85,74.27,83.60
80.01,80.01,62.07,77.50,83.63
82.18,82.18,66.22,76.67,80.19
85.29,85.29,72.89,75.32,80.51
83.54,83.54,74.58,69.65,81.48
81.41,81.41,80.43,72.22,80.07
78.35,78.35,86.14,73.96,79.99
75.41,75.41,88.76,71.53,82.37
75.20,75.20,88.44,75.67,81.88
72.70,72.70,88.98,76.12,80.90
76.73,76.73,84.62,79.21,83.29
74.83,74.83,86.60,79.95,82.85
72.92,72.92,89.54,79.30,82.47
72.12,72.12,84.69,79.27,81.74
72.24,72.24,87.21,80.89,81.95
74.22,74.22,87.57,78.28,85.49
73.34,73.34,85.52,72.29,85.01
73.40,73.40,76.00,82.63,85.77
69.11,69.11,78.33,79.50,86.37
75.57,75.57,82.04,77.35,84.81
74.07,74.07,82.97,77.29,81.10
71.17,71.17,82.30,82.23,85.19
71.49,71.49,79.45,79.12,84.10
71.52,71.52,82.23,78.26,82.28
71.34,71.34,78.15,85.69,84.87
72.28,72.28,77.26,77.30,83.74
72.03,72.03,74.15,80.58,85.78
71.61,71.61,71.84,83.20,86.02
72.25,72.25,76.44,75.72,83.02
70.63,70.63,76.42,78.29,84.95
71.01,71.01,76.44,80.18,84.03
71.53,71.53,73.59,81.73,80.23
71.34,71.34,64.81,79.24,83.15
71.47,71.47,67.74,83.51,82.98
72.11,72.11,76.70,82.99,80.51
75.85,75.85,70.92,81.09,84.34
82.81,82.81,70.37,78.60,81.32
83.79,83.79,70.36,75.67,82.97
83.09,83.09,62.71,76.36,83.30
83.74,83.74,57.64,72.46,82.45
83.22,83.22,59.80,79.91,85.55
84.17,84.17,60.61,72.82,83.27
82.22,82.22,66.79,73.76,82.36
84.13,84.13,73.65,78.93,83.26
81.80,81.80,71.17,78.06,83.51
76.56,76.56,70.37,75.09,83.53
80.27,80.27,68.17,75.50,83.08
81.38,81.38,61.16,79.47,81.69
82.68,82.68,56.54,79.47,82.97
81.99,81.99,62.63,81.28,82.00
81.88,81.88,67.20,79.69,84.87
76.85,76.85,67.73,79.48,82.00
79.89,79.89,64.50,83.47,86.80
80.56,80.56,58.66,76.75,84.09
80.16,80.16,57.04,79.54,85.56
78.51,78.51,57.48,80.55,83.99
83.27,83.27,56.98,79.63,81.55
80.76,80.76,60.15,77.97,82.87
82.02,82.02,66.43,79.00,83.03
81.72,81.72,60.55,76.73,84.08
83.72,83.72,58.32,81.66,86.38
81.37,81.37,61.73,74.69,81.19
76.82,76.82,59.20,79.52,84.00
80.76,80.76,55.58,80.72,84.73
75.73,75.73,51.13,78.61,82.90
75.38,75.38,53.20,77.46,84.81
77.44,77.44,55.85,80.20,83.00
73.69,73.69,62.27,77.99,79.44
75.51,75.51,75.01,79.72,81.81
79.54,79.54,78.89,82.56,79.93
81.87,81.87,78.50,77.00,83.15
81.39,81.39,75.39,76.51,83.43
81.26,81.26,72.42,80.19,82.24
83.83,83.83,71.04,80.02,83.74
86.58,86.58,67.62,77.17,80.70
80.55,80.55,72.24,84.04,80.95
86.60,86.60,71.03,76.36,79.57
83.98,83.98,68.38,74.62,82.20
83.37,83.37,70.85,80.59,83.21
85.03,85.03,70.55,79.33,81.76
85.37,85.37,66.92,78.94,82.24
83.84,83.84,59.60,78.51,80.37
85.57,85.57,60.82,78.63,82.64
82.17,82.17,61.30,75.91,82.41
85.07,85.07,59.55,79.91,81.15
86.31,86.31,57.58,77.43,79.54
81.89,81.89,58.05,81.46,80.04
83.96,83.96,56.90,79.85,80.40
86.50,86.50,62.66,77.41,81.07
83.61,83.61,62.36,79.91,83.32
83.86,83.86,62.64,77.17,84.48
82.16,82.16,60.22,78.77,84.05
81.87,81.87,58.88,78.09,83.52
81.85,81.85,56.91,79.18,81.75
78.27,78.27,56.97,81.15,82.12
77.74,77.74,53.95,79.20,83.29
77.21,77.21,49.39,80.22,80.71
76.81,76.81,50.85,80.94,81.75
75.39,75.39,51.36,78.37,82.06
78.46,78.46,53.76,80.11,82.72
78.85,78.85,62.18,76.18,82.16
77.93,77.93,62.69,79.83,83.04
79.14,79.14,58.67,79.68,86.86
83.94,83.94,57.40,78.73,85.78
82.99,82.99,56.26,75.67,82.94
78.69,78.69,54.27,82.01,83.29
79.54,79.54,52.31,81.44,86.13
80.26,80.26,53.17,76.92,84.02
81.50,81.50,54.58,78.44,83.79
81.96,81.96,52.65,81.25,81.68
83.54,83.54,52.83,83.05,82.21
80.02,80.02,55.45,81.18,85.81
79.90,79.90,53.90,80.41,83.57
81.73,81.73,52.23,80.86,82.63
80.87,80.87,51.94,82.98,82.92
80.23,80.23,51.61,76.52,83.37
79.86,79.86,50.20,74.67,81.05
80.91,80.91,49.18,75.04,81.15
79.25,79.25,50.19,79.83,83.98
77.24,77.24,55.63,80.20,83.88
76.78,76.78,67.66,75.35,82.95
78.77,78.77,75.83,77.72,83.64
77.70,77.70,81.60,80.70,87.81
75.87,75.87,86.20,81.14,85.24
75.65,75.65,84.88,77.32,84.79
78.35,78.35,80.05,69.62,84.76
78.84,78.84,87.38,73.27,83.57
76.90,76.90,89.10,78.14,82.59
77.34,77.34,81.99,76.29,84.88
80.53,80.53,77.18,77.69,82.77
81.76,81.76,69.59,77.91,80.86
79.92,79.92,77.59,80.19,83.51
77.30,77.30,76.27,81.12,82.00
76.13,76.13,83.03,80.94,81.74
74.89,74.89,87.75,84.25,80.59
78.44,78.44,88.77,81.33,79.92
79.45,79.45,89.50,79.25,80.83
76.69,76.69,88.62,82.23,79.12
78.32,78.32,88.31,82.48,80.82
78.34,78.34,83.91,79.50,79.45
79.72,79.72,88.55,76.64,79.89
83.03,83.03,84.16,73.87,82.96
81.67,81.67,86.92,75.52,80.21
80.87,80.87,90.29,74.50,83.22
82.03,82.03,84.06,72.81,84.43
80.65,80.65,88.48,75.13,81.84
79.76,79.76,83.04,77.92,83.68
82.35,82.35,82.60,77.34,83.02
84.52,84.52,84.46,78.52,84.63
85.15,85.15,84.76,76.00,81.82
80.14,80.14,81.18,72.08,83.34
74.42,74.42,85.69,75.04,82.54
75.35,75.35,79.85,79.16,84.74
71.47,71.47,69.28,78.91,83.98
72.31,72.31,63.43,78.22,83.52
71.16,71.16,71.45,74.57,82.92
71.12,71.12,80.41,72.73,83.30
70.42,70.42,74.90,73.52,84.51
67.20,67.20,72.16,76.02,84.53
66.09,66.09,70.36,78.69,85.60
68.83,68.83,75.18,78.13,84.61
69.70,69.70,80.28,76.76,85.04
71.41,71.41,66.99,74.41,84.59
74.64,74.64,69.99,75.01,84.49
79.45,79.45,77.39,77.31,81.28
81.86,81.86,65.56,74.34,82.70
82.51,82.51,71.24,77.01,82.99
82.68,82.68,63.88,76.11,80.81
81.40,81.40,57.81,70.97,82.84
78.95,78.95,59.66,72.66,85.00
74.25,74.25,70.03,81.76,86.26
74.38,74.38,65.75,76.95,85.30
74.29,74.29,68.70,76.01,84.77
76.03,76.03,62.55,71.50,83.82
78.59,78.59,51.94,75.82,84.00
84.80,84.80,56.40,81.22,82.57
81.25,81.25,68.08,81.10,83.18
82.14,82.14,66.73,77.49,84.04
82.13,82.13,62.31,76.14,84.32
83.93,83.93,67.89,75.56,81.19
83.18,83.18,65.51,74.50,82.05
83.86,83.86,64.99,79.14,83.62
81.65,81.65,63.92,77.82,83.86
80.12,80.12,73.22,76.86,81.62
82.67,82.67,60.00,74.07,81.71
84.80,84.80,49.18,77.81,79.67
83.61,83.61,53.30,79.50,82.37
81.07,81.07,46.44,78.42,82.70
78.89,78.89,52.31,82.19,84.22
79.93,79.93,55.35,85.66,83.18
79.23,79.23,62.87,80.86,81.04
78.40,78.40,63.81,82.83,80.70
77.97,77.97,59.80,84.68,81.03
78.58,78.58,63.80,83.92,82.16
77.95,77.95,58.73,83.45,81.19
78.28,78.28,62.19,79.49,81.75
77.94,77.94,71.10,82.42,80.16
79.37,79.37,82.44,77.87,82.85
79.12,79.12,82.57,86.00,79.32
81.71,81.71,75.92,79.15,81.13
84.65,84.65,73.83,82.50,80.88
83.20,83.20,72.08,86.62,81.14
83.08,83.08,70.53,81.40,79.37
82.04,82.04,71.39,84.18,81.38
84.84,84.84,69.96,82.70,81.46
83.91,83.91,69.55,84.40,82.09
85.55,85.55,65.80,83.75,78.17
85.26,85.26,65.42,81.69,80.90
83.40,83.40,64.55,85.10,81.21
82.99,82.99,62.06,85.87,81.42
84.13,84.13,61.64,82.45,82.87
84.07,84.07,60.15,81.31,81.89
85.31,85.31,61.26,82.13,81.27
83.51,83.51,60.21,81.53,82.58
80.95,80.95,59.69,82.67,82.43
83.33,83.33,59.75,81.57,83.07
82.06,82.06,58.48,83.08,81.26
80.08,80.08,58.76,83.67,80.62
82.09,82.09,59.83,82.73,80.49
81.17,81.17,59.78,84.71,82.69
80.71,80.71,58.75,83.43,84.26
78.98,78.98,57.00,82.83,83.35
80.94,80.94,55.14,80.95,84.47
81.06,81.06,54.03,83.66,82.57
80.17,80.17,54.53,82.71,82.06
80.24,80.24,55.37,82.29,81.36
80.83,80.83,54.58,79.51,83.50
80.33,80.33,56.15,80.97,82.63
80.51,80.51,59.04,84.08,81.08
80.41,80.41,66.15,81.54,84.79
79.82,79.82,64.51,82.84,85.66
81.04,81.04,62.71,83.79,85.60
80.54,80.54,59.86,80.39,84.32
81.63,81.63,58.18,79.14,81.94
82.08,82.08,58.88,76.28,83.69
81.85,81.85,58.90,72.21,82.67
80.56,80.56,54.95,79.28,84.50
83.48,83.48,56.09,78.79,84.86
82.04,82.04,60.74,77.83,82.14
80.64,80.64,65.22,80.46,81.89
85.39,85.39,68.69,76.86,85.56
82.19,82.19,65.61,79.67,85.90
80.49,80.49,58.36,81.43,86.55
76.68,76.68,55.53,80.34,83.01
80.32,80.32,54.32,82.97,83.18
81.83,81.83,53.43,77.62,83.02
83.78,83.78,52.71,75.66,80.72
84.80,84.80,51.58,80.31,80.97
82.92,82.92,52.66,73.78,81.65
82.86,82.86,58.88,76.23,81.21
79.94,79.94,63.61,74.43,83.17
78.67,78.67,63.37,76.25,83.29
79.17,79.17,60.72,80.54,84.58
74.72,74.72,57.86,80.39,83.88
76.95,76.95,61.11,77.47,84.94
77.36,77.36,58.09,73.46,82.98
79.72,79.72,54.54,82.39,84.86
81.33,81.33,52.18,80.24,82.21
76.41,76.41,52.73,79.21,82.30
79.66,79.66,56.32,76.76,81.02
84.66,84.66,65.20,73.67,79.88
83.37,83.37,72.39,75.87,81.75
80.70,80.70,84.30,73.04,84.72
80.04,80.04,86.84,78.07,82.71
77.28,77.28,89.41,74.14,82.71
79.77,79.77,86.69,72.76,81.58
79.75,79.75,89.67,73.82,80.40
80.93,80.93,80.78,73.32,82.09
80.98,80.98,88.51,71.31,81.69
81.42,81.42,86.40,68.06,81.56
80.10,80.10,89.69,74.28,77.13
80.03,80.03,88.39,74.88,79.64
77.87,77.87,85.97,76.78,80.99
78.21,78.21,88.79,79.65,79.18
80.21,80.21,81.04,79.48,82.24
80.19,80.19,81.01,78.68,82.86
81.19,81.19,86.32,80.29,80.60
81.82,81.82,84.78,76.48,80.02
80.71,80.71,84.77,81.21,80.10
80.28,80.28,84.18,81.31,79.70
81.24,81.24,79.82,81.08,79.93
82.18,82.18,73.50,80.63,82.08
80.59,80.59,73.40,83.17,82.71
77.56,77.56,71.66,81.80,82.69
75.67,75.67,62.63,77.19,82.36
77.77,77.77,62.65,82.57,82.72
75.08,75.08,68.96,84.28,82.99
75.38,75.38,69.24,85.00,84.04
73.90,73.90,61.64,84.02,83.08
73.61,73.61,61.33,83.42,84.57
70.66,70.66,65.06,84.30,84.35
70.94,70.94,69.03,82.25,81.33
73.46,73.46,72.43,83.23,83.25
78.30,78.30,70.22,81.11,83.06
81.98,81.98,65.16,84.83,82.07
82.28,82.28,63.16,81.73,80.69
83.16,83.16,62.56,84.38,82.95
83.21,83.21,59.99,81.96,80.57
80.36,80.36,60.45,83.89,78.40
74.98,74.98,61.59,82.23,82.38
75.45,75.45,61.75,83.90,81.83
73.24,73.24,58.67,83.08,80.47
71.02,71.02,60.40,85.12,80.74
76.29,76.29,61.84,77.55,80.07
82.09,82.09,59.91,80.96,81.26
82.80,82.80,60.57,80.91,82.86
84.61,84.61,59.69,84.42,82.04
84.30,84.30,57.63,81.25,82.24
83.13,83.13,58.36,82.05,80.48
80.29,80.29,60.19,81.32,81.68
81.58,81.58,61.95,82.98,82.14
82.21,82.21,63.99,82.94,82.45
82.64,82.64,59.18,81.75,80.31
82.41,82.41,63.48,82.06,82.04
83.66,83.66,67.80,81.04,82.87
81.89,81.89,75.09,76.68,82.50
80.48,80.48,77.90,76.51,80.96
79.27,79.27,84.49,83.11,77.72
79.95,79.95,85.08,82.39,81.47
77.65,77.65,78.14,81.36,81.89
81.30,81.30,71.86,80.32,83.54
80.74,80.74,71.58,80.57,82.96
80.82,80.82,73.55,82.73,84.15
79.16,79.16,72.89,84.68,81.87
79.41,79.41,71.35,79.78,82.88
82.20,82.20,78.66,83.31,83.70
80.23,80.23,80.53,77.87,83.72
79.35,79.35,80.13,78.61,84.00
83.19,83.19,73.61,76.69,85.27
83.98,83.98,71.49,74.21,85.65
84.41,84.41,70.29,80.36,84.13
84.05,84.05,68.11,80.71,83.03
83.17,83.17,68.02,75.02,84.09
84.99,84.99,66.28,81.02,83.74
86.44,86.44,67.06,76.78,82.87
83.13,83.13,67.00,82.77,83.04
83.10,83.10,65.76,79.66,85.13
83.51,83.51,64.77,78.35,82.74
83.27,83.27,62.06,82.29,82.66
82.59,82.59,62.20,79.05,83.86
83.15,83.15,59.60,78.22,84.61
87.36,87.36,58.97,79.39,83.86
84.32,84.32,59.40,74.99,84.93
85.59,85.59,59.58,79.55,84.26
85.13,85.13,57.82,81.36,83.60
84.16,84.16,57.58,80.87,83.95
83.29,83.29,56.91,80.06,83.67
84.69,84.69,57.03,82.89,82.10
83.38,83.38,56.30,83.28,82.72
83.58,83.58,54.96,81.14,82.66
79.75,79.75,53.26,81.69,81.92
77.22,77.22,51.93,81.76,82.69
77.11,77.11,49.47,82.86,83.31
72.40,72.40,48.18,82.89,81.79
72.09,72.09,48.96,83.37,82.87
73.20,73.20,51.34,80.27,81.31
74.09,74.09,57.30,83.79,82.20
75.45,75.45,61.66,75.80,83.56
74.71,74.71,68.79,84.03,83.90
75.39,75.39,74.13,81.10,84.52
72.62,72.62,72.01,80.92,82.97
77.15,77.15,81.44,78.05,81.26
82.84,82.84,81.79,75.89,84.08
83.39,83.39,81.53,77.89,80.83
82.51,82.51,81.25,78.87,81.16
80.63,80.63,74.31,82.27,81.07
80.22,80.22,70.37,81.84,81.21
79.05,79.05,72.80,78.53,81.19
79.23,79.23,70.84,77.26,81.52
82.12,82.12,71.11,78.82,83.29
81.49,81.49,77.44,76.40,84.59
80.85,80.85,75.31,77.35,84.04
80.94,80.94,83.56,74.41,84.13
79.49,79.49,86.71,72.24,82.77
81.78,81.78,88.26,73.78,82.11
81.48,81.48,79.30,79.60,82.89
81.09,81.09,76.60,83.58,83.22
81.24,81.24,76.00,80.73,82.33
82.18,82.18,77.83,76.47,82.33
78.02,78.02,85.79,83.97,81.08
79.12,79.12,79.36,83.34,79.78
79.20,79.20,75.19,85.12,79.00
76.58,76.58,88.00,86.92,77.87
78.56,78.56,82.83,82.07,78.75
77.82,77.82,83.20,79.03,78.49
74.58,74.58,80.41,80.58,82.61
72.45,72.45,73.10,78.47,81.66
69.90,69.90,73.93,83.08,79.88
71.83,71.83,80.18,75.60,75.98
76.41,76.41,78.82,77.63,78.31
79.87,79.87,85.94,72.40,83.69
80.95,80.95,89.40,69.28,82.32
80.08,80.08,87.69,68.25,81.74
79.45,79.45,91.00,67.78,80.33
80.34,80.34,89.33,66.21,81.32
79.69,79.69,88.57,71.72,82.16
80.49,80.49,81.16,73.75,83.20
79.70,79.70,86.76,76.19,83.29
79.48,79.48,89.18,73.89,81.15
79.36,79.36,88.69,75.45,84.10
81.11,81.11,89.71,72.73,83.21
81.49,81.49,87.72,73.64,82.81
82.33,82.33,84.42,75.72,81.63
80.54,80.54,86.14,69.85,84.23
82.76,82.76,87.53,68.60,82.96
82.15,82.15,83.62,75.63,83.00
80.54,80.54,85.02,73.65,83.49
83.11,83.11,81.44,74.81,81.55
82.44,82.44,75.69,76.13,81.09
83.19,83.19,75.81,74.97,80.52
82.05,82.05,77.23,74.10,81.20
81.38,81.38,73.87,74.16,81.83
81.86,81.86,74.95,74.25,82.52
83.95,83.95,70.88,77.47,80.30
81.82,81.82,76.23,78.04,81.85
75.41,75.41,75.39,76.46,81.13
78.30,78.30,76.16,75.95,82.18
78.53,78.53,77.57,76.70,82.78
78.07,78.07,73.18,75.34,83.91
79.15,79.15,68.46,74.63,85.02
77.51,77.51,70.12,77.23,83.99
75.11,75.11,72.32,77.19,81.39
73.64,73.64,68.64,79.10,81.19
75.82,75.82,64.89,78.61,80.78
78.09,78.09,66.07,78.14,78.49
78.87,78.87,68.15,80.55,81.01
80.23,80.23,61.81,80.83,77.04
81.99,81.99,63.14,78.54,79.61
84.49,84.49,68.47,76.43,79.35
84.54,84.54,61.58,75.73,78.55
84.96,84.96,58.28,77.08,79.26
86.83,86.83,59.70,77.11,76.25
86.34,86.34,56.85,74.95,78.41
85.76,85.76,62.74,78.02,77.63
86.09,86.09,66.71,79.62,77.16
83.76,83.76,62.80,77.33,76.97
81.76,81.76,59.62,72.64,78.00
81.82,81.82,60.49,74.01,78.55
84.61,84.61,61.49,74.23,77.39
85.05,85.05,53.12,73.52,77.32
81.69,81.69,55.25,77.60,76.32
81.04,81.04,52.21,80.05,77.88
75.74,75.74,52.15,80.41,77.87
78.01,78.01,53.66,79.35,78.94
77.57,77.57,58.50,79.03,80.21
76.85,76.85,56.46,81.90,80.64
75.64,75.64,55.85,78.52,79.28
72.12,72.12,59.29,77.61,80.15
73.16,73.16,60.89,77.35,80.57
73.92,73.92,59.39,77.25,79.31
70.93,70.93,56.89,75.94,78.61
68.93,68.93,58.37,79.57,78.31
69.18,69.18,59.83,80.53,78.04
70.31,70.31,56.67,78.91,76.83
74.97,74.97,47.47,78.44,74.25
80.82,80.82,43.57,79.11,76.76
79.93,79.93,50.82,79.74,76.92
80.79,80.79,50.61,78.12,74.70
80.18,80.18,56.20,78.21,77.23
79.42,79.42,59.32,78.39,74.80
79.42,79.42,60.31,76.75,77.57
79.05,79.05,57.52,77.29,76.04
87.18,87.18,56.43,80.07,76.76
82.19,82.19,51.92,78.87,75.24
84.41,84.41,45.60,78.87,76.45
84.39,84.39,43.14,79.92,76.20
81.56,81.56,46.54,79.39,75.49
76.79,76.79,44.61,77.34,73.57
77.80,77.80,51.05,77.05,75.92
82.58,82.58,50.52,79.64,74.19
84.13,84.13,52.99,77.84,69.80
79.30,79.30,55.96,76.60,72.65
79.69,79.69,57.17,78.44,72.90
79.53,79.53,57.39,79.83,70.32
75.30,75.30,52.84,76.00,73.84
72.16,72.16,50.70,75.52,72.05
72.13,72.13,49.00,77.74,73.29
71.11,71.11,47.82,79.20,72.48
72.00,72.00,46.76,79.48,74.67
69.85,69.85,51.22,77.06,74.90
64.24,64.24,52.08,77.99,75.63
66.49,66.49,53.93,78.04,74.91
70.98,70.98,52.19,80.22,75.98
72.39,72.39,52.72,79.79,75.53
74.87,74.87,51.34,75.31,72.30
74.36,74.36,46.99,77.04,72.02
82.27,82.27,37.07,76.68,74.29
82.05,82.05,36.00,80.01,71.97
82.64,82.64,32.02,80.62,71.25
81.09,81.09,36.29,78.77,72.55
83.37,83.37,36.29,79.76,74.63
81.75,81.75,39.31,80.25,72.28
82.72,82.72,37.78,81.57,71.00
80.26,80.26,27.42,81.20,72.39
71.26,71.26,35.35,81.41,73.01
74.34,74.34,31.26,80.02,73.46
78.79,78.79,30.75,79.75,72.59
83.35,83.35,27.97,78.31,70.00
84.30,84.30,25.37,80.04,69.98
81.11,81.11,26.62,79.97,69.41
73.26,73.26,19.67,80.04,71.77
70.43,70.43,25.27,79.92,71.41
72.50,72.50,37.56,82.08,73.42
73.78,73.78,39.25,82.47,73.17
73.34,73.34,40.73,80.17,73.36
71.25,71.25,37.08,80.05,68.62
77.56,77.56,30.68,80.48,70.62
85.21,85.21,27.10,81.43,72.27
83.89,83.89,31.25,79.63,70.02
80.42,80.42,34.00,79.56,70.21
82.32,82.32,29.06,79.47,67.39
81.50,81.50,29.87,81.82,68.91
83.72,83.72,31.79,81.85,71.19
82.95,82.95,32.34,79.33,72.69
83.78,83.78,29.50,78.94,67.66
81.67,81.67,26.33,80.43,68.34
79.17,79.17,30.20,81.50,70.04
79.25,79.25,32.79,78.81,66.79
80.71,80.71,36.59,77.20,75.07
80.49,80.49,34.67,66.66,81.74
79.00,79.00,37.97,54.70,80.49
79.70,79.70,37.59,55.42,80.70
79.35,79.35,37.67,52.75,80.91
78.71,78.71,37.84,51.84,80.63
79.54,79.54,38.72,49.21,79.86
79.37,79.37,38.75,45.36,79.35
80.16,80.16,39.59,46.69,79.12
79.26,79.26,42.22,49.45,78.83
79.07,79.07,37.86,37.85,76.90
79.94,79.94,39.09,46.90,71.72
80.78,80.78,39.36,45.03,71.74
81.32,81.32,37.37,47.84,71.83
82.34,82.34,40.02,47.73,69.44
80.18,80.18,39.92,42.04,70.82
80.70,80.70,40.19,44.75,69.76
78.91,78.91,39.30,41.76,71.07
80.12,80.12,36.22,42.60,70.71
77.85,77.85,37.85,42.48,71.28
77.50,77.50,36.92,33.81,71.00
73.99,73.99,43.89,33.01,71.99
70.81,70.81,42.72,26.19,76.02
70.86,70.86,40.40,24.21,75.42
61.65,61.65,39.01,22.93,73.82
63.31,63.31,45.89,27.84,73.95
60.96,60.96,42.67,30.18,73.18
60.17,60.17,43.46,31.41,72.25
57.85,57.85,44.99,26.06,73.49
59.02,59.02,39.29,17.35,73.92
59.61,59.61,43.27,26.96,71.89
56.54,56.54,32.86,26.32,72.34
56.60,56.60,35.57,29.38,74.40
56.87,56.87,39.18,25.07,80.81
57.65,57.65,41.06,29.69,80.27
56.54,56.54,42.44,33.31,78.75
57.59,57.59,43.04,28.22,76.98
57.15,57.15,42.66,30.49,76.64
57.12,57.12,47.39,33.16,75.71
55.83,55.83,44.51,25.49,74.98
55.24,55.24,47.27,28.90,74.64
54.87,54.87,41.02,30.00,74.34
55.30,55.30,44.84,25.09,72.33
56.65,56.65,45.05,22.70,70.69
57.07,57.07,42.24,17.73,74.02
56.76,56.76,39.20,18.27,71.59
64.87,64.87,36.68,17.39,71.22
79.36,79.36,35.60,15.96,70.58
82.82,82.82,33.97,22.56,66.96
80.75,80.75,33.80,21.97,67.14
78.45,78.45,32.25,25.03,69.97
76.65,76.65,36.87,31.73,68.32
78.00,78.00,35.73,33.71,68.30
78.90,78.90,33.60,29.94,68.31
81.50,81.50,34.41,27.55,68.07
83.19,83.19,34.59,30.45,73.31
83.66,83.66,36.56,33.56,72.48
83.63,83.63,36.24,32.17,71.01
83.32,83.32,35.34,25.61,70.62
83.41,83.41,37.67,31.15,70.97
83.44,83.44,41.87,30.40,69.70
83.59,83.59,35.45,24.52,69.05
84.31,84.31,36.19,23.53,68.41
84.56,84.56,33.73,25.13,66.55
86.59,86.59,31.15,25.91,68.15
84.47,84.47,27.11,22.35,78.13
79.27,79.27,25.36,15.74,79.42
78.40,78.40,29.00,9.14,78.55
78.41,78.41,31.06,15.28,76.32
74.78,74.78,31.13,18.68,74.90
77.05,77.05,28.44,19.44,73.41
78.40,78.40,27.16,15.98,70.12
76.03,76.03,28.09,14.71,69.85
76.11,76.11,31.16,17.96,69.23
77.44,77.44,30.88,14.60,62.85
78.86,78.86,33.44,9.29,66.10
80.71,80.71,36.40,11.78,69.06
79.99,79.99,39.27,15.89,70.80
79.18,79.18,44.38,16.42,70.22
76.99,76.99,43.57,14.30,70.74
79.38,79.38,42.69,15.30,70.42
80.27,80.27,39.04,15.88,69.94
77.08,77.08,36.21,17.34,70.69
74.28,74.28,47.63,8.82,69.65
80.45,80.45,43.44,3.37,70.93
80.26,80.26,44.84,1.08,71.96
81.18,81.18,40.89,-0.00,72.31
83.21,83.21,40.91,3.04,73.06
83.60,83.60,40.36,12.56,71.41
81.62,81.62,43.50,19.99,70.79
80.83,80.83,43.32,29.96,70.18
79.56,79.56,43.12,29.33,69.56
78.91,78.91,42.88,23.93,68.99
74.23,74.23,46.60,28.75,68.33
75.88,75.88,43.91,28.41,68.30
75.23,75.23,37.46,27.77,69.08
76.28,76.28,33.99,24.14,68.09
82.00,82.00,34.78,13.55,80.86
79.23,79.23,35.94,10.20,81.27
79.21,79.21,38.76,11.92,79.27
79.26,79.26,38.21,16.10,79.20
80.47,80.47,35.32,13.53,77.73
80.09,80.09,34.25,17.28,75.57
78.95,78.95,33.95,15.03,74.33
81.33,81.33,36.59,16.11,73.08
79.47,79.47,33.04,16.14,72.33
79.35,79.35,35.77,15.64,68.41
79.01,79.01,35.93,17.38,63.17
78.91,78.91,31.70,19.16,64.03
79.72,79.72,31.85,17.65,63.08
80.16,80.16,36.28,23.63,61.96
78.81,78.81,34.57,22.47,63.24
80.05,80.05,35.48,26.58,60.77
78.87,78.87,34.87,19.74,62.41
80.57,80.57,34.95,22.17,60.70
80.39,80.39,38.25,24.19,59.55
81.45,81.45,36.13,29.42,63.14
81.33,81.33,36.77,25.85,62.98
80.11,80.11,37.74,29.10,67.21
78.92,78.92,34.98,26.00,69.44
76.78,76.78,36.32,21.40,69.69
76.41,76.41,39.13,23.68,68.79
70.66,70.66,39.25,24.43,69.21
57.73,57.73,40.59,30.48,69.96
62.36,62.36,41.14,35.34,70.28
57.01,57.01,38.24,36.67,68.76
59.49,59.49,30.63,34.18,69.37
56.71,56.71,31.96,30.10,70.38
60.81,60.81,30.90,28.92,69.95
59.17,59.17,32.73,30.58,79.67
49.57,49.57,34.22,29.41,81.44
52.36,52.36,37.85,34.42,79.65
57.14,57.14,36.59,42.18,79.18
53.47,53.47,38.15,41.30,77.55
47.46,47.46,37.97,39.91,76.33
52.99,52.99,38.17,39.53,75.42
54.19,54.19,38.21,38.71,75.08
52.89,52.89,39.40,36.80,72.98
53.32,53.32,36.16,43.17,72.83
48.09,48.09,34.46,43.95,68.92
51.96,51.96,33.76,31.57,70.24
48.28,48.28,35.75,40.17,69.24
52.34,52.34,38.93,46.37,68.43
53.40,53.40,42.94,43.32,67.87
49.93,49.93,43.57,43.43,66.78
53.23,53.23,41.16,45.85,66.44
49.71,49.71,42.11,41.37,67.21
47.00,47.00,44.79,41.94,67.37
51.68,51.68,38.13,43.47,64.00
52.74,52.74,34.27,46.39,67.07
49.04,49.04,38.89,38.93,66.13
50.31,50.31,34.25,31.83,72.71
45.93,45.93,36.01,31.54,71.29
44.31,44.31,31.99,38.86,71.30
50.77,50.77,39.49,36.44,70.59
47.93,47.93,41.05,42.96,69.46
39.18,39.18,42.77,41.00,68.09
44.24,44.24,40.51,35.93,67.69
43.42,43.42,38.75,40.59,68.99
43.54,43.54,30.44,43.18,69.08
36.76,36.76,27.55,38.45,66.91
25.67,25.67,28.77,34.46,79.84
27.22,27.22,28.30,34.76,80.71
36.17,36.17,29.32,32.60,79.61
42.40,42.40,35.23,36.93,77.73
43.96,43.96,40.42,43.82,77.01
40.19,40.19,41.32,46.96,74.97
43.13,43.13,45.09,43.22,73.24
46.83,46.83,45.01,35.32,72.90
44.84,44.84,44.92,32.90,72.80
39.75,39.75,44.99,36.19,72.36
44.02,44.02,39.47,31.11,68.53
48.06,48.06,44.06,31.88,74.05
39.72,39.72,46.56,34.25,75.98
37.21,37.21,46.24,26.29,73.56
40.01,40.01,50.38,29.31,74.23
42.25,42.25,50.78,31.07,74.18
42.90,42.90,46.03,26.41,72.99
42.60,42.60,45.59,31.24,72.75
43.20,43.20,53.21,31.70,74.20
42.04,42.04,49.42,29.70,72.75
38.87,38.87,45.83,30.13,72.58
43.95,43.95,49.43,32.30,73.80
53.90,53.90,47.47,29.41,75.44
49.14,49.14,47.78,23.55,74.87
46.44,46.44,44.85,26.92,72.94
35.14,35.14,46.41,29.20,73.19
34.99,34.99,42.73,30.34,73.31
43.96,43.96,41.43,32.82,72.60
48.76,48.76,40.37,34.49,72.25
54.04,54.04,41.93,28.87,72.67
63.58,63.58,34.69,18.57,70.49
82.95,82.95,41.16,15.42,69.23
81.40,81.40,37.47,9.93,73.68
79.66,79.66,31.79,16.31,79.65
80.57,80.57,32.26,18.73,78.28
80.71,80.71,34.16,19.80,76.56
81.43,81.43,32.29,20.62,74.46
79.62,79.62,32.07,23.28,73.56
79.61,79.61,30.65,25.24,71.43
79.55,79.55,30.33,21.53,68.20
80.72,80.72,29.37,25.39,68.91
79.51,79.51,30.15,30.83,69.04
80.61,80.61,27.49,31.58,68.62
80.87,80.87,27.35,33.65,69.77
79.38,79.38,28.28,35.10,69.41
79.72,79.72,34.43,34.85,69.13
80.17,80.17,32.65,26.71,69.37
79.25,79.25,32.33,25.68,68.20
81.41,81.41,34.35,24.35,66.65
81.94,81.94,38.53,28.28,66.61
82.39,82.39,36.63,23.92,65.11
82.21,82.21,33.16,22.23,67.67
82.04,82.04,33.08,21.34,67.91
81.63,81.63,37.23,22.82,69.51
81.48,81.48,37.80,21.51,71.90
81.29,81.29,37.84,17.84,72.66
81.17,81.17,37.63,14.74,71.46
81.55,81.55,39.82,14.76,70.32
81.83,81.83,44.88,18.53,70.20
81.49,81.49,40.15,20.35,69.43
81.41,81.41,35.70,18.22,69.17
80.22,80.22,40.57,16.52,69.14
81.59,81.59,35.59,21.08,69.84
81.18,81.18,36.95,18.74,70.77
80.31,80.31,31.73,19.52,73.07
77.37,77.37,34.61,22.24,80.80
78.38,78.38,35.53,22.80,80.08
76.14,76.14,31.06,21.30,79.10
77.71,77.71,27.87,19.34,78.20
77.59,77.59,32.51,21.03,76.96
78.71,78.71,33.63,19.59,74.16
81.06,81.06,35.90,26.90,72.83
81.75,81.75,38.12,20.44,71.34
79.84,79.84,40.04,19.21,68.31
80.05,80.05,37.32,23.47,65.84
79.55,79.55,35.41,19.59,67.28
81.06,81.06,35.97,22.80,69.86
83.90,83.90,34.09,23.56,66.08
83.73,83.73,31.80,19.32,66.60
80.64,80.64,28.76,9.54,69.53
81.34,81.34,30.95,12.43,69.74
78.81,78.81,32.62,23.97,70.21
80.83,80.83,36.40,27.66,68.19
81.55,81.55,37.81,25.18,68.49
82.45,82.45,32.97,15.84,69.47
84.40,84.40,35.02,12.82,69.93
83.78,83.78,34.15,16.30,70.43
83.64,83.64,35.12,10.90,71.29
83.76,83.76,33.75,14.31,69.10
82.66,82.66,33.05,17.52,69.87
79.58,79.58,30.36,12.31,69.97
74.44,74.44,37.29,5.86,68.32
66.60,66.60,34.34,9.23,65.38
65.40,65.40,27.67,4.76,62.37
67.65,67.65,32.22,6.32,62.23
76.08,76.08,27.67,5.91,64.28
80.35,80.35,27.77,3.53,70.62
80.91,80.91,28.62,8.60,78.61
79.52,79.52,29.52,11.28,77.25
80.05,80.05,28.63,9.23,71.07
79.35,79.35,29.96,10.68,71.37
80.86,80.86,30.69,10.30,67.53
80.33,80.33,32.86,26.28,68.24
81.96,81.96,31.44,28.64,68.96
80.58,80.58,31.13,26.41,67.45
80.42,80.42,31.64,20.30,67.26
80.03,80.03,29.82,14.34,65.68
78.13,78.13,31.94,9.75,71.11
79.69,79.69,29.94,13.53,72.99
79.14,79.14,33.54,16.67,71.49
78.46,78.46,34.29,21.45,73.21
79.52,79.52,33.50,22.35,73.65
80.24,80.24,32.92,18.93,73.99
78.34,78.34,32.36,12.31,75.15
79.62,79.62,30.90,17.18,76.60
78.94,78.94,29.86,13.79,76.40
79.90,79.90,30.43,11.09,75.90
79.88,79.88,34.69,17.92,77.91
79.32,79.32,34.32,18.46,77.68
79.47,79.47,34.79,12.66,76.47
82.02,82.02,35.33,9.72,76.26
82.89,82.89,35.13,7.23,75.00
82.69,82.69,35.49,7.81,75.37
82.26,82.26,36.67,4.41,75.73
79.91,79.91,35.75,2.99,74.45
79.01,79.01,34.17,2.11,74.05
78.48,78.48,30.39,0.12,74.95
77.32,77.32,28.12,17.90,75.01
78.67,78.67,30.84,28.40,75.21
77.93,77.93,32.59,32.94,77.71
76.06,76.06,32.19,34.89,76.00
79.26,79.26,33.41,34.06,72.91
77.24,77.24,32.63,25.05,73.33
76.97,76.97,30.85,26.20,70.90
74.97,74.97,32.98,34.84,70.48
73.85,73.85,32.79,36.88,72.21
74.25,74.25,32.86,36.39,70.26
73.39,73.39,32.06,33.58,67.41
69.91,69.91,31.87,16.47,70.32
61.47,61.47,39.23,14.07,74.54
55.34,55.34,45.40,17.62,78.71
62.38,62.38,40.20,13.01,76.68
77.06,77.06,37.43,4.61,76.01
81.18,81.18,36.98,-0.00,75.60
81.11,81.11,36.35,-0.00,75.59
82.43,82.43,35.59,-0.00,74.94
82.83,82.83,37.48,-0.00,72.87
81.21,81.21,37.77,-0.00,72.64
81.85,81.85,36.26,-0.00,73.71
81.93,81.93,33.51,-0.00,76.47
82.51,82.51,34.63,0.50,75.21
83.32,83.32,35.02,1.84,76.88
82.74,82.74,37.21,4.35,73.00
81.45,81.45,37.00,13.33,72.00
79.38,79.38,31.00,27.41,70.81
69.92,69.92,27.06,28.33,70.96
61.71,61.71,24.80,31.66,70.14
55.11,55.11,22.58,24.28,70.29
57.14,57.14,21.34,31.98,73.13
64.10,64.10,30.80,23.93,68.87
66.37,66.37,28.00,15.19,71.05
77.93,77.93,17.28,8.59,75.01
83.85,83.85,17.04,20.19,71.38
80.52,80.52,18.44,22.40,68.92
79.91,79.91,19.95,25.54,66.47
79.27,79.27,22.03,25.52,67.01
79.20,79.20,26.41,25.61,66.84
79.33,79.33,28.41,22.73,63.54
80.14,80.14,29.56,28.75,63.53
79.13,79.13,30.20,33.83,65.81
79.63,79.63,30.41,34.98,62.12
79.55,79.55,32.76,35.84,64.84
79.02,79.02,30.01,34.12,74.77
79.44,79.44,30.09,35.11,72.81
80.28,80.28,30.41,41.75,73.24
79.57,79.57,26.87,41.69,73.12
77.78,77.78,28.10,42.46,73.05
78.65,78.65,29.46,35.85,72.68
79.48,79.48,27.38,37.16,72.99
79.04,79.04,33.42,31.46,73.41
74.85,74.85,40.51,47.72,74.14
80.35,80.35,39.80,44.67,75.29
80.89,80.89,39.09,35.75,70.47
79.45,79.45,33.74,33.89,72.37
79.00,79.00,35.47,45.31,72.94
78.81,78.81,44.00,44.29,70.88
77.33,77.33,41.45,42.52,72.17
70.77,70.77,38.95,44.76,70.98
69.24,69.24,34.83,44.49,69.63
66.22,66.22,33.01,41.65,68.95
65.59,65.59,31.20,43.59,69.13
65.57,65.57,24.62,35.90,70.63
70.40,70.40,15.47,27.07,71.84
76.29,76.29,14.13,25.26,72.94
77.93,77.93,15.51,12.12,72.29
79.39,79.39,19.42,16.02,68.63
77.03,77.03,23.81,19.92,68.66
77.82,77.82,23.43,23.99,67.60
78.87,78.87,23.43,30.26,67.98
77.24,77.24,24.96,37.42,69.33
78.14,78.14,27.56,39.18,69.11
80.26,80.26,27.47,34.22,67.53
80.16,80.16,26.46,36.81,66.49
80.11,80.11,27.18,34.15,67.50
78.56,78.56,30.51,25.91,79.05
78.19,78.19,33.39,34.68,77.45
79.76,79.76,35.95,34.09,77.74
80.15,80.15,34.52,40.55,77.45
77.38,77.38,31.02,40.39,77.21
75.29,75.29,31.27,32.07,77.54
78.19,78.19,30.08,36.14,78.11
78.80,78.80,30.76,33.12,78.21
77.29,77.29,28.43,33.24,77.48
77.78,77.78,27.10,35.96,77.91
78.41,78.41,27.04,36.40,77.72
76.52,76.52,26.27,38.98,76.74
73.26,73.26,26.06,37.14,77.21
68.58,68.58,30.59,39.19,76.70
61.28,61.28,35.87,45.37,76.78
62.96,62.96,36.80,40.37,76.69
62.45,62.45,37.90,34.59,75.66
61.88,61.88,39.18,38.50,75.95
61.80,61.80,34.88,29.77,75.96
61.85,61.85,30.96,38.95,75.73
62.18,62.18,19.29,41.45,77.95
57.55,57.55,13.66,42.09,79.06
55.72,55.72,18.99,39.37,76.82
60.74,60.74,19.95,34.15,71.63
63.11,63.11,26.38,36.45,71.76
62.69,62.69,30.92,34.55,70.19
60.95,60.95,36.95,43.13,70.17
56.83,56.83,37.63,46.65,69.58
57.71,57.71,36.48,38.63,69.51
57.29,57.29,34.52,41.06,68.01
56.44,56.44,32.01,41.21,68.17
52.06,52.06,30.45,39.29,69.51
55.41,55.41,28.90,41.33,79.55
52.12,52.12,30.78,33.65,77.13
55.76,55.76,32.51,35.98,78.36
54.20,54.20,35.06,32.35,78.24
51.37,51.37,36.38,36.61,77.16
55.59,55.59,37.55,39.67,77.52
57.45,57.45,36.38,39.40,77.51
56.82,56.82,37.35,39.29,78.01
54.60,54.60,34.12,40.37,76.53
49.68,49.68,29.43,39.10,77.16
49.54,49.54,33.12,36.37,76.31
49.11,49.11,32.33,36.27,76.64
55.91,55.91,32.42,28.68,74.69
52.84,52.84,34.96,33.25,74.33
58.02,58.02,32.78,34.61,73.51
52.79,52.79,36.54,37.82,72.38
54.31,54.31,38.79,42.20,71.71
49.65,49.65,36.62,36.19,70.93
49.25,49.25,32.45,33.79,73.63
41.02,41.02,26.41,32.54,72.93
36.11,36.11,19.63,36.99,74.73
42.33,42.33,27.78,33.21,77.40
44.14,44.14,23.35,30.62,79.60
42.86,42.86,23.64,35.40,70.89
48.77,48.77,24.27,33.68,71.16
48.95,48.95,29.14,27.11,71.75
51.64,51.64,28.59,36.19,71.54
51.43,51.43,28.37,26.15,71.77
51.27,51.27,29.02,32.57,71.75
52.05,52.05,25.89,40.37,69.98
52.40,52.40,21.61,32.60,68.26
53.86,53.86,24.15,34.84,70.84
54.95,54.95,27.85,33.39,81.03
51.49,51.49,30.47,32.84,79.02
54.72,54.72,34.81,33.37,79.90
54.57,54.57,32.94,29.76,80.00
55.02,55.02,43.91,35.93,79.83
53.10,53.10,41.17,27.32,80.23
53.32,53.32,46.76,29.00,80.57
52.05,52.05,37.70,26.50,80.63
49.36,49.36,38.53,24.34,79.94
46.85,46.85,41.22,31.67,79.43
50.74,50.74,44.28,32.61,79.61
58.56,58.56,41.81,32.35,80.10
55.41,55.41,39.14,32.55,79.31
49.34,49.34,46.27,32.63,79.27
44.49,44.49,38.04,23.22,78.29
46.29,46.29,41.14,29.24,78.96
49.10,49.10,35.57,22.19,76.95
55.01,55.01,24.92,23.47,77.23
59.67,59.67,23.51,18.10,77.54
82.18,82.18,19.29,16.43,76.51
81.85,81.85,22.02,11.23,72.11
80.29,80.29,21.32,19.27,73.60
78.94,78.94,22.73,20.72,77.21
80.32,80.32,23.74,20.25,73.95
78.52,78.52,23.39,21.45,69.13
77.46,77.46,24.92,23.78,67.82
78.31,78.31,24.14,19.04,71.58
79.42,79.42,21.59,22.12,66.57
78.76,78.76,23.31,17.99,70.45
76.96,76.96,25.39,21.19,67.01
78.84,78.84,23.87,17.48,66.72
79.37,79.37,24.02,23.08,67.75
79.42,79.42,25.34,28.48,79.43
79.70,79.70,24.96,26.65,80.69
78.22,78.22,26.28,21.90,78.69
79.07,79.07,27.76,25.93,79.24
79.01,79.01,28.40,24.48,79.90
77.95,77.95,29.57,28.44,79.58
78.89,78.89,31.91,37.23,80.25
79.78,79.78,28.81,36.35,80.42
79.64,79.64,27.96,34.06,79.91
79.78,79.78,29.60,32.05,79.99
78.26,78.26,25.46,28.57,79.44
78.69,78.69,24.17,29.16,79.22
79.61,79.61,25.73,24.09,78.36
80.84,80.84,29.18,26.45,76.19
80.67,80.67,27.55,27.23,76.51
80.57,80.57,27.78,25.99,75.92
80.70,80.70,28.70,26.41,74.76
80.15,80.15,27.41,25.10,74.92
80.64,80.64,27.43,26.49,73.53
81.00,81.00,25.55,29.97,73.96
79.49,79.49,27.96,30.27,72.33
80.88,80.88,22.80,36.03,70.84
80.77,80.77,16.74,29.28,74.08
82.75,82.75,15.84,26.49,74.63
80.63,80.63,17.70,33.88,71.84
80.14,80.14,17.83,35.32,69.25
78.36,78.36,24.12,32.76,70.48
75.41,75.41,25.74,39.55,69.17
69.26,69.26,37.30,50.23,68.46
60.91,60.91,30.30,44.12,67.34
66.15,66.15,23.71,43.41,66.77
71.07,71.07,15.37,38.03,68.44
81.05,81.05,19.64,39.16,77.40
80.79,80.79,19.04,30.53,79.86
80.61,80.61,21.37,30.23,79.12
79.34,79.34,20.30,37.66,78.91
77.27,77.27,21.66,44.61,79.36
75.56,75.56,25.88,33.28,79.38
74.06,74.06,24.89,30.57,79.37
75.83,75.83,21.99,36.07,79.29
77.46,77.46,19.62,41.37,79.00
80.47,80.47,18.74,35.35,77.86
82.52,82.52,29.01,35.84,76.06
80.59,80.59,33.97,36.14,75.81
82.37,82.37,33.66,33.47,76.86
81.84,81.84,32.06,28.34,74.24
81.29,81.29,28.81,21.78,69.42
81.25,81.25,34.34,26.05,67.47
81.66,81.66,29.29,41.14,65.66
80.45,80.45,29.98,31.90,66.03
80.26,80.26,27.87,41.34,67.00
80.71,80.71,26.81,43.05,68.63
82.12,82.12,27.23,40.30,69.09
79.87,79.87,25.84,39.34,70.69
79.99,79.99,23.20,31.57,78.56
80.02,80.02,24.09,31.81,81.64
80.73,80.73,26.65,36.32,79.30
78.80,78.80,29.18,34.69,78.91
80.88,80.88,31.24,24.48,80.35
82.02,82.02,31.57,31.36,77.88
81.47,81.47,31.08,28.35,77.52
80.20,80.20,31.43,30.02,78.05
80.91,80.91,30.75,26.12,76.63
81.14,81.14,29.78,30.04,75.73
79.26,79.26,29.66,26.79,80.50
81.97,81.97,31.01,29.56,81.30
79.24,79.24,33.46,29.80,80.67
80.57,80.57,35.54,32.94,80.83
79.94,79.94,42.29,22.14,80.31
78.92,78.92,46.17,29.59,79.45
78.29,78.29,45.33,18.49,80.14
79.54,79.54,43.81,22.95,79.20
79.69,79.69,42.28,27.76,78.80
79.58,79.58,40.26,22.45,78.27
79.11,79.11,33.17,25.76,78.39
77.95,77.95,29.53,33.75,82.21
76.68,76.68,25.42,27.83,82.05
76.00,76.00,23.00,21.71,80.70
73.49,73.49,20.08,28.80,81.36
71.78,71.78,21.88,26.16,81.18
71.34,71.34,23.27,28.32,79.35
67.21,67.21,23.62,19.33,80.33
59.94,59.94,22.40,20.77,78.91
64.28,64.28,21.41,33.80,78.02
61.08,61.08,18.13,25.31,80.53
57.81,57.81,17.17,37.96,76.49
56.37,56.37,17.15,41.28,81.87
50.31,50.31,9.66,40.04,83.70
50.50,50.50,14.18,35.13,82.48
52.89,52.89,22.93,40.73,82.83
47.59,47.59,26.41,37.89,80.31
47.65,47.65,28.06,35.96,76.57
53.43,53.43,29.42,34.28,76.11
53.07,53.07,30.91,34.74,74.97
51.58,51.58,31.42,33.30,73.55
54.80,54.80,31.09,33.31,75.16
55.08,55.08,31.03,36.47,72.41
54.41,54.41,30.73,29.58,74.71
54.60,54.60,32.99,38.45,76.86
55.54,55.54,32.86,37.58,79.33
51.43,51.43,32.80,39.19,79.63
54.02,54.02,31.68,38.96,78.57
55.19,55.19,30.44,32.47,79.72
51.96,51.96,30.27,31.50,78.19
52.67,52.67,28.79,33.25,78.21
56.10,56.10,25.36,33.81,78.94
52.21,52.21,19.45,39.54,78.89
59.70,59.70,29.28,38.56,79.62
63.14,63.14,18.41,38.02,84.23
55.56,55.56,14.06,37.60,83.47
60.28,60.28,26.00,36.74,82.59
64.59,64.59,31.74,35.56,83.35
65.89,65.89,39.72,42.21,81.62
66.52,66.52,33.50,40.89,80.65
63.03,63.03,37.51,39.00,81.12
55.80,55.80,31.81,46.70,78.20
58.67,58.67,38.42,40.10,76.12
66.62,66.62,26.94,31.78,78.93
75.19,75.19,15.30,26.28,81.10
84.33,84.33,16.01,26.49,81.79
83.07,83.07,14.16,19.74,81.73
80.70,80.70,13.95,28.95,80.63
80.80,80.80,14.84,30.12,80.37
81.87,81.87,16.69,24.32,77.74
79.80,79.80,17.31,23.21,76.05
78.33,78.33,19.24,26.03,75.24
80.93,80.93,20.14,28.70,73.78
83.19,83.19,21.86,29.95,72.75
83.56,83.56,26.52,34.34,74.85
84.32,84.32,25.17,35.35,75.95
84.52,84.52,26.67,34.33,75.03
84.02,84.02,30.46,28.91,75.07
82.19,82.19,33.80,23.67,75.13
81.95,81.95,35.68,34.24,75.96
83.16,83.16,32.25,35.13,74.63
81.47,81.47,32.18,33.64,76.18
79.91,79.91,37.32,33.18,77.61
81.16,81.16,35.78,33.77,76.18
79.42,79.42,33.59,34.33,78.25
80.79,80.79,33.21,37.05,77.49
80.79,80.79,31.71,34.36,80.26
79.58,79.58,31.93,40.53,80.49
80.83,80.83,26.87,29.64,78.39
80.41,80.41,19.86,35.31,75.24
78.46,78.46,25.18,34.12,76.25
69.20,69.20,24.38,31.78,75.42
62.88,62.88,27.94,34.66,73.98
69.90,69.90,33.12,36.90,72.93
68.75,68.75,36.29,27.79,68.63
68.00,68.00,25.40,28.03,69.78
80.94,80.94,12.16,15.36,78.82
83.18,83.18,10.96,6.05,76.73
82.43,82.43,9.20,8.74,78.84
83.16,83.16,11.72,14.93,76.70
80.35,80.35,14.14,28.49,77.46
80.01,80.01,16.31,33.28,77.45
80.80,80.80,14.80,33.99,76.34
78.00,78.00,15.84,37.67,78.16
76.94,76.94,20.25,40.35,75.86
71.02,71.02,25.89,36.31,75.78
68.79,68.79,28.07,37.17,75.51
77.46,77.46,20.20,36.51,81.55
84.13,84.13,23.90,48.20,78.65
84.95,84.95,25.45,40.78,74.37
85.50,85.50,22.89,43.57,75.80
85.40,85.40,16.51,43.82,75.06
84.30,84.30,14.33,50.03,73.86
84.20,84.20,15.98,42.10,73.20
84.17,84.17,18.43,44.39,73.59
82.16,82.16,19.21,38.95,72.52
80.80,80.80,22.95,35.81,75.10
81.17,81.17,27.69,45.16,79.05
79.39,79.39,21.15,40.60,78.80
77.77,77.77,21.02,39.12,78.80
81.15,81.15,18.35,39.65,78.00
78.25,78.25,20.22,40.50,77.74
78.42,78.42,18.76,39.86,78.24
81.16,81.16,16.69,41.01,79.05
78.45,78.45,20.68,40.95,77.12
77.74,77.74,25.62,32.13,78.52
77.36,77.36,27.64,31.15,76.25
75.56,75.56,27.02,35.55,73.67
81.64,81.64,24.74,33.31,78.89
78.06,78.06,26.60,27.98,81.54
78.22,78.22,30.74,35.45,82.03
78.84,78.84,31.95,40.06,83.94
78.76,78.76,30.73,42.60,84.16
79.97,79.97,26.71,35.26,85.76
78.64,78.64,25.67,33.11,84.76
78.10,78.10,29.35,36.91,85.48
78.14,78.14,36.74,37.54,84.11
78.48,78.48,39.74,34.82,83.29
78.19,78.19,35.94,38.69,82.72
78.55,78.55,28.92,39.36,84.72
78.37,78.37,31.06,38.13,84.22
77.64,77.64,36.64,27.69,81.50
77.75,77.75,38.60,32.45,81.70
77.66,77.66,41.35,30.17,80.58
79.21,79.21,43.88,34.79,83.33
79.09,79.09,41.92,38.16,83.44
78.69,78.69,36.88,39.37,81.69
77.55,77.55,36.11,39.71,82.22
76.50,76.50,33.31,32.01,82.97
78.79,78.79,28.38,28.54,80.85
79.16,79.16,27.85,29.91,80.39
79.25,79.25,29.32,37.70,78.96
79.78,79.78,30.90,31.46,79.01
80.25,80.25,34.23,35.37,80.04
80.15,80.15,35.20,36.46,78.13
79.98,79.98,36.10,33.14,78.28
79.07,79.07,34.56,35.96,79.51
78.68,78.68,32.23,38.26,78.79
78.42,78.42,29.84,37.55,78.16
78.85,78.85,30.83,32.49,76.86
79.70,79.70,29.82,41.31,80.57
79.48,79.48,31.37,37.99,81.26
82.26,82.26,30.49,35.13,81.68
80.57,80.57,28.96,33.62,79.44
77.54,77.54,27.81,36.97,79.88
75.96,75.96,29.40,41.20,79.42
77.26,77.26,29.98,33.96,80.15
78.98,78.98,29.73,32.71,81.02
82.00,82.00,28.64,37.96,80.73
81.91,81.91,26.25,34.22,80.47
80.29,80.29,27.61,37.09,79.85
78.00,78.00,26.90,33.58,79.70
76.40,76.40,27.84,36.86,82.28
76.07,76.07,31.38,37.70,81.14
78.37,78.37,31.91,32.37,82.81
79.90,79.90,29.98,29.41,82.36
79.47,79.47,29.01,30.84,82.93
79.89,79.89,27.61,32.70,81.07
76.84,76.84,26.75,29.90,82.03
77.51,77.51,29.75,25.16,78.06
76.25,76.25,29.81,30.86,78.11
79.40,79.40,34.48,32.44,77.46
78.95,78.95,32.45,38.08,78.14
73.92,73.92,31.99,41.69,79.90
71.43,71.43,30.28,34.35,78.97
69.12,69.12,32.51,35.35,79.54
69.31,69.31,31.69,36.22,79.85
66.53,66.53,29.11,35.57,79.08
61.10,61.10,27.31,35.40,77.62
55.36,55.36,24.85,33.49,76.04
58.57,58.57,23.84,32.46,78.65
58.06,58.06,16.42,30.95,77.72
60.93,60.93,16.61,23.22,80.57
60.15,60.15,12.91,24.74,82.24
63.21,63.21,18.07,31.51,84.07
59.09,59.09,27.27,25.36,82.40
57.09,57.09,21.53,28.89,82.19
59.15,59.15,27.90,25.16,80.72
58.13,58.13,27.03,25.46,83.15
58.18,58.18,32.22,31.19,83.74
57.45,57.45,30.85,28.12,84.53
55.13,55.13,34.06,22.55,85.00
53.96,53.96,31.88,33.42,84.24
51.55,51.55,35.89,32.63,84.33
45.04,45.04,32.02,29.35,81.90
45.62,45.62,29.16,22.39,83.17
44.89,44.89,31.59,20.86,80.66
40.74,40.74,35.05,27.39,83.63
40.77,40.77,33.98,29.47,81.79
40.45,40.45,38.61,27.20,82.64
42.67,42.67,40.78,22.23,83.16
37.25,37.25,39.05,22.78,81.38
37.88,37.88,37.14,23.99,82.55
35.97,35.97,32.85,23.98,83.13
38.02,38.02,42.68,24.75,79.72
35.01,35.01,30.59,17.80,77.45
32.78,32.78,35.55,18.61,79.69
38.49,38.49,37.54,22.18,80.63
34.88,34.88,35.73,14.06,79.57
33.41,33.41,41.14,23.09,77.72
31.83,31.83,39.68,14.09,76.70
40.54,40.54,35.82,20.37,78.01
33.22,33.22,28.55,21.89,77.39
30.91,30.91,26.67,18.08,73.33
23.22,23.22,25.21,16.48,79.48
22.36,22.36,31.45,17.99,82.60
24.85,24.85,33.90,16.95,82.69
24.76,24.76,27.91,21.62,81.25
26.82,26.82,24.31,20.92,81.71
28.63,28.63,24.34,21.35,81.94
28.71,28.71,25.19,28.94,82.33
31.84,31.84,25.49,34.31,80.82
32.98,32.98,25.47,27.67,81.02
33.20,33.20,23.73,29.52,79.74
33.04,33.04,22.54,37.47,81.29
35.77,35.77,26.73,35.56,81.32
33.75,33.75,19.93,39.53,81.03
33.77,33.77,11.75,43.45,83.00
38.84,38.84,8.17,31.16,79.82
34.40,34.40,10.30,36.42,82.21
37.68,37.68,12.02,29.64,80.87
42.06,42.06,12.38,29.68,81.64
52.72,52.72,13.20,11.99,80.50
60.20,60.20,17.49,37.82,81.43
65.31,65.31,17.14,42.55,78.13
79.02,79.02,22.40,44.88,78.78
87.03,87.03,28.26,38.17,81.48
85.10,85.10,22.89,39.99,78.00
84.64,84.64,23.83,41.51,75.96
86.44,86.44,25.49,41.66,75.86
84.48,84.48,26.70,39.67,78.57
84.67,84.67,26.55,41.32,76.35
84.55,84.55,28.68,35.42,76.62
84.71,84.71,29.09,42.29,75.95
84.93,84.93,29.11,35.77,75.00
84.52,84.52,27.28,40.70,71.40
86.32,86.32,26.78,43.90,72.53
85.00,85.00,20.39,37.61,79.34
84.18,84.18,22.77,31.38,80.23
85.21,85.21,27.86,35.42,79.76
84.90,84.90,28.87,43.07,79.89
84.94,84.94,29.76,47.65,79.19
84.30,84.30,34.33,51.12,80.81
84.75,84.75,35.28,46.68,80.07
84.23,84.23,31.63,42.85,80.38
83.27,83.27,29.59,37.17,80.36
84.17,84.17,30.51,41.49,79.61
84.80,84.80,31.75,38.61,81.67
83.22,83.22,29.09,28.54,80.60
82.00,82.00,27.04,32.71,79.10
81.25,81.25,28.08,32.57,81.60
81.90,81.90,28.44,41.47,80.52
82.76,82.76,24.84,39.02,80.30
82.35,82.35,19.46,40.12,76.89
81.78,81.78,23.51,32.36,81.26
81.35,81.35,25.57,40.65,80.16
82.03,82.03,21.83,30.60,80.00
83.12,83.12,19.31,33.56,78.46
80.82,80.82,25.27,35.61,81.42
80.10,80.10,34.71,39.45,80.94
79.96,79.96,33.56,42.86,77.37
84.66,84.66,36.80,36.51,77.35
84.96,84.96,37.54,37.69,77.69
82.79,82.79,36.99,35.44,77.70
81.02,81.02,36.64,34.67,77.38
82.39,82.39,37.70,37.02,75.53
83.18,83.18,32.07,39.52,74.44
82.86,82.86,22.87,37.75,73.19
79.05,79.05,25.85,41.52,76.62
78.79,78.79,29.51,45.29,79.65
78.51,78.51,30.55,39.91,80.82
84.74,84.74,24.33,40.59,79.54
81.15,81.15,27.90,40.79,77.99
80.53,80.53,22.70,35.74,77.56
80.30,80.30,26.02,29.95,75.49
80.70,80.70,31.25,28.32,77.18
78.23,78.23,30.49,30.56,77.80
74.99,74.99,24.60,49.86,78.52
66.81,66.81,23.57,48.62,76.97
63.54,63.54,30.24,39.77,78.64
64.87,64.87,29.87,41.06,78.52
65.17,65.17,34.05,48.07,81.26
76.91,76.91,26.52,48.20,79.48
80.53,80.53,22.93,51.46,79.21
80.45,80.45,21.18,50.25,79.91
83.67,83.67,20.56,43.14,77.83
83.20,83.20,22.57,34.23,78.45
84.01,84.01,19.44,27.82,78.42
83.18,83.18,16.37,33.29,77.87
83.27,83.27,18.39,36.55,79.27
83.34,83.34,28.75,38.50,78.18
84.30,84.30,29.13,40.34,77.07
81.67,81.67,28.77,31.57,76.13
76.36,76.36,32.13,44.48,76.28
67.70,67.70,30.76,45.86,76.15
65.69,65.69,19.19,35.70,76.64
63.42,63.42,14.93,30.30,75.40
66.86,66.86,21.85,41.70,76.54
67.94,67.94,21.41,47.23,74.68
64.07,64.07,30.16,48.66,74.95
62.34,62.34,25.09,40.18,72.60
69.86,69.86,18.10,42.62,78.32
76.47,76.47,17.69,34.61,75.45
83.43,83.43,19.57,39.09,78.50
80.94,80.94,17.64,36.81,76.43
79.50,79.50,15.66,34.26,79.14
78.45,78.45,16.30,31.86,77.84
79.36,79.36,14.52,31.00,77.98
79.20,79.20,16.93,18.57,76.28
78.80,78.80,16.84,32.40,79.41
79.03,79.03,18.00,27.41,78.35
78.37,78.37,21.46,27.22,77.19
78.37,78.37,20.14,23.97,76.91
76.99,76.99,18.49,27.96,80.08
80.43,80.43,18.41,26.11,79.41
80.41,80.41,19.06,20.25,78.43
79.07,79.07,21.54,30.99,78.91
78.36,78.36,23.05,29.58,78.37
78.71,78.71,21.60,30.32,79.16
78.08,78.08,19.11,29.74,79.81
78.46,78.46,18.23,27.35,78.44
78.45,78.45,18.93,32.89,77.50
74.24,74.24,30.24,36.33,78.52
73.25,73.25,24.33,40.45,79.30
70.03,70.03,13.91,45.06,77.77
68.95,68.95,25.40,37.58,78.24
67.87,67.87,26.99,25.33,77.08
72.19,72.19,41.76,29.00,77.90
71.27,71.27,43.88,30.38,77.94
72.70,72.70,39.56,34.66,75.11
71.95,71.95,34.39,38.41,73.44
67.13,67.13,26.05,47.19,73.85
64.72,64.72,10.01,44.28,73.24
65.09,65.09,8.88,37.23,80.02
63.73,63.73,13.38,35.95,76.62
62.85,62.85,17.43,35.17,76.66
64.62,64.62,21.14,40.26,77.24
65.84,65.84,25.13,42.61,77.01
68.43,68.43,25.91,36.19,78.71
68.25,68.25,18.79,38.77,79.12
68.38,68.38,20.60,47.33,80.61
67.64,67.64,25.84,37.42,78.88
67.89,67.89,23.40,38.49,80.77
67.44,67.44,24.16,40.36,80.12
68.06,68.06,20.41,37.33,80.39
68.22,68.22,18.38,36.87,83.77
64.77,64.77,17.07,25.42,77.66
66.06,66.06,19.87,44.28,81.83
61.93,61.93,22.07,34.16,81.57
60.40,60.40,22.09,32.96,78.68
58.46,58.46,19.79,39.84,79.77
67.82,67.82,19.44,40.79,79.64
71.84,71.84,16.96,42.79,80.53
83.75,83.75,22.45,43.48,78.75
83.23,83.23,25.78,39.63,74.83
81.93,81.93,22.61,39.05,75.79
82.05,82.05,25.93,36.39,77.17
73.04,73.04,22.41,45.36,76.37
65.62,65.62,24.15,44.84,76.54
58.93,58.93,20.21,35.82,77.18
65.36,65.36,22.82,30.40,77.70
68.28,68.28,31.87,36.27,76.59
72.31,72.31,43.32,27.14,77.18
74.45,74.45,36.91,30.99,77.39
80.87,80.87,15.75,38.96,78.01
84.10,84.10,11.76,37.97,75.73
82.41,82.41,15.99,34.66,81.21
82.43,82.43,16.03,40.71,81.64
82.01,82.01,19.92,41.50,82.04
81.00,81.00,24.74,38.38,79.46
80.89,80.89,23.25,37.09,80.50
78.90,78.90,23.94,38.81,79.60
79.54,79.54,24.83,32.73,82.56
79.88,79.88,24.47,20.41,80.65
80.86,80.86,25.94,29.16,79.68
81.37,81.37,25.25,26.83,77.18
80.82,80.82,26.95,29.63,77.82
82.27,82.27,24.76,34.02,77.88
80.09,80.09,20.62,32.04,78.26
80.21,80.21,20.16,34.52,79.13
80.16,80.16,22.24,40.40,78.72
79.37,79.37,25.67,37.62,78.91
76.34,76.34,22.38,29.61,80.14
79.82,79.82,22.68,32.98,80.17
82.00,82.00,21.70,31.71,77.29
82.68,82.68,21.14,37.06,76.69
78.68,78.68,23.89,39.24,77.43
82.03,82.03,30.95,42.55,77.42
81.21,81.21,29.98,37.91,74.84
84.34,84.34,26.14,40.29,75.90
84.40,84.40,22.25,38.20,75.13
85.72,85.72,40.21,37.50,74.18
84.73,84.73,46.92,33.21,76.29
85.32,85.32,41.08,36.30,75.68
83.96,83.96,43.77,39.67,75.87
80.53,80.53,38.88,35.17,75.47
76.00,76.00,21.69,38.34,76.33
82.95,82.95,27.98,39.83,76.86
84.27,84.27,26.75,42.43,78.39
82.05,82.05,21.16,43.91,79.64
80.58,80.58,24.80,41.36,81.06
80.27,80.27,21.21,33.25,78.27
79.56,79.56,16.09,27.94,79.60
78.81,78.81,14.10,18.94,77.43
81.09,81.09,20.34,25.09,79.21
80.05,80.05,20.81,25.58,77.48
81.89,81.89,21.80,23.87,77.44
78.60,78.60,24.71,25.28,78.76
79.54,79.54,23.36,22.54,79.22
82.67,82.67,21.81,28.85,77.13
81.38,81.38,22.30,30.67,78.21
84.60,84.60,23.35,28.70,79.34
83.78,83.78,21.43,38.43,77.24
82.20,82.20,20.62,40.74,78.30
81.47,81.47,20.97,31.27,78.18
81.56,81.56,28.12,34.85,76.84
79.25,79.25,31.65,37.92,78.45
82.83,82.83,34.67,46.50,80.87
82.69,82.69,25.92,40.16,78.67
82.94,82.94,23.87,38.86,76.62
80.09,80.09,20.26,39.94,77.55
83.26,83.26,18.28,36.67,75.69
83.17,83.17,14.29,42.24,75.49
81.95,81.95,23.04,42.69,74.87
82.08,82.08,38.86,39.21,72.31
83.07,83.07,52.98,37.99,74.02
79.50,79.50,49.20,36.13,73.03
78.76,78.76,50.54,30.89,75.31
79.80,79.80,50.84,33.42,76.85
78.45,78.45,32.11,36.87,79.04
83.46,83.46,23.69,41.21,81.49
83.33,83.33,22.10,48.20,81.11
82.89,82.89,20.46,40.12,79.57
81.85,81.85,20.00,40.24,81.03
81.80,81.80,20.48,36.76,79.42
79.42,79.42,21.06,41.12,77.90
80.92,80.92,20.36,42.30,79.58
82.82,82.82,19.42,39.24,78.87
83.73,83.73,19.15,33.12,79.11
81.20,81.20,21.93,31.45,76.69
82.84,82.84,23.08,36.19,82.02
83.22,83.22,24.47,25.96,80.12
84.50,84.50,24.12,34.84,80.42
83.11,83.11,25.46,34.78,80.55
83.81,83.81,24.25,40.48,77.71
86.59,86.59,23.74,31.93,82.41
84.76,84.76,20.50,38.69,78.74
81.64,81.64,19.24,42.92,79.56
84.12,84.12,18.29,41.50,79.36
84.46,84.46,24.79,37.80,79.31
83.35,83.35,23.03,37.26,81.01
81.88,81.88,22.27,39.38,78.90
79.94,79.94,20.64,31.49,81.47
79.62,79.62,24.69,34.30,79.88
83.55,83.55,33.28,36.90,78.89
84.72,84.72,24.29,30.85,80.75
86.93,86.93,13.59,39.00,77.07
86.63,86.63,23.75,33.37,80.63
83.90,83.90,35.75,30.68,78.69
79.22,79.22,43.71,25.50,75.34
79.39,79.39,40.04,34.98,78.97
80.34,80.34,44.28,40.42,75.86
85.53,85.53,35.30,39.89,76.48
84.54,84.54,19.69,51.29,77.51
84.57,84.57,22.30,52.26,79.51
82.02,82.02,28.77,42.03,76.84
82.15,82.15,24.55,40.15,77.87
82.16,82.16,24.93,41.28,79.73
81.64,81.64,25.45,48.94,79.08
83.05,83.05,25.15,44.03,79.30
82.21,82.21,23.10,46.51,76.86
81.41,81.41,23.92,44.71,79.69
81.25,81.25,34.09,46.81,81.05
79.97,79.97,32.17,43.29,80.60
82.79,82.79,28.01,40.56,79.44
81.04,81.04,38.69,44.31,81.48
83.62,83.62,52.81,39.17,79.02
83.23,83.23,59.50,39.65,80.38
82.29,82.29,48.93,44.74,81.96
84.11,84.11,33.14,42.73,78.29
80.75,80.75,37.19,46.99,83.77
82.52,82.52,41.65,47.91,81.01
81.44,81.44,38.09,51.16,82.47
83.18,83.18,29.03,55.77,83.07
82.75,82.75,22.66,62.27,79.99
83.56,83.56,24.24,67.22,79.86
81.47,81.47,23.38,65.73,79.75
83.44,83.44,26.84,60.71,79.69
82.29,82.29,27.22,59.96,82.62
81.94,81.94,27.06,62.48,81.73
83.39,83.39,29.23,62.41,78.99
83.56,83.56,27.21,60.05,78.82
82.81,82.81,17.66,58.14,78.35
83.22,83.22,22.20,50.80,76.00
83.99,83.99,22.35,58.96,74.71
81.97,81.97,19.26,61.09,72.53
84.70,84.70,18.38,49.41,73.27
84.50,84.50,25.79,50.08,75.27
85.40,85.40,25.42,49.61,76.03
85.66,85.66,27.11,48.25,70.51
85.08,85.08,31.90,46.44,72.80
84.83,84.83,35.91,47.55,73.15
82.14,82.14,28.78,48.30,72.25
83.17,83.17,34.00,51.28,76.06
86.01,86.01,36.37,37.14,74.11
84.86,84.86,32.69,46.64,77.46
83.52,83.52,31.24,32.36,75.51
85.95,85.95,34.08,42.79,75.82
84.35,84.35,27.57,40.41,76.45
82.18,82.18,31.58,42.39,73.55
84.69,84.69,25.25,39.59,71.99
83.08,83.08,25.43,43.63,71.59
83.53,83.53,23.95,42.56,73.27
82.08,82.08,26.87,40.22,72.04
81.91,81.91,29.04,36.99,71.26
82.01,82.01,26.82,35.36,70.28
79.94,79.94,28.37,30.34,74.23
82.20,82.20,27.42,30.93,71.93
79.21,79.21,28.71,25.21,71.66
76.89,76.89,25.45,27.31,69.03
78.43,78.43,26.27,29.36,70.16
78.71,78.71,28.92,26.40,70.35
76.04,76.04,26.79,33.32,69.74
73.98,73.98,24.63,29.95,71.63
74.33,74.33,27.61,28.49,68.73
76.10,76.10,32.11,24.27,71.43
80.74,80.74,35.59,27.33,70.95
85.16,85.16,37.03,31.83,71.73
83.26,83.26,42.21,37.95,73.39
85.03,85.03,43.10,37.31,72.26
83.23,83.23,41.34,34.83,71.49
87.45,87.45,41.30,28.87,71.34
83.76,83.76,41.55,26.66,71.12
84.71,84.71,39.94,27.37,71.37
87.02,87.02,39.26,33.28,71.84
86.22,86.22,39.10,29.86,71.46
87.03,87.03,38.33,32.74,69.23
84.42,84.42,36.46,35.64,68.75
86.75,86.75,35.09,37.81,72.04
87.84,87.84,32.93,42.52,73.40
86.46,86.46,31.99,40.09,71.26
86.29,86.29,33.79,41.91,69.69
84.94,84.94,35.02,32.78,71.46
86.25,86.25,35.83,40.47,73.46
86.75,86.75,35.82,45.05,72.19
86.48,86.48,39.89,47.17,73.39
85.23,85.23,47.59,42.55,73.47
84.34,84.34,43.11,40.55,75.86
86.79,86.79,43.63,41.57,73.35
83.54,83.54,48.37,48.11,73.65
84.66,84.66,46.11,43.80,74.31
84.06,84.06,41.22,40.96,72.95
83.76,83.76,35.77,29.76,77.01
84.17,84.17,33.98,34.34,77.65
84.40,84.40,34.49,36.14,80.08
82.68,82.68,41.07,31.62,78.84
83.16,83.16,39.82,35.39,72.96
83.85,83.85,37.07,36.65,75.27
84.30,84.30,36.77,28.85,71.77
89.71,89.71,38.46,18.38,72.21
87.14,87.14,38.82,15.64,72.64
90.67,90.67,39.24,23.49,71.68
85.37,85.37,41.07,28.05,72.79
88.01,88.01,42.54,29.76,69.41
85.75,85.75,39.97,30.34,67.30
86.95,86.95,37.02,24.75,70.89
87.49,87.49,42.34,20.73,70.98
86.59,86.59,34.83,21.41,70.20
87.26,87.26,43.59,33.40,70.49
86.49,86.49,37.36,30.19,67.41
85.88,85.88,42.97,38.48,68.20
87.13,87.13,42.08,26.20,71.09
85.31,85.31,33.31,25.77,68.90
87.97,87.97,34.75,25.64,70.12
86.96,86.96,37.45,28.77,71.58
85.19,85.19,36.37,26.15,69.68
85.30,85.30,36.13,30.49,73.61
84.98,84.98,40.28,29.27,70.21
83.76,83.76,42.16,36.67,70.91
84.52,84.52,34.33,29.92,73.03
84.94,84.94,34.96,31.43,71.77
84.01,84.01,38.68,27.82,73.47
81.81,81.81,41.39,34.62,71.87
83.12,83.12,37.30,29.98,72.59
82.27,82.27,32.27,31.60,72.19
83.86,83.86,32.23,21.08,74.52
83.06,83.06,30.78,18.89,74.12
82.31,82.31,31.52,25.45,73.96
82.38,82.38,26.85,21.29,70.37
83.88,83.88,31.11,16.33,70.43
83.37,83.37,39.55,18.84,71.70
85.87,85.87,43.30,18.30,68.83
87.08,87.08,45.65,17.59,72.09
86.39,86.39,45.00,15.10,70.94
84.83,84.83,41.85,12.15,74.54
88.38,88.38,37.84,24.32,73.15
86.23,86.23,38.56,22.65,74.02
84.09,84.09,37.07,23.10,74.34
85.47,85.47,41.24,26.54,74.49
83.89,83.89,40.90,20.86,70.97
84.98,84.98,48.00,25.52,72.38
83.89,83.89,41.36,22.41,72.76
85.17,85.17,49.05,32.30,75.84
85.56,85.56,45.30,33.58,78.46
87.39,87.39,40.50,31.16,79.58
84.95,84.95,46.37,29.44,80.29
86.27,86.27,42.33,32.08,78.83
86.70,86.70,46.62,30.05,73.41
86.78,86.78,40.01,36.10,71.74
82.21,82.21,39.47,28.53,70.69
85.80,85.80,41.21,29.19,76.55
83.75,83.75,39.07,29.46,76.45
87.30,87.30,37.96,30.85,78.28
86.08,86.08,36.54,33.08,78.68
84.08,84.08,38.29,34.07,77.00
87.05,87.05,39.28,31.94,74.25
85.22,85.22,39.54,30.26,72.90
84.97,84.97,40.90,32.57,70.99
82.16,82.16,40.84,32.48,69.52
78.66,78.66,44.52,22.95,68.32
76.71,76.71,56.23,38.11,68.03
79.55,79.55,67.72,57.17,73.49
77.36,77.36,81.88,61.58,77.39
73.20,73.20,89.36,68.35,81.77
68.00,68.00,88.69,72.50,80.42
70.13,70.13,87.15,74.79,80.85
64.82,64.82,93.32,77.15,78.60
65.36,65.36,91.79,77.10,77.96
63.12,63.12,87.41,80.84,79.73
63.35,63.35,84.07,81.33,79.68
64.28,64.28,91.29,78.88,79.71
64.24,64.24,86.21,79.73,82.38
60.87,60.87,91.86,81.15,79.53
61.91,61.91,90.58,77.68,79.54
63.69,63.69,88.88,77.72,79.89
66.90,66.90,89.18,78.81,82.54
63.87,63.87,82.88,81.49,82.70
62.78,62.78,81.81,76.01,80.69
64.83,64.83,87.03,83.59,82.46
62.35,62.35,79.55,79.37,81.99
63.87,63.87,78.50,80.97,80.58
60.73,60.73,79.95,80.77,77.96
61.12,61.12,65.03,81.38,80.31
61.06,61.06,65.63,80.01,79.77
60.90,60.90,73.81,80.48,80.56
61.05,61.05,69.70,82.90,81.56
57.29,57.29,72.73,80.57,82.22
58.55,58.55,75.73,81.59,78.71
55.32,55.32,72.26,82.82,81.38
56.86,56.86,72.42,80.12,79.89
56.32,56.32,75.01,80.30,80.88
52.94,52.94,70.12,84.57,80.03
52.13,52.13,68.50,83.72,77.83
46.35,46.35,69.69,78.26,76.09
46.97,46.97,78.93,76.99,78.88
48.56,48.56,87.28,70.84,79.05
52.09,52.09,89.27,71.86,78.82
47.79,47.79,89.41,69.87,82.34
45.42,45.42,92.19,76.12,77.98
43.22,43.22,91.26,77.31,75.49
42.25,42.25,84.82,82.33,79.74
45.36,45.36,80.53,79.90,79.79
43.83,43.83,92.62,72.82,80.65
41.83,41.83,88.97,76.71,80.95
41.38,41.38,91.33,72.07,79.22
41.95,41.95,92.00,75.49,78.58
42.47,42.47,88.48,77.11,82.07
42.65,42.65,88.66,78.63,79.64
44.13,44.13,81.95,74.75,81.79
44.56,44.56,88.64,72.77,81.73
43.73,43.73,85.56,80.45,81.51
40.54,40.54,89.29,80.44,79.39
42.14,42.14,82.04,81.97,82.00
43.36,43.36,84.47,79.36,81.38
47.01,47.01,73.35,76.65,80.04
44.76,44.76,75.26,82.54,82.16
50.43,50.43,69.56,82.37,80.26
52.31,52.31,75.61,82.88,81.13
53.18,53.18,69.33,80.71,80.28
53.06,53.06,67.14,81.13,81.94
52.44,52.44,71.04,81.93,81.81
53.93,53.93,70.98,79.82,80.85
57.93,57.93,68.03,78.87,82.23
62.26,62.26,68.45,82.24,84.04
62.99,62.99,69.22,77.63,79.66
62.83,62.83,78.89,79.58,79.61
77.30,77.30,83.39,77.11,79.57
78.83,78.83,88.08,72.60,82.28
78.65,78.65,91.03,71.65,82.29
77.62,77.62,87.44,72.84,83.26
78.99,78.99,90.65,69.57,81.57
75.65,75.65,90.67,70.66,80.83
80.62,80.62,90.09,63.41,82.73
82.05,82.05,81.26,75.36,82.33
73.14,73.14,88.85,74.25,81.54
69.68,69.68,90.22,78.77,81.32
76.01,76.01,87.98,76.45,80.97
82.63,82.63,89.96,78.23,83.09
79.36,79.36,87.73,81.95,82.17
82.44,82.44,84.24,83.21,81.80
80.73,80.73,78.47,80.88,85.93
80.26,80.26,85.45,78.52,84.88
81.50,81.50,81.31,77.81,82.91
82.48,82.48,84.43,79.32,83.71
81.23,81.23,79.78,82.31,82.53
82.84,82.84,72.94,80.55,83.68
78.82,78.82,75.11,83.57,83.77
81.99,81.99,75.91,83.19,83.62
80.99,80.99,78.58,80.06,84.84
84.15,84.15,75.12,80.46,82.75
83.81,83.81,74.04,80.34,81.17
83.64,83.64,65.67,81.53,83.79
83.30,83.30,62.92,77.43,81.96
80.53,80.53,61.66,83.40,81.54
74.89,74.89,62.75,83.09,79.59
71.23,71.23,62.50,84.52,82.07
72.37,72.37,70.10,74.88,79.55
76.54,76.54,70.81,76.21,78.78
78.91,78.91,74.70,76.53,79.97
84.83,84.83,76.92,67.94,82.37
81.80,81.80,87.44,68.58,81.70
85.43,85.43,88.58,75.80,78.86
80.17,80.17,90.94,77.38,80.84
82.93,82.93,91.91,75.52,78.80
81.14,81.14,88.59,73.00,79.40
81.56,81.56,86.26,73.38,80.58
80.91,80.91,85.70,76.21,80.32
81.30,81.30,90.75,69.58,78.73
76.73,76.73,85.25,70.26,80.10
76.95,76.95,89.27,76.52,78.57
75.45,75.45,89.56,74.40,82.96
76.01,76.01,82.84,75.82,81.63
79.83,79.83,88.94,69.04,80.48
84.29,84.29,85.23,79.52,80.24
80.65,80.65,87.59,83.67,79.26
79.94,79.94,89.69,82.84,79.44
79.87,79.87,86.95,83.41,80.02
79.03,79.03,82.90,83.02,81.57
88.71,88.71,80.74,79.53,78.83
88.44,88.44,79.74,76.47,78.53
85.31,85.31,81.10,82.58,79.09
81.33,81.33,82.33,85.39,80.36
81.19,81.19,84.86,82.94,77.56
83.82,83.82,83.48,81.24,76.90
76.69,76.69,86.39,74.03,79.05
75.64,75.64,80.77,81.12,80.28
73.59,73.59,87.57,85.94,77.10
71.34,71.34,76.81,83.29,75.29
72.64,72.64,72.15,82.71,82.08
76.79,76.79,75.70,83.95,81.12
79.26,79.26,80.18,77.28,79.68
77.42,77.42,80.46,74.93,83.65
73.80,73.80,88.25,76.80,81.03
80.97,80.97,89.98,71.21,79.11
79.52,79.52,90.94,78.00,80.43
80.50,80.50,90.68,65.57,79.22
81.63,81.63,87.78,76.83,81.48
83.79,83.79,84.86,69.58,80.30
86.72,86.72,85.04,72.14,78.23
81.98,81.98,86.88,73.59,79.67
83.93,83.93,89.16,76.62,81.35
81.07,81.07,87.78,76.87,78.78
79.44,79.44,88.37,78.51,83.57
80.43,80.43,88.58,79.55,81.92
84.36,84.36,82.35,80.65,83.43
82.98,82.98,84.97,80.31,82.42
79.29,79.29,86.49,77.82,83.08
80.32,80.32,81.73,76.41,83.57
81.96,81.96,79.87,77.18,81.65
83.54,83.54,77.23,75.59,82.69
83.18,83.18,73.53,74.63,81.12
78.55,78.55,72.41,75.98,81.09
83.52,83.52,70.80,76.64,83.37
78.77,78.77,75.08,78.51,82.11
75.52,75.52,75.09,77.47,82.79
76.95,76.95,75.15,78.18,82.59
77.66,77.66,74.92,79.11,79.99
74.41,74.41,74.01,78.17,82.12
73.04,73.04,75.03,78.23,80.28
73.01,73.01,74.58,79.15,82.97
71.12,71.12,76.04,79.45,79.84
72.89,72.89,74.33,79.07,80.59
76.11,76.11,71.87,79.65,78.75
81.92,81.92,71.58,77.70,81.87
83.84,83.84,69.27,75.50,79.70
82.97,82.97,68.88,80.49,77.05
84.63,84.63,68.63,75.15,79.01
85.16,85.16,69.24,72.93,76.85
83.25,83.25,69.93,75.92,75.93
86.07,86.07,71.67,80.89,77.59
84.99,84.99,70.73,77.29,79.08
84.04,84.04,71.66,75.76,75.55
83.61,83.61,70.77,78.85,78.47
83.16,83.16,72.65,80.95,78.94
86.79,86.79,70.46,75.06,80.10
85.46,85.46,69.20,73.34,81.87
84.98,84.98,68.74,75.60,81.20
81.12,81.12,68.22,74.79,83.44
80.69,80.69,67.90,79.04,83.80
83.27,83.27,66.45,77.05,81.95
84.92,84.92,66.22,79.21,81.41
80.80,80.80,65.87,77.66,80.45
82.22,82.22,66.67,69.26,86.02
82.55,82.55,66.75,80.66,81.09
83.66,83.66,68.17,76.93,82.34
80.10,80.10,68.37,78.18,82.76
82.32,82.32,71.28,81.91,79.08
78.03,78.03,72.25,86.77,81.57
79.76,79.76,70.84,79.67,81.43
79.11,79.11,69.43,74.00,81.97
79.43,79.43,69.68,81.40,81.41
78.61,78.61,70.42,82.37,82.12
77.89,77.89,70.69,81.59,81.72
78.75,78.75,69.28,78.84,79.31
79.07,79.07,69.78,80.49,80.44
81.12,81.12,69.84,74.45,82.73
83.00,83.00,71.85,71.60,87.13
85.60,85.60,75.12,70.83,81.43
83.57,83.57,74.92,81.40,80.90
83.49,83.49,76.48,83.84,81.63
83.61,83.61,76.90,82.22,80.11
84.37,84.37,76.13,80.03,80.51
83.93,83.93,76.33,69.91,80.20
84.65,84.65,73.29,76.56,78.31
81.98,81.98,72.36,83.39,79.42
83.33,83.33,72.99,82.07,77.39
82.12,82.12,73.82,77.35,79.58
85.19,85.19,72.99,82.90,79.91
83.13,83.13,71.87,80.95,82.50
81.46,81.46,69.84,76.10,81.51
83.08,83.08,71.61,77.70,82.95
78.89,78.89,71.66,82.41,82.44
74.97,74.97,71.19,82.32,81.16
74.61,74.61,71.92,80.85,79.56
74.63,74.63,72.51,79.01,80.06
77.35,77.35,71.99,77.95,82.04
77.45,77.45,71.09,79.86,81.01
79.93,79.93,71.81,79.07,81.64
86.94,86.94,69.57,77.33,81.92
85.40,85.40,67.84,76.76,80.13
82.52,82.52,67.33,78.23,77.66
82.83,82.83,68.27,77.66,81.62
83.60,83.60,66.64,78.29,79.38
85.61,85.61,66.96,75.89,79.00
83.07,83.07,65.88,80.57,75.73
82.99,82.99,66.67,80.30,76.06
81.94,81.94,65.86,77.42,77.86
83.99,83.99,69.86,78.79,81.73
85.88,85.88,73.35,77.21,83.28
83.73,83.73,71.05,79.12,79.98
87.13,87.13,70.10,77.72,78.64
84.95,84.95,69.86,76.10,77.48
85.35,85.35,67.61,77.80,80.03
88.61,88.61,68.10,77.57,79.32
87.12,87.12,67.10,77.30,80.84
86.78,86.78,66.47,77.28,81.48
87.46,87.46,67.40,77.13,80.92
82.63,82.63,68.30,78.31,81.21
80.39,80.39,67.36,79.29,82.00
86.06,86.06,66.73,80.53,84.20
86.65,86.65,66.95,75.97,84.87
85.15,85.15,64.28,74.68,83.66
87.75,87.75,64.30,77.40,84.08
84.26,84.26,63.37,81.53,83.92
87.56,87.56,61.45,80.42,82.88
83.58,83.58,61.82,79.89,83.54
83.28,83.28,64.48,80.30,84.79
82.31,82.31,65.14,79.49,83.22
85.35,85.35,69.31,76.74,84.58
83.47,83.47,77.56,77.83,83.81
84.15,84.15,83.97,80.63,82.89
85.08,85.08,80.63,77.58,81.85
84.20,84.20,78.21,76.88,80.82
80.04,80.04,87.84,79.86,79.51
81.97,81.97,86.68,77.45,79.42
80.44,80.44,86.30,76.71,77.51
79.07,79.07,81.99,74.73,79.60
76.35,76.35,76.63,64.49,78.74
75.84,75.84,78.48,74.41,74.70
78.85,78.85,78.28,74.11,81.24
77.84,77.84,84.52,69.07,79.96
76.19,76.19,89.76,75.87,79.43
75.48,75.48,91.58,74.58,79.50
74.42,74.42,90.09,79.72,77.43
75.52,75.52,86.49,75.66,77.61
78.24,78.24,87.84,72.39,78.40
78.64,78.64,81.92,76.67,77.55
76.72,76.72,81.52,77.81,81.13
79.85,79.85,84.19,75.06,83.67
80.76,80.76,86.15,72.01,82.09
77.75,77.75,90.65,75.90,82.46
79.87,79.87,86.26,76.50,83.37
77.31,77.31,88.28,77.09,81.73
80.92,80.92,77.26,76.69,80.70
78.06,78.06,84.80,75.55,85.06
77.13,77.13,86.05,77.62,79.84
76.08,76.08,84.01,80.62,79.94
80.32,80.32,75.05,79.11,82.92
78.73,78.73,84.23,79.21,81.95
77.73,77.73,76.70,76.78,82.90
76.18,76.18,78.26,79.29,80.17
78.30,78.30,76.77,79.08,84.15
79.41,79.41,77.12,77.21,83.20
77.16,77.16,68.24,77.95,83.18
78.30,78.30,67.39,79.89,81.50
78.85,78.85,72.82,78.04,82.71
78.80,78.80,63.56,75.22,82.71
78.01,78.01,71.70,78.10,82.81
77.95,77.95,69.27,79.05,81.48
80.02,80.02,63.21,80.53,81.17
77.49,77.49,70.86,81.05,80.95
79.19,79.19,63.28,79.04,82.50
79.63,79.63,70.95,81.03,82.57
78.86,78.86,75.57,79.21,83.41
81.61,81.61,72.97,75.78,82.99
83.08,83.08,72.86,73.61,83.77
82.59,82.59,73.25,75.32,83.76
85.38,85.38,68.95,76.63,83.27
82.66,82.66,73.54,75.81,84.35
81.39,81.39,73.52,74.92,83.15
81.96,81.96,70.93,76.66,82.98
79.65,79.65,71.73,81.56,82.20
82.12,82.12,65.38,82.18,81.57
83.18,83.18,69.19,81.75,81.73
84.59,84.59,65.50,80.95,82.35
86.07,86.07,66.10,74.62,84.05
89.44,89.44,63.43,74.33,82.90
83.50,83.50,65.75,80.22,85.37
79.24,79.24,66.19,80.82,86.01
80.85,80.85,66.19,74.74,84.08
83.47,83.47,63.20,79.55,84.41
81.03,81.03,69.53,81.42,84.22
82.37,82.37,65.13,81.08,83.99
80.01,80.01,71.36,73.79,84.84
82.42,82.42,75.09,76.35,83.70
82.56,82.56,71.95,70.37,83.74
79.31,79.31,67.15,70.15,86.30
82.19,82.19,73.01,75.94,84.63
80.14,80.14,68.61,80.84,83.75
82.44,82.44,68.57,80.29,81.53
79.85,79.85,69.48,81.78,80.68
80.22,80.22,70.09,81.26,79.77
80.18,80.18,73.49,82.75,80.91
78.69,78.69,67.34,80.87,80.39
80.02,80.02,70.63,76.73,84.37
80.93,80.93,69.46,79.00,84.89
81.23,81.23,68.23,76.22,83.49
82.08,82.08,69.38,75.20,82.11
86.39,86.39,69.06,79.91,78.89
87.28,87.28,70.30,81.31,78.43
85.69,85.69,67.50,77.68,78.81
85.75,85.75,69.15,77.72,79.34
83.80,83.80,67.13,81.61,83.01
83.66,83.66,69.06,81.09,81.00
84.34,84.34,66.96,80.89,79.86
85.62,85.62,65.40,80.44,80.55
86.46,86.46,67.67,75.33,83.09
82.54,82.54,70.24,82.77,82.69
84.03,84.03,67.51,80.53,83.36
83.51,83.51,71.82,80.09,80.22
83.35,83.35,73.04,80.72,82.00
86.06,86.06,68.25,80.36,83.80
84.08,84.08,71.25,81.51,80.52
84.60,84.60,71.40,82.11,81.08
84.57,84.57,61.43,82.36,82.38
80.91,80.91,64.09,81.33,83.44
82.71,82.71,64.61,83.12,81.51
81.66,81.66,66.72,80.69,82.68
81.21,81.21,62.09,78.76,80.75
80.83,80.83,63.92,76.97,81.71
77.70,77.70,65.50,78.75,78.74
78.47,78.47,63.59,82.65,81.58
78.26,78.26,64.04,80.68,80.83
79.80,79.80,59.76,80.89,84.01
78.50,78.50,63.20,82.30,80.58
76.77,76.77,67.50,80.81,81.67
83.71,83.71,73.16,74.91,84.67
80.78,80.78,73.59,70.79,84.36
78.95,78.95,73.18,81.55,82.53
80.40,80.40,72.40,74.32,83.01
81.69,81.69,70.54,74.86,82.05
82.97,82.97,70.28,78.07,81.63
81.47,81.47,68.76,76.90,79.96
79.19,79.19,67.49,75.91,83.62
78.89,78.89,65.96,77.40,83.98
81.11,81.11,63.49,81.55,84.56
82.01,82.01,62.90,76.78,83.46
78.82,78.82,63.19,80.45,82.53
76.89,76.89,62.19,84.66,83.86
81.94,81.94,62.83,82.43,86.76
83.26,83.26,60.36,83.12,84.68
80.52,80.52,60.08,79.50,82.38
80.18,80.18,61.34,78.95,82.96
79.15,79.15,60.18,77.02,83.31
81.06,81.06,59.63,80.23,82.56
79.93,79.93,62.42,80.06,80.64
83.00,83.00,65.71,78.51,83.80
84.39,84.39,67.52,82.18,80.02
83.55,83.55,73.87,82.21,83.37
82.46,82.46,69.71,83.00,84.67
82.39,82.39,73.91,84.15,85.70
82.54,82.54,68.52,78.62,82.49
80.04,80.04,65.01,78.37,81.99
73.57,73.57,72.90,85.43,82.28
69.39,69.39,71.69,83.74,80.50
72.99,72.99,69.85,75.90,80.33
75.53,75.53,71.13,76.67,82.77
74.51,74.51,76.05,79.12,81.39
75.15,75.15,75.23,76.60,80.93
79.58,79.58,81.54,70.96,80.97
79.49,79.49,84.63,76.56,78.20
82.18,82.18,87.82,75.99,78.25
80.71,80.71,88.22,65.49,80.45
87.50,87.50,87.24,72.88,78.53
81.70,81.70,82.71,79.67,80.68
79.90,79.90,88.63,80.37,81.62
86.00,86.00,87.02,82.01,79.18
85.95,85.95,86.65,78.99,78.99
79.51,79.51,89.09,73.72,80.47
80.39,80.39,87.53,73.59,82.63
80.31,80.31,90.21,79.34,85.21
83.84,83.84,81.33,80.92,81.86
84.28,84.28,82.14,79.33,83.19
80.06,80.06,83.72,79.54,81.93
80.91,80.91,83.85,79.35,81.85
84.39,84.39,84.66,76.98,80.07
80.31,80.31,76.59,78.39,83.90
82.14,82.14,71.81,83.14,82.03
75.30,75.30,69.66,82.36,81.94
79.47,79.47,66.29,81.40,84.24
79.14,79.14,72.25,84.62,83.13
70.01,70.01,72.84,88.53,83.25
71.43,71.43,77.10,84.80,84.58
74.08,74.08,75.97,84.13,83.59
78.88,78.88,73.78,85.07,82.77
80.09,80.09,70.49,80.20,81.90
76.07,76.07,64.42,82.54,83.17
73.18,73.18,73.25,85.43,81.60
75.00,75.00,72.68,82.41,81.91
73.63,73.63,69.87,84.79,80.21
69.87,69.87,76.00,85.68,84.37
67.84,67.84,71.22,82.18,82.88
73.91,73.91,70.89,83.95,85.46
74.80,74.80,75.20,84.78,83.30
67.17,67.17,74.08,85.53,83.78
67.17,67.17,68.72,82.82,83.03
66.16,66.16,70.01,84.56,84.09
68.84,68.84,70.28,86.85,83.46
66.56,66.56,70.41,82.83,82.87
67.90,67.90,68.04,82.19,83.85
65.05,65.05,67.64,85.36,81.61
68.97,68.97,65.82,85.99,83.63
70.33,70.33,68.74,82.95,84.03
68.36,68.36,67.33,84.32,81.64
68.84,68.84,66.24,85.23,82.91
70.42,70.42,66.95,84.36,82.95
69.63,69.63,67.12,83.74,80.01
61.63,61.63,61.75,83.69,82.29
62.83,62.83,63.83,83.07,81.86
64.85,64.85,63.73,84.74,81.70
69.49,69.49,67.88,84.38,82.83
80.80,80.80,69.75,83.34,80.85
82.90,82.90,66.89,83.99,80.93
72.69,72.69,63.32,88.27,82.68
65.55,65.55,60.46,88.16,83.49
62.15,62.15,57.64,86.87,85.54
61.11,61.11,52.40,88.12,83.49
61.66,61.66,54.10,88.29,83.98
65.56,65.56,55.73,84.34,85.80
65.28,65.28,56.20,85.86,82.67
71.28,71.28,58.42,83.49,82.88
76.35,76.35,66.09,83.69,81.94
81.38,81.38,77.02,83.43,79.98
81.67,81.67,79.42,76.61,82.47
83.89,83.89,82.41,79.48,80.75
87.06,87.06,75.15,84.26,80.34
83.76,83.76,74.73,84.30,79.78
83.56,83.56,74.02,78.20,83.60
87.94,87.94,71.32,82.66,80.60
84.95,84.95,70.65,85.19,84.11
85.41,85.41,70.00,83.47,79.00
85.73,85.73,71.96,84.19,78.85
87.24,87.24,70.11,84.82,81.47
83.79,83.79,70.72,83.80,85.32
83.78,83.78,68.50,84.58,81.81
84.07,84.07,66.84,85.78,79.46
84.66,84.66,66.08,83.47,80.59
86.21,86.21,65.25,79.45,79.66
83.49,83.49,65.81,82.15,79.08
85.46,85.46,67.12,81.65,79.34
81.83,81.83,64.66,82.69,79.06
80.95,80.95,64.28,82.45,82.43
79.31,79.31,65.09,84.23,81.17
80.34,80.34,64.80,82.57,80.42
80.57,80.57,65.93,84.73,81.96
80.92,80.92,63.18,85.41,83.29
81.59,81.59,61.63,83.25,81.63
82.69,82.69,62.61,82.61,80.97
78.51,78.51,59.74,84.69,83.20
79.43,79.43,62.06,83.37,82.65
78.49,78.49,60.18,81.64,82.21
75.08,75.08,59.86,84.71,78.88
75.99,75.99,64.50,86.59,79.96
77.52,77.52,65.14,83.55,79.57
78.24,78.24,66.98,83.21,79.94
78.56,78.56,69.82,83.56,84.14
79.19,79.19,65.45,83.80,80.99
81.11,81.11,65.36,83.56,84.22
82.05,82.05,64.17,78.73,81.57
83.89,83.89,64.69,78.86,83.43
80.27,80.27,65.30,80.09,82.95
82.90,82.90,62.21,79.59,84.97
82.77,82.77,65.48,80.10,82.61
84.43,84.43,64.51,81.06,85.48
81.62,81.62,62.96,81.24,84.03
81.48,81.48,66.78,81.00,82.34
84.88,84.88,65.77,83.21,83.55
82.91,82.91,60.31,75.71,81.46
84.37,84.37,62.11,79.21,84.56
83.44,83.44,62.82,81.36,83.37
82.11,82.11,63.22,80.00,82.74
83.44,83.44,59.38,78.14,81.84
80.67,80.67,61.50,78.17,81.24
80.93,80.93,64.55,78.25,83.49
79.93,79.93,68.40,77.08,81.90
81.79,81.79,70.81,78.26,81.92
84.87,84.87,78.70,72.91,84.56
82.88,82.88,83.43,66.80,82.60
82.79,82.79,85.49,76.29,84.39
82.64,82.64,78.67,81.50,83.90
81.01,81.01,86.88,82.65,80.90
78.28,78.28,87.54,83.71,81.72
77.63,77.63,85.26,84.29,81.56
77.81,77.81,84.40,82.06,79.20
76.08,76.08,80.41,81.10,75.29
76.87,76.87,81.64,80.86,77.89
79.36,79.36,72.91,79.52,77.96
80.12,80.12,81.13,72.15,84.12
77.42,77.42,89.19,80.25,82.35
81.11,81.11,88.17,74.83,82.05
84.25,84.25,88.67,70.35,82.16
83.71,83.71,88.48,65.80,79.94
83.69,83.69,91.25,62.63,80.53
83.81,83.81,83.22,70.25,81.70
84.84,84.84,85.09,79.02,82.88
85.69,85.69,86.48,82.32,82.71
83.89,83.89,84.61,81.60,83.98
82.48,82.48,88.16,79.74,80.65
80.65,80.65,86.70,80.58,79.37
84.68,84.68,82.90,81.71,82.47
82.83,82.83,78.73,81.15,80.34
84.19,84.19,85.12,80.27,80.44
84.83,84.83,81.81,79.23,81.34
84.27,84.27,87.84,81.20,81.64
84.86,84.86,81.71,81.60,81.14
84.28,84.28,79.56,80.70,81.90
85.94,85.94,73.05,81.75,82.83
85.75,85.75,77.09,84.00,80.17
84.29,84.29,73.08,84.81,82.01
81.60,81.60,77.70,83.75,82.79
85.39,85.39,72.88,84.44,82.04
82.00,82.00,68.52,84.44,80.45
83.63,83.63,70.88,82.79,81.92
85.59,85.59,67.89,80.68,80.99
83.25,83.25,69.13,80.31,80.27
84.29,84.29,65.86,82.20,78.60
86.07,86.07,67.77,83.00,77.53
85.18,85.18,74.71,82.63,78.53
84.32,84.32,68.29,83.15,77.95
86.57,86.57,70.08,83.02,80.07
84.30,84.30,69.66,82.21,83.17
84.45,84.45,71.60,81.88,82.35
86.82,86.82,67.58,82.35,81.20
83.77,83.77,69.46,81.82,80.43
88.89,88.89,68.41,80.90,79.38
88.11,88.11,67.36,79.91,76.20
83.73,83.73,64.96,81.79,79.22
82.60,82.60,64.86,82.72,79.08
83.11,83.11,64.87,82.28,78.59
82.14,82.14,65.13,83.31,80.51
84.42,84.42,73.58,82.47,81.81
85.10,85.10,67.03,81.28,80.90
86.75,86.75,66.99,80.59,84.76
84.44,84.44,71.74,82.10,83.40
79.09,79.09,66.95,81.74,85.82
80.70,80.70,70.44,81.54,85.90
80.78,80.78,72.73,80.46,85.73
83.81,83.81,65.38,80.47,83.55
82.35,82.35,68.28,81.95,83.52
82.40,82.40,65.00,81.64,84.44
83.19,83.19,72.28,83.13,84.76
80.15,80.15,77.41,85.20,84.21
82.48,82.48,76.50,85.10,83.10
82.09,82.09,76.57,81.20,81.80
79.43,79.43,78.46,82.90,82.99
77.85,77.85,74.98,82.98,82.16
78.35,78.35,73.29,81.94,83.17
81.41,81.41,69.42,77.64,84.78
78.66,78.66,70.70,79.97,84.16
76.24,76.24,72.40,81.95,81.95
76.76,76.76,74.12,79.96,82.93
74.55,74.55,82.75,79.44,87.77
73.12,73.12,80.63,74.90,84.37
73.20,73.20,77.23,79.48,82.96
71.14,71.14,77.86,77.68,83.07
71.13,71.13,76.88,70.09,82.99
70.89,70.89,75.19,72.66,82.69
66.93,66.93,76.53,69.67,84.01
69.04,69.04,74.60,71.87,82.08
67.32,67.32,71.93,73.03,80.29
65.76,65.76,74.43,71.77,79.71
67.00,67.00,72.12,70.57,84.01
65.72,65.72,71.11,75.47,86.70
60.82,60.82,69.72,73.72,85.62
61.40,61.40,70.47,69.49,82.38
65.06,65.06,66.83,75.59,83.35
66.44,66.44,68.69,77.81,83.85
64.75,64.75,69.36,73.88,81.58
63.08,63.08,68.63,74.25,83.56
60.38,60.38,68.68,72.44,82.76
59.51,59.51,67.85,76.25,79.26
58.87,58.87,65.05,76.86,81.60
60.65,60.65,66.60,76.94,81.70
57.66,57.66,65.48,76.40,82.50
56.57,56.57,66.28,77.20,82.23
57.16,57.16,64.60,78.59,81.21
55.95,55.95,63.98,78.71,81.32
56.89,56.89,67.52,79.39,82.08
57.21,57.21,62.73,79.64,82.72
53.28,53.28,59.47,83.05,81.48
51.46,51.46,66.14,84.18,79.72
46.22,46.22,58.77,83.61,79.72
45.72,45.72,66.62,82.21,80.85
46.74,46.74,71.99,82.51,83.63
46.59,46.59,75.66,80.62,86.27
45.34,45.34,78.17,75.97,86.23
46.43,46.43,80.11,80.54,86.08
49.15,49.15,73.72,75.15,84.20
48.68,48.68,72.29,77.01,85.40
46.34,46.34,69.46,81.52,86.33
47.02,47.02,71.15,83.89,86.66
42.92,42.92,67.59,80.09,86.93
43.71,43.71,68.54,79.83,87.13
44.58,44.58,69.10,78.98,87.44
43.31,43.31,75.55,81.54,87.71
42.75,42.75,74.03,82.21,86.73
43.00,43.00,71.60,80.80,87.35
40.62,40.62,68.52,79.09,83.82
38.95,38.95,69.55,77.99,85.71
37.82,37.82,60.24,78.80,86.17
40.70,40.70,72.39,83.85,84.37
43.22,43.22,68.99,79.94,83.49
43.73,43.73,66.02,79.63,85.55
39.10,39.10,68.62,79.58,84.94
41.09,41.09,72.86,77.06,83.81
45.35,45.35,77.09,78.91,83.65
44.92,44.92,79.25,79.73,83.78
43.84,43.84,80.31,80.06,85.04
41.99,41.99,75.91,78.61,84.22
46.39,46.39,79.04,79.40,84.99
52.86,52.86,76.99,77.40,86.98
54.49,54.49,66.49,78.16,89.09
58.24,58.24,60.57,75.09,90.50
60.52,60.52,70.80,78.91,88.88
60.16,60.16,73.96,75.85,86.85
64.41,64.41,82.70,75.68,85.03
67.92,67.92,88.68,81.23,83.93
68.32,68.32,87.87,78.20,83.91
71.37,71.37,87.84,75.65,84.55
75.27,75.27,88.76,77.88,81.49
76.54,76.54,90.48,73.74,79.52
78.43,78.43,82.61,74.15,82.99
78.15,78.15,88.75,71.32,82.15
78.41,78.41,87.07,74.29,83.71
77.32,77.32,87.88,74.70,83.81
75.23,75.23,91.20,75.93,81.81
77.43,77.43,85.20,75.69,84.23
75.55,75.55,87.06,77.97,84.57
76.07,76.07,84.93,77.36,83.21
79.46,79.46,81.05,77.57,84.36
79.90,79.90,86.12,79.27,82.98
79.47,79.47,86.72,77.82,83.94
77.32,77.32,84.09,74.72,84.01
72.81,72.81,85.69,77.90,82.86
76.07,76.07,82.07,81.79,80.88
74.08,74.08,76.37,81.82,83.30
78.35,78.35,71.67,78.01,83.23
77.88,77.88,68.68,74.69,82.56
79.78,79.78,71.03,73.58,82.74
78.64,78.64,73.19,81.26,82.47
79.39,79.39,67.68,80.64,84.85
78.86,78.86,71.29,80.62,82.65
75.14,75.14,66.61,79.86,83.71
75.10,75.10,63.68,80.12,81.33
76.65,76.65,57.59,80.54,81.89
75.90,75.90,64.16,83.09,81.94
74.68,74.68,68.56,83.44,81.81
75.09,75.09,67.67,82.31,81.64
78.53,78.53,67.55,81.31,83.69
81.43,81.43,68.15,79.83,82.08
80.37,80.37,68.51,79.74,80.59
84.26,84.26,69.38,81.87,79.70
79.77,79.77,66.23,81.85,81.11
81.79,81.79,64.52,81.41,82.13
80.14,80.14,66.37,80.48,83.19
75.11,75.11,69.28,80.20,81.80
74.05,74.05,74.31,82.07,83.16
71.88,71.88,66.14,82.67,82.89
74.06,74.06,62.60,79.54,85.64
78.21,78.21,67.64,77.40,84.65
80.05,80.05,64.67,83.62,82.71
82.55,82.55,60.26,81.94,83.95
82.41,82.41,61.12,80.34,85.25
79.03,79.03,57.29,82.24,80.50
78.60,78.60,61.95,83.40,80.58
79.72,79.72,59.66,82.54,82.48
82.81,82.81,55.07,81.75,83.39
83.79,83.79,60.27,82.82,80.75
81.38,81.38,63.02,82.45,80.59
77.34,77.34,69.45,82.61,80.32
77.35,77.35,70.00,83.93,80.91
76.49,76.49,73.00,82.82,80.58
71.67,71.67,67.44,79.40,78.62
70.62,70.62,68.18,79.25,81.28
71.67,71.67,71.33,82.17,81.78
72.45,72.45,72.60,82.31,82.34
71.91,71.91,68.92,81.52,80.47
70.87,70.87,68.92,80.21,80.61
71.07,71.07,69.50,79.10,79.59
79.26,79.26,73.96,80.16,81.07
79.43,79.43,78.26,75.32,81.15
83.15,83.15,81.72,77.07,82.93
82.85,82.85,76.49,80.50,82.26
83.17,83.17,78.15,82.12,83.05
83.18,83.18,76.37,79.45,82.69
82.96,82.96,74.99,77.37,81.62
82.90,82.90,75.16,76.66,81.30
82.23,82.23,76.01,74.67,81.64
82.59,82.59,74.49,83.05,82.20
80.82,80.82,75.33,82.11,80.35
81.42,81.42,72.74,79.46,80.95
83.88,83.88,71.47,77.63,81.06
81.64,81.64,70.17,82.30,81.91
81.68,81.68,68.98,78.97,80.20
81.57,81.57,68.96,79.70,82.48
80.93,80.93,68.46,82.22,82.21
81.38,81.38,66.58,82.95,82.33
80.84,80.84,68.06,84.30,83.06
80.01,80.01,68.75,82.19,82.49
84.75,84.75,68.36,80.26,83.75
82.55,82.55,66.48,83.91,83.37
78.19,78.19,66.85,84.89,83.19
78.14,78.14,68.65,83.56,82.27
76.73,76.73,67.73,82.02,84.20
74.62,74.62,66.50,81.76,81.82
73.30,73.30,65.88,83.06,82.70
69.60,69.60,63.00,84.37,82.75
71.34,71.34,60.20,84.87,80.79
70.69,70.69,58.42,83.24,81.21
68.13,68.13,59.37,82.39,80.66
66.23,66.23,64.08,83.30,80.40
63.11,63.11,71.35,81.00,82.11
61.06,61.06,81.10,80.36,85.18
60.66,60.66,85.98,75.16,84.34
60.72,60.72,77.37,73.47,83.28
64.47,64.47,82.88,75.73,82.43
61.75,61.75,83.87,76.92,81.34
61.83,61.83,80.61,77.00,84.94
61.70,61.70,82.99,75.01,84.03
62.08,62.08,81.58,75.96,83.60
61.13,61.13,80.10,77.66,86.20
59.49,59.49,75.21,73.70,84.89
55.90,55.90,73.89,72.81,82.50
56.01,56.01,79.79,75.09,84.07
55.39,55.39,84.56,77.96,83.32
55.10,55.10,79.33,79.02,85.25
53.99,53.99,83.99,76.98,82.80
55.51,55.51,85.83,75.73,80.71
56.26,56.26,87.23,74.79,83.03
60.46,60.46,82.39,75.27,83.74
68.58,68.58,79.01,76.40,83.88
73.86,73.86,78.87,75.92,84.37
72.71,72.71,82.03,77.73,84.53
74.96,74.96,85.64,80.93,81.80
73.60,73.60,77.91,81.27,81.98
67.63,67.63,77.02,80.86,79.67
59.53,59.53,88.41,81.23,79.98
56.79,56.79,85.26,79.63,80.45
56.72,56.72,80.06,79.62,82.21
58.34,58.34,84.40,79.42,83.35
61.88,61.88,75.28,79.27,82.37
69.83,69.83,79.40,80.48,83.84
73.73,73.73,84.43,79.83,79.22
81.34,81.34,74.67,75.77,76.14
82.33,82.33,83.78,69.40,80.95
74.85,74.85,88.49,78.01,81.02
79.89,79.89,86.64,74.31,79.90
81.60,81.60,89.60,76.15,80.33
82.40,82.40,89.47,70.44,80.19
87.60,87.60,84.85,67.58,81.14
87.71,87.71,85.23,68.07,79.33
80.41,80.41,83.40,71.11,80.65
79.78,79.78,88.95,70.00,83.86
79.70,79.70,88.40,65.61,83.10
80.70,80.70,87.54,70.50,83.57
78.96,78.96,88.70,67.68,82.48
82.67,82.67,82.28,73.33,83.67
83.51,83.51,81.76,75.86,82.18
81.64,81.64,85.06,76.05,83.27
84.13,84.13,84.76,77.10,83.08
81.90,81.90,85.73,77.57,80.51
83.28,83.28,83.85,78.01,80.84
80.59,80.59,80.57,78.64,81.20
80.43,80.43,77.56,79.76,81.98
79.71,79.71,74.84,80.55,81.72
82.37,82.37,71.60,81.39,83.16
78.96,78.96,73.07,80.31,84.47
73.14,73.14,69.59,80.23,83.60
74.84,74.84,71.54,81.82,82.32
74.61,74.61,70.86,78.78,83.96
75.55,75.55,66.70,78.06,83.62
75.16,75.16,66.97,81.50,85.56
73.05,73.05,68.46,80.97,83.03
72.85,72.85,74.91,80.85,82.51
72.87,72.87,68.81,82.64,83.29
76.86,76.86,64.89,79.64,84.09
84.00,84.00,66.93,73.79,86.22
81.72,81.72,69.99,75.43,84.52
78.73,78.73,70.88,80.57,84.06
83.22,83.22,69.70,81.27,81.00
82.33,82.33,70.56,81.08,82.76
79.86,79.86,67.12,82.56,82.14
80.89,80.89,64.11,81.30,83.40
81.59,81.59,67.29,80.63,82.08
79.56,79.56,72.56,82.09,85.18
81.78,81.78,69.29,80.23,84.90
80.88,80.88,72.35,80.70,81.36
79.67,79.67,81.17,82.99,80.25
82.56,82.56,77.36,81.00,82.92
84.03,84.03,69.07,79.55,82.72
83.24,83.24,69.77,79.93,83.26
84.54,84.54,74.61,78.25,79.16
77.44,77.44,71.25,77.44,78.08
74.59,74.59,67.44,76.22,83.10
77.34,77.34,76.21,75.14,80.75
78.21,78.21,70.29,75.00,80.54
83.85,83.85,72.65,77.34,80.69
83.36,83.36,72.94,78.29,81.67
77.66,77.66,82.08,75.86,79.92
80.13,80.13,77.25,78.97,80.58
76.50,76.50,73.87,80.12,79.46
76.19,76.19,78.92,80.73,78.99
76.36,76.36,73.48,78.94,81.17
72.42,72.42,76.89,78.62,79.17
73.88,73.88,74.75,78.87,77.63
73.50,73.50,74.90,79.85,79.31
70.88,70.88,76.37,76.13,77.38
69.81,69.81,74.80,74.05,78.84
70.50,70.50,83.08,73.76,82.36
75.63,75.63,81.94,78.19,82.19
76.60,76.60,79.20,83.30,82.61
82.10,82.10,80.43,83.53,82.72
86.39,86.39,80.68,79.46,80.24
81.50,81.50,82.67,77.08,79.25
82.82,82.82,81.56,80.61,80.96
85.03,85.03,74.47,80.11,82.48
81.73,81.73,74.80,77.89,81.88
82.65,82.65,75.83,77.70,83.71
84.77,84.77,73.42,76.55,82.68
84.18,84.18,80.27,76.17,81.98
84.99,84.99,78.04,76.77,80.67
82.20,82.20,81.32,82.30,83.03
82.60,82.60,76.86,82.37,83.85
85.31,85.31,84.51,82.02,82.23
86.43,86.43,84.06,77.83,82.51
85.55,85.55,79.21,77.23,82.34
85.98,85.98,79.48,78.90,81.76
84.33,84.33,73.72,78.66,81.87
83.96,83.96,75.60,79.88,82.61
84.97,84.97,80.19,82.20,83.20
84.06,84.06,81.06,84.24,83.63
83.14,83.14,77.89,81.60,84.08
86.02,86.02,77.55,75.30,83.69
82.77,82.77,85.13,74.11,81.68
85.28,85.28,81.24,73.78,81.09
87.28,87.28,79.77,74.65,81.38
84.91,84.91,73.94,77.12,83.51
86.44,86.44,77.79,75.05,83.16
86.93,86.93,73.53,74.55,84.13
83.71,83.71,76.14,75.99,83.44
83.04,83.04,75.28,78.57,82.59
83.60,83.60,77.42,76.04,84.61
78.72,78.72,82.14,81.41,84.66
82.08,82.08,75.87,81.96,84.80
79.01,79.01,82.78,78.14,84.22
82.72,82.72,85.82,80.15,82.21
83.15,83.15,82.19,75.45,84.79
82.96,82.96,73.46,78.16,82.78
82.85,82.85,67.65,74.79,84.14
80.83,80.83,74.74,76.59,83.73
82.08,82.08,71.98,75.79,83.42
83.97,83.97,73.88,73.26,84.78
81.85,81.85,64.13,81.15,85.67
78.62,78.62,67.83,71.95,83.85
79.84,79.84,65.75,77.93,84.42
80.39,80.39,71.86,80.59,83.81
82.08,82.08,75.83,81.88,85.23
82.26,82.26,68.65,71.90,85.57
83.30,83.30,64.77,75.01,84.22
83.34,83.34,58.49,79.55,85.34
80.83,80.83,55.75,78.65,85.02
84.27,84.27,52.99,79.50,84.14
81.53,81.53,55.17,85.42,86.03
81.67,81.67,53.66,82.32,83.95
81.80,81.80,51.13,84.26,86.22
79.92,79.92,52.21,82.88,87.71
78.74,78.74,50.15,74.55,85.21
80.83,80.83,49.38,82.24,85.35
83.92,83.92,50.37,80.81,83.15
81.86,81.86,50.73,77.32,82.33
83.35,83.35,55.72,77.05,83.09
80.27,80.27,63.14,81.53,85.13
81.99,81.99,67.25,75.11,83.47
79.94,79.94,61.68,74.12,81.14
79.97,79.97,63.16,80.44,81.81
77.10,77.10,62.64,68.23,82.29
77.62,77.62,63.81,75.47,83.07
73.86,73.86,64.45,81.72,80.79
73.78,73.78,65.29,74.39,78.04
70.96,70.96,64.48,75.33,79.75
69.67,69.67,63.13,71.25,79.49
67.95,67.95,63.69,74.75,79.62
69.61,69.61,64.56,68.38,76.50
66.21,66.21,64.09,76.31,78.54
67.50,67.50,66.68,75.23,80.40
63.99,63.99,64.74,71.98,77.66
63.91,63.91,69.71,69.07,77.11
62.36,62.36,69.06,70.49,76.92
58.43,58.43,66.86,71.69,79.70
58.78,58.78,65.21,67.68,79.11
57.55,57.55,65.12,68.17,75.99
60.81,60.81,66.68,66.97,76.92
60.40,60.40,69.59,72.86,78.19
55.48,55.48,68.12,66.82,73.64
56.80,56.80,68.74,68.90,77.84
56.53,56.53,68.21,66.78,73.54
58.16,58.16,69.07,67.66,76.51
53.11,53.11,68.54,64.62,75.66
54.88,54.88,68.74,63.97,73.29
56.65,56.65,64.02,64.44,74.44
57.02,57.02,68.77,59.37,75.23
53.21,53.21,69.93,57.22,73.21
50.89,50.89,72.05,57.13,73.46
51.54,51.54,68.17,59.47,72.42
49.37,49.37,64.13,58.69,70.80
50.16,50.16,61.38,55.95,69.92
50.78,50.78,65.46,55.79,73.21
53.29,53.29,65.79,52.22,73.59
52.44,52.44,61.49,51.96,72.89
49.67,49.67,62.83,50.69,70.69
51.82,51.82,64.24,52.63,72.45
52.00,52.00,63.74,50.06,71.15
55.39,55.39,61.09,44.85,69.77
53.32,53.32,65.12,44.91,70.35
50.66,50.66,61.14,37.17,68.30
52.28,52.28,60.07,45.04,67.46
51.14,51.14,61.80,44.72,67.31
51.14,51.14,62.44,39.70,66.44
51.99,51.99,61.94,38.53,70.19
50.92,50.92,59.93,42.29,71.50
53.60,53.60,60.02,42.27,67.14
51.08,51.08,58.40,39.71,64.49
54.70,54.70,57.37,36.52,66.49
51.02,51.02,60.37,34.47,66.45
53.76,53.76,63.09,35.96,70.50
52.81,52.81,57.43,34.03,64.28
49.12,49.12,59.62,35.28,65.52
51.52,51.52,56.33,36.69,66.08
48.83,48.83,55.34,30.82,63.89
46.48,46.48,52.75,24.64,61.74
47.72,47.72,61.76,33.45,72.65
48.11,48.11,52.05,34.63,67.72
46.59,46.59,55.29,33.01,67.26
45.50,45.50,51.11,30.48,65.06
45.10,45.10,54.56,28.07,64.54
49.17,49.17,54.85,28.48,67.30
49.63,49.63,55.96,28.84,65.01
47.38,47.38,54.01,34.39,64.33
48.46,48.46,55.07,34.33,64.60
48.61,48.61,53.96,29.93,61.06
45.24,45.24,55.19,29.08,65.41
48.37,48.37,54.13,28.45,65.27
47.83,47.83,54.70,28.33,66.19
47.04,47.04,52.39,31.72,63.52
45.48,45.48,50.91,33.51,66.81
49.48,49.48,51.38,37.13,63.87
47.85,47.85,52.64,34.62,64.56
47.78,47.78,51.13,37.79,62.45
50.44,50.44,53.16,40.89,56.98
47.54,47.54,50.46,43.16,61.40
50.21,50.21,51.62,45.31,59.32
48.10,48.10,53.72,43.00,58.96
50.90,50.90,48.51,41.79,60.32
47.36,47.36,50.43,44.49,60.21
47.59,47.59,51.00,41.81,62.70
47.99,47.99,50.47,44.88,61.96
47.64,47.64,50.85,45.84,59.76
47.75,47.75,49.62,43.53,59.10
44.94,44.94,52.93,46.49,57.94
45.20,45.20,53.47,47.97,59.42
47.05,47.05,51.98,46.74,55.91
45.74,45.74,51.32,47.49,52.38
45.99,45.99,47.46,45.70,52.81
44.07,44.07,48.56,47.77,55.29
43.46,43.46,49.14,46.14,50.81
44.39,44.39,49.75,47.70,57.88
42.65,42.65,47.81,45.93,56.85
42.49,42.49,51.07,46.43,54.49
42.02,42.02,51.57,44.61,56.06
41.21,41.21,51.17,46.39,55.11
40.51,40.51,50.94,44.88,54.25
41.75,41.75,51.32,44.17,55.53
40.02,40.02,50.58,46.75,47.84
37.49,37.49,48.76,45.03,55.76
39.04,39.04,49.37,46.03,53.68
38.49,38.49,42.77,41.67,50.71
38.02,38.02,52.45,39.56,59.17
38.63,38.63,48.30,42.12,57.23
35.88,35.88,49.10,44.84,55.36
35.08,35.08,46.03,40.50,53.87
35.47,35.47,51.89,40.20,55.57
35.98,35.98,47.32,45.84,51.91
33.05,33.05,43.20,42.63,51.90
35.02,35.02,42.12,45.53,51.79
33.74,33.74,41.86,43.74,49.81
32.50,32.50,42.92,43.52,48.10
31.07,31.07,48.45,42.43,48.84
33.45,33.45,49.86,43.67,49.98
33.78,33.78,52.94,42.87,48.69
33.31,33.31,47.36,40.07,45.68
33.57,33.57,52.89,38.05,45.71
30.23,30.23,51.68,35.41,44.35
30.79,30.79,52.58,34.60,46.17
34.80,34.80,50.93,38.87,42.76
29.28,29.28,46.66,39.37,39.03
29.95,29.95,54.04,41.63,41.78
29.52,29.52,46.37,37.74,42.21
28.58,28.58,46.81,35.31,42.26
29.50,29.50,49.92,38.72,43.15
28.38,28.38,43.67,33.09,42.89
28.34,28.34,41.25,31.23,41.27
28.57,28.57,48.82,43.60,40.03
26.39,26.39,44.69,37.19,40.82
27.13,27.13,42.17,37.72,42.21
28.13,28.13,45.42,37.44,38.13
27.18,27.18,42.39,32.42,39.72
26.56,26.56,47.64,33.93,40.77
23.33,23.33,48.79,33.09,40.40
23.21,23.21,43.15,38.00,37.51
24.09,24.09,38.65,35.86,37.53
22.81,22.81,40.07,36.70,38.25
21.28,21.28,43.24,33.65,35.16
22.20,22.20,37.53,32.68,35.57
22.96,22.96,38.33,33.20,36.93
22.26,22.26,43.56,33.29,39.32
22.79,22.79,41.75,33.38,39.04
23.10,23.10,46.45,36.29,38.46
23.76,23.76,42.87,37.41,39.98
22.09,22.09,41.77,35.11,39.26
22.39,22.39,47.71,40.06,38.28
21.80,21.80,44.35,38.38,37.44
20.05,20.05,42.16,35.01,36.31
20.61,20.61,41.52,34.59,34.96
20.88,20.88,39.37,30.78,35.44
19.47,19.47,42.20,33.48,36.91
21.02,21.02,40.53,37.17,35.48
18.29,18.29,45.56,35.79,36.64
17.86,17.86,44.91,31.99,37.97
17.02,17.02,44.78,27.04,36.49
17.14,17.14,42.88,34.60,38.17
18.93,18.93,40.92,30.14,35.49
18.99,18.99,44.28,34.96,35.63
21.44,21.44,40.60,28.89,32.86
17.74,17.74,36.65,29.67,33.25
17.11,17.11,40.07,32.44,33.70
15.58,15.58,41.68,31.64,33.91
16.95,16.95,39.54,32.03,31.66
14.03,14.03,46.99,38.90,36.18
13.31,13.31,42.74,35.13,31.47
16.82,16.82,39.61,32.76,31.37
13.64,13.64,38.48,32.19,32.04
15.52,15.52,42.80,31.75,35.97
16.88,16.88,36.72,31.51,34.07
14.46,14.46,44.48,35.15,31.74
13.23,13.23,35.73,28.34,31.44
11.07,11.07,33.54,26.50,27.68
11.75,11.75,36.27,27.86,29.29
11.70,11.70,35.29,26.83,29.37
13.99,13.99,34.54,28.66,30.36
12.51,12.51,35.18,26.97,31.26
11.55,11.55,38.76,32.66,34.05
12.10,12.10,36.47,29.75,30.88
12.08,12.08,35.56,27.97,32.41
10.22,10.22,39.87,28.31,30.95
11.23,11.23,40.69,33.79,29.59
13.11,13.11,40.16,30.05,31.35
10.46,10.46,33.88,26.68,24.80
10.82,10.82,33.44,26.25,26.47
12.84,12.84,34.46,27.77,26.67
10.66,10.66,31.36,27.28,25.28
8.53,8.53,33.73,29.54,26.91
9.11,9.11,39.19,29.69,27.47
8.67,8.67,39.65,29.31,30.40
6.91,6.91,34.75,27.72,29.62
8.26,8.26,32.23,24.30,26.30
7.13,7.13,35.64,23.61,32.51
9.61,9.61,35.30,27.69,26.23
5.78,5.78,36.75,27.20,27.36
5.82,5.82,33.19,23.54,28.73
5.02,5.02,30.92,24.89,21.79
7.03,7.03,28.50,22.09,27.80
7.55,7.55,30.20,22.46,24.38
4.31,4.31,28.09,22.92,22.10
4.43,4.43,33.54,26.06,24.57
6.20,6.20,30.92,22.64,20.55
5.22,5.22,27.56,22.58,27.14
4.18,4.18,33.31,25.35,28.99
3.37,3.37,35.15,27.68,22.87
3.25,3.25,30.99,21.48,29.03
3.46,3.46,34.32,27.06,22.04
4.32,4.32,26.74,18.12,27.39
4.83,4.83,27.68,19.11,21.42
5.19,5.19,31.16,23.60,23.14
4.10,4.10,28.82,20.26,23.09
2.68,2.68,32.64,24.80,23.04
2.27,2.27,32.76,25.03,23.33
2.41,2.41,26.93,21.04,26.92
2.60,2.60,33.79,24.74,20.04
2.46,2.46,26.69,18.86,24.68
2.43,2.43,30.93,19.79,21.32
2.29,2.29,25.51,19.68,17.61
2.10,2.10,32.21,24.84,28.00
1.80,1.80,24.78,13.63,15.84
1.99,1.99,29.37,21.37,27.48
1.84,1.84,30.19,19.56,19.11
1.84,1.84,17.50,17.59,24.77
2.12,2.12,28.75,20.91,24.31
2.15,2.15,27.02,19.97,23.35
2.15,2.15,28.82,21.18,18.71
2.08,2.08,24.15,19.35,26.44
2.01,2.01,27.64,14.67,17.57
2.03,2.03,26.77,21.41,24.31
1.75,1.75,24.51,16.88,23.02
1.68,1.68,27.13,20.49,20.53
1.69,1.69,26.15,17.84,26.23
1.69,1.69,21.66,15.18,22.12
1.68,1.68,24.36,17.58,25.40
1.68,1.68,19.46,16.13,23.65
1.68,1.68,17.37,14.48,24.41
1.69,1.69,22.06,16.68,24.47
1.68,1.68,19.31,13.29,24.04
1.68,1.68,18.87,15.61,22.84
1.68,1.68,23.97,18.45,26.08
1.68,1.68,22.62,12.92,21.47
1.68,1.68,24.65,18.84,26.63
1.68,1.68,20.22,15.81,21.76
1.68,1.68,17.53,15.23,23.36
1.68,1.68,18.14,15.24,23.87
1.68,1.68,16.74,16.02,23.98
1.68,1.68,16.61,16.94,24.33
1.68,1.68,18.08,17.63,24.47
1.68,1.68,15.21,15.71,23.11
1.68,1.68,19.54,17.90,24.14
1.68,1.68,17.18,17.00,24.01
1.68,1.68,18.09,17.29,23.93
1.68,1.68,19.34,17.73,24.23
1.68,1.68,17.15,17.14,23.81
1.68,1.68,19.31,17.81,24.19
1.68,1.68,18.49,17.61,24.04
1.68,1.68,18.66,17.64,24.07
1.68,1.68,18.72,17.72,24.06
1.68,1.68,18.73,17.80,24.04
1.68,1.68,18.72,17.81,24.02
1.68,1.68,18.64,17.82,24.00
1.68,1.68,18.65,17.92,24.00
1.68,1.68,18.59,17.91,24.00
1.68,1.68,18.63,18.00,24.00
1.68,1.68,18.62,18.08,24.01
1.68,1.68,18.56,18.06,24.00
1.68,1.68,18.56,18.16,24.00
1.68,1.68,18.53,18.18,24.00
1.68,1.68,18.52,18.26,23.98
1.68,1.68,18.46,18.26,23.95
1.68,1.68,18.39,18.30,23.94
1.68,1.68,18.36,18.34,23.95
1.68,1.68,18.35,18.44,23.97
1.68,1.68,18.41,18.54,24.01
1.68,1.68,18.33,18.58,24.01
1.68,1.68,18.19,18.59,23.97
1.68,1.68,18.24,18.68,24.01
1.68,1.68,18.19,18.75,24.01
1.68,1.68,18.16,18.79,23.98
1.68,1.68,17.97,18.79,23.96
1.68,1.68,18.04,18.90,24.02
1.68,1.68,17.99,18.96,23.98
1.68,1.68,17.80,18.92,23.92
1.68,1.68,17.79,19.04,23.99
1.68,1.68,17.85,19.17,24.07
1.68,1.68,17.69,19.17,24.05
1.68,1.68,17.51,19.17,24.03
1.68,1.68,17.52,19.29,24.07
1.68,1.68,17.56,19.41,24.10
1.68,1.68,17.45,19.45,24.08
1.68,1.68,17.24,19.44,24.06
1.68,1.68,17.21,19.53,24.09
1.68,1.68,17.07,19.57,24.10
1.68,1.68,17.05,19.67,24.13
1.68,1.68,16.90,19.74,24.14
1.68,1.68,16.97,19.89,24.21
1.68,1.68,16.88,19.98,24.25
1.68,1.68,16.69,19.99,24.25
1.68,1.68,16.55,20.02,24.24
1.68,1.68,16.41,20.09,24.26
1.68,1.68,16.45,20.22,24.28
1.68,1.68,16.29,20.28,24.31
1.68,1.68,16.17,20.33,24.30
1.68,1.68,15.98,20.34,24.28
1.68,1.68,15.84,20.36,24.27
1.68,1.68,15.60,20.39,24.23
1.68,1.68,15.74,20.52,24.27
1.68,1.68,15.34,20.42,24.16
1.68,1.68,15.25,20.40,24.06
1.68,1.68,15.19,20.43,24.17
1.68,1.68,14.64,20.36,24.87
1.68,1.68,13.88,20.15,25.55
1.68,1.68,13.40,19.94,25.58
1.68,1.68,13.35,19.91,25.43
1.68,1.68,13.26,19.97,25.40
1.68,1.68,13.13,20.02,25.41
1.68,1.68,13.02,20.08,25.41
1.68,1.68,12.90,20.13,25.41
1.68,1.68,12.76,20.17,25.41
1.68,1.68,12.63,20.22,25.41
1.68,1.68,12.54,20.27,25.41
1.68,1.68,12.42,20.31,25.41
1.68,1.68,12.30,20.36,25.40
1.68,1.68,12.21,20.40,25.40
1.68,1.68,12.13,20.44,25.40
1.68,1.68,12.02,20.48,25.39
1.68,1.68,11.93,20.52,25.38
1.68,1.68,11.88,20.56,25.38
1.68,1.68,11.81,20.59,25.37
1.68,1.68,11.74,20.62,25.36
1.68,1.68,11.71,20.66,25.35
1.68,1.68,11.69,20.69,25.34
1.68,1.68,11.66,20.71,25.32
1.68,1.68,11.64,20.73,25.30
1.68,1.68,11.68,20.76,25.29
1.68,1.68,11.71,20.78,25.27
1.68,1.68,11.73,20.79,25.25
1.68,1.68,11.81,20.80,25.23
1.68,1.68,11.91,20.81,25.20
1.68,1.68,12.01,20.81,25.17
1.68,1.68,12.13,20.81,25.14
1.68,1.68,12.30,20.81,25.11
1.68,1.68,12.48,20.80,25.08
1.68,1.68,12.67,20.78,25.03
1.68,1.68,12.91,20.76,24.99
1.68,1.68,13.18,20.73,24.94
1.68,1.68,13.46,20.69,24.88
1.68,1.68,13.77,20.64,24.82
1.68,1.68,14.13,20.59,24.76
1.68,1.68,14.51,20.53,24.68
1.68,1.68,14.89,20.44,24.60
1.68,1.68,15.30,20.35,24.51
1.68,1.68,15.73,20.26,24.43
1.68,1.68,16.15,20.15,24.33
1.68,1.68,16.56,20.02,24.22
1.68,1.68,16.99,19.90,24.12
1.68,1.68,17.40,19.77,24.01
1.68,1.68,17.79,19.64,23.90
1.68,1.68,18.16,19.50,23.78
1.68,1.68,18.53,19.37,23.67
1.68,1.68,18.87,19.23,23.55
1.68,1.68,19.16,19.09,23.44
1.68,1.68,19.46,18.96,23.34
1.68,1.68,19.72,18.82,23.24
1.68,1.68,19.96,18.67,23.14
1.68,1.68,20.19,18.52,23.04
1.68,1.68,20.44,18.38,22.94
1.68,1.68,20.67,18.22,22.84
1.68,1.68,20.89,18.05,22.72
1.68,1.68,21.15,17.89,22.60
1.69,1.69,21.39,17.72,22.47
1.90,1.90,21.62,17.55,22.31
2.18,2.18,21.86,17.36,22.16
2.43,2.43,22.11,17.15,22.03
2.72,2.72,22.33,16.93,21.89
3.28,3.28,22.52,16.70,21.73
4.23,4.23,22.73,16.48,21.51
5.52,5.52,22.94,16.26,21.20
7.00,7.00,23.10,16.10,20.78
8.55,8.55,23.13,16.17,20.34
10.26,10.26,22.85,16.80,19.98
11.55,11.55,22.19,17.58,19.73
9.89,9.89,18.15,15.63,18.63
6.32,6.32,13.65,11.02,3.83
